project_code,scheme_code,term_code,preferred_label_en,preferred_label_sw,status,sort_order,parent_scheme_code,parent_term_code,filter_zone_value,filter_region_value,filter_district_value,filter_ward_value,filter_crop_name_value,filter_technology_value,source_file
tacatdp,region,1,Arusha,Arusha,active,1,,,,,,,,,schemas/reference-data/TACATDP_RefRegions.csv
tacatdp,region,2,Dar es Salaam,Dar es Salaam,active,2,,,,,,,,,schemas/reference-data/TACATDP_RefRegions.csv
tacatdp,region,3,Dodoma,Dodoma,active,3,,,,,,,,,schemas/reference-data/TACATDP_RefRegions.csv
tacatdp,region,4,Geita,Geita,active,4,,,,,,,,,schemas/reference-data/TACATDP_RefRegions.csv
tacatdp,region,5,Iringa,Iringa,active,5,,,,,,,,,schemas/reference-data/TACATDP_RefRegions.csv
tacatdp,region,6,Kagera,Kagera,active,6,,,,,,,,,schemas/reference-data/TACATDP_RefRegions.csv
tacatdp,region,7,Katavi,Katavi,active,7,,,,,,,,,schemas/reference-data/TACATDP_RefRegions.csv
tacatdp,region,8,Kigoma,Kigoma,active,8,,,,,,,,,schemas/reference-data/TACATDP_RefRegions.csv
tacatdp,region,9,Kilimanjaro,Kilimanjaro,active,9,,,,,,,,,schemas/reference-data/TACATDP_RefRegions.csv
tacatdp,region,10,Lindi,Lindi,active,10,,,,,,,,,schemas/reference-data/TACATDP_RefRegions.csv
tacatdp,region,11,Manyara,Manyara,active,11,,,,,,,,,schemas/reference-data/TACATDP_RefRegions.csv
tacatdp,region,12,Mara,Mara,active,12,,,,,,,,,schemas/reference-data/TACATDP_RefRegions.csv
tacatdp,region,13,Mbeya,Mbeya,active,13,,,,,,,,,schemas/reference-data/TACATDP_RefRegions.csv
tacatdp,region,14,Morogoro,Morogoro,active,14,,,,,,,,,schemas/reference-data/TACATDP_RefRegions.csv
tacatdp,region,15,Mtwara,Mtwara,active,15,,,,,,,,,schemas/reference-data/TACATDP_RefRegions.csv
tacatdp,region,16,Mwanza,Mwanza,active,16,,,,,,,,,schemas/reference-data/TACATDP_RefRegions.csv
tacatdp,region,17,Njombe,Njombe,active,17,,,,,,,,,schemas/reference-data/TACATDP_RefRegions.csv
tacatdp,region,18,Pwani,Pwani,active,18,,,,,,,,,schemas/reference-data/TACATDP_RefRegions.csv
tacatdp,region,19,Rukwa,Rukwa,active,19,,,,,,,,,schemas/reference-data/TACATDP_RefRegions.csv
tacatdp,region,20,Ruvuma,Ruvuma,active,20,,,,,,,,,schemas/reference-data/TACATDP_RefRegions.csv
tacatdp,region,21,Shinyanga,Shinyanga,active,21,,,,,,,,,schemas/reference-data/TACATDP_RefRegions.csv
tacatdp,region,22,Simiyu,Simiyu,active,22,,,,,,,,,schemas/reference-data/TACATDP_RefRegions.csv
tacatdp,region,23,Singida,Singida,active,23,,,,,,,,,schemas/reference-data/TACATDP_RefRegions.csv
tacatdp,region,24,Songwe,Songwe,active,24,,,,,,,,,schemas/reference-data/TACATDP_RefRegions.csv
tacatdp,region,25,Tabora,Tabora,active,25,,,,,,,,,schemas/reference-data/TACATDP_RefRegions.csv
tacatdp,region,26,Tanga,Tanga,active,26,,,,,,,,,schemas/reference-data/TACATDP_RefRegions.csv
tacatdp,district,1,Jiji la Arusha,Jiji la Arusha,active,1,region,1,,1,,,,,schemas/reference-data/TACATDP_RefDistricts.csv
tacatdp,district,2,Arusha,Arusha,active,2,region,1,,1,,,,,schemas/reference-data/TACATDP_RefDistricts.csv
tacatdp,district,3,Karatu,Karatu,active,3,region,1,,1,,,,,schemas/reference-data/TACATDP_RefDistricts.csv
tacatdp,district,4,Longido,Longido,active,4,region,1,,1,,,,,schemas/reference-data/TACATDP_RefDistricts.csv
tacatdp,district,5,Meru,Meru,active,5,region,1,,1,,,,,schemas/reference-data/TACATDP_RefDistricts.csv
tacatdp,district,6,Monduli,Monduli,active,6,region,1,,1,,,,,schemas/reference-data/TACATDP_RefDistricts.csv
tacatdp,district,7,Ngorongoro,Ngorongoro,active,7,region,1,,1,,,,,schemas/reference-data/TACATDP_RefDistricts.csv
tacatdp,district,8,Manispaa ya Ilala,Manispaa ya Ilala,active,8,region,2,,2,,,,,schemas/reference-data/TACATDP_RefDistricts.csv
tacatdp,district,9,Manispaa ya Kigamboni,Manispaa ya Kigamboni,active,9,region,2,,2,,,,,schemas/reference-data/TACATDP_RefDistricts.csv
tacatdp,district,10,Manispaa ya Kinondoni,Manispaa ya Kinondoni,active,10,region,2,,2,,,,,schemas/reference-data/TACATDP_RefDistricts.csv
tacatdp,district,11,Manispaa ya Temeke,Manispaa ya Temeke,active,11,region,2,,2,,,,,schemas/reference-data/TACATDP_RefDistricts.csv
tacatdp,district,12,Manispaa ya Ubungo,Manispaa ya Ubungo,active,12,region,2,,2,,,,,schemas/reference-data/TACATDP_RefDistricts.csv
tacatdp,district,13,Jiji la Dodoma,Jiji la Dodoma,active,13,region,3,,3,,,,,schemas/reference-data/TACATDP_RefDistricts.csv
tacatdp,district,14,Mji wa Kondoa,Mji wa Kondoa,active,14,region,3,,3,,,,,schemas/reference-data/TACATDP_RefDistricts.csv
tacatdp,district,15,Bahi,Bahi,active,15,region,3,,3,,,,,schemas/reference-data/TACATDP_RefDistricts.csv
tacatdp,district,16,Chamwino,Chamwino,active,16,region,3,,3,,,,,schemas/reference-data/TACATDP_RefDistricts.csv
tacatdp,district,17,Chemba,Chemba,active,17,region,3,,3,,,,,schemas/reference-data/TACATDP_RefDistricts.csv
tacatdp,district,18,Kongwa,Kongwa,active,18,region,3,,3,,,,,schemas/reference-data/TACATDP_RefDistricts.csv
tacatdp,district,19,Kondoa,Kondoa,active,19,region,3,,3,,,,,schemas/reference-data/TACATDP_RefDistricts.csv
tacatdp,district,20,Mpwapwa,Mpwapwa,active,20,region,3,,3,,,,,schemas/reference-data/TACATDP_RefDistricts.csv
tacatdp,district,21,Mji wa Geita,Mji wa Geita,active,21,region,4,,4,,,,,schemas/reference-data/TACATDP_RefDistricts.csv
tacatdp,district,22,Bukombe,Bukombe,active,22,region,4,,4,,,,,schemas/reference-data/TACATDP_RefDistricts.csv
tacatdp,district,23,Chato,Chato,active,23,region,4,,4,,,,,schemas/reference-data/TACATDP_RefDistricts.csv
tacatdp,district,24,Geita,Geita,active,24,region,4,,4,,,,,schemas/reference-data/TACATDP_RefDistricts.csv
tacatdp,district,25,Mbogwe,Mbogwe,active,25,region,4,,4,,,,,schemas/reference-data/TACATDP_RefDistricts.csv
tacatdp,district,26,Nyang'hwale,Nyang'hwale,active,26,region,4,,4,,,,,schemas/reference-data/TACATDP_RefDistricts.csv
tacatdp,district,27,Manispaa ya Iringa,Manispaa ya Iringa,active,27,region,5,,5,,,,,schemas/reference-data/TACATDP_RefDistricts.csv
tacatdp,district,28,Mji wa Mafinga,Mji wa Mafinga,active,28,region,5,,5,,,,,schemas/reference-data/TACATDP_RefDistricts.csv
tacatdp,district,29,Kilolo,Kilolo,active,29,region,5,,5,,,,,schemas/reference-data/TACATDP_RefDistricts.csv
tacatdp,district,30,Iringa,Iringa,active,30,region,5,,5,,,,,schemas/reference-data/TACATDP_RefDistricts.csv
tacatdp,district,31,Mufindi,Mufindi,active,31,region,5,,5,,,,,schemas/reference-data/TACATDP_RefDistricts.csv
tacatdp,district,32,Manispaa ya Bukoba,Manispaa ya Bukoba,active,32,region,6,,6,,,,,schemas/reference-data/TACATDP_RefDistricts.csv
tacatdp,district,33,Biharamulo,Biharamulo,active,33,region,6,,6,,,,,schemas/reference-data/TACATDP_RefDistricts.csv
tacatdp,district,34,Bukoba,Bukoba,active,34,region,6,,6,,,,,schemas/reference-data/TACATDP_RefDistricts.csv
tacatdp,district,35,Karagwe,Karagwe,active,35,region,6,,6,,,,,schemas/reference-data/TACATDP_RefDistricts.csv
tacatdp,district,36,Kyerwa,Kyerwa,active,36,region,6,,6,,,,,schemas/reference-data/TACATDP_RefDistricts.csv
tacatdp,district,37,Missenyi,Missenyi,active,37,region,6,,6,,,,,schemas/reference-data/TACATDP_RefDistricts.csv
tacatdp,district,38,Muleba,Muleba,active,38,region,6,,6,,,,,schemas/reference-data/TACATDP_RefDistricts.csv
tacatdp,district,39,Ngara,Ngara,active,39,region,6,,6,,,,,schemas/reference-data/TACATDP_RefDistricts.csv
tacatdp,district,40,Manispaa ya Mpanda,Manispaa ya Mpanda,active,40,region,7,,7,,,,,schemas/reference-data/TACATDP_RefDistricts.csv
tacatdp,district,41,Mpanda,Mpanda,active,41,region,7,,7,,,,,schemas/reference-data/TACATDP_RefDistricts.csv
tacatdp,district,42,Nsimbo,Nsimbo,active,42,region,7,,7,,,,,schemas/reference-data/TACATDP_RefDistricts.csv
tacatdp,district,43,Mlele,Mlele,active,43,region,7,,7,,,,,schemas/reference-data/TACATDP_RefDistricts.csv
tacatdp,district,44,Mpimbwe,Mpimbwe,active,44,region,7,,7,,,,,schemas/reference-data/TACATDP_RefDistricts.csv
tacatdp,district,45,Mji wa Kasulu,Mji wa Kasulu,active,45,region,8,,8,,,,,schemas/reference-data/TACATDP_RefDistricts.csv
tacatdp,district,46,Manispaa ya Kigoma,Manispaa ya Kigoma,active,46,region,8,,8,,,,,schemas/reference-data/TACATDP_RefDistricts.csv
tacatdp,district,47,Buhigwe,Buhigwe,active,47,region,8,,8,,,,,schemas/reference-data/TACATDP_RefDistricts.csv
tacatdp,district,48,Kakonko,Kakonko,active,48,region,8,,8,,,,,schemas/reference-data/TACATDP_RefDistricts.csv
tacatdp,district,49,Kasulu,Kasulu,active,49,region,8,,8,,,,,schemas/reference-data/TACATDP_RefDistricts.csv
tacatdp,district,50,Kibondo,Kibondo,active,50,region,8,,8,,,,,schemas/reference-data/TACATDP_RefDistricts.csv
tacatdp,district,51,Kigoma,Kigoma,active,51,region,8,,8,,,,,schemas/reference-data/TACATDP_RefDistricts.csv
tacatdp,district,52,Uvinza,Uvinza,active,52,region,8,,8,,,,,schemas/reference-data/TACATDP_RefDistricts.csv
tacatdp,district,53,Manispaa ya Moshi,Manispaa ya Moshi,active,53,region,9,,9,,,,,schemas/reference-data/TACATDP_RefDistricts.csv
tacatdp,district,54,Hai,Hai,active,54,region,9,,9,,,,,schemas/reference-data/TACATDP_RefDistricts.csv
tacatdp,district,55,Siha,Siha,active,55,region,9,,9,,,,,schemas/reference-data/TACATDP_RefDistricts.csv
tacatdp,district,56,Moshi,Moshi,active,56,region,9,,9,,,,,schemas/reference-data/TACATDP_RefDistricts.csv
tacatdp,district,57,Mwanga,Mwanga,active,57,region,9,,9,,,,,schemas/reference-data/TACATDP_RefDistricts.csv
tacatdp,district,58,Rombo,Rombo,active,58,region,9,,9,,,,,schemas/reference-data/TACATDP_RefDistricts.csv
tacatdp,district,59,Same,Same,active,59,region,9,,9,,,,,schemas/reference-data/TACATDP_RefDistricts.csv
tacatdp,district,60,Manispaa ya Lindi,Manispaa ya Lindi,active,60,region,10,,10,,,,,schemas/reference-data/TACATDP_RefDistricts.csv
tacatdp,district,61,Mtama,Mtama,active,61,region,10,,10,,,,,schemas/reference-data/TACATDP_RefDistricts.csv
tacatdp,district,62,Kilwa,Kilwa,active,62,region,10,,10,,,,,schemas/reference-data/TACATDP_RefDistricts.csv
tacatdp,district,63,Ruangwa,Ruangwa,active,63,region,10,,10,,,,,schemas/reference-data/TACATDP_RefDistricts.csv
tacatdp,district,64,Liwale,Liwale,active,64,region,10,,10,,,,,schemas/reference-data/TACATDP_RefDistricts.csv
tacatdp,district,65,Nachingwea,Nachingwea,active,65,region,10,,10,,,,,schemas/reference-data/TACATDP_RefDistricts.csv
tacatdp,district,66,Mji wa Babati,Mji wa Babati,active,66,region,11,,11,,,,,schemas/reference-data/TACATDP_RefDistricts.csv
tacatdp,district,67,Mji wa Mbulu,Mji wa Mbulu,active,67,region,11,,11,,,,,schemas/reference-data/TACATDP_RefDistricts.csv
tacatdp,district,68,Babati,Babati,active,68,region,11,,11,,,,,schemas/reference-data/TACATDP_RefDistricts.csv
tacatdp,district,69,Kiteto,Kiteto,active,69,region,11,,11,,,,,schemas/reference-data/TACATDP_RefDistricts.csv
tacatdp,district,70,Hanang,Hanang,active,70,region,11,,11,,,,,schemas/reference-data/TACATDP_RefDistricts.csv
tacatdp,district,71,Mbulu,Mbulu,active,71,region,11,,11,,,,,schemas/reference-data/TACATDP_RefDistricts.csv
tacatdp,district,72,Simanjiro,Simanjiro,active,72,region,11,,11,,,,,schemas/reference-data/TACATDP_RefDistricts.csv
tacatdp,district,73,Mji wa  Bunda,Mji wa  Bunda,active,73,region,12,,12,,,,,schemas/reference-data/TACATDP_RefDistricts.csv
tacatdp,district,74,Manispaa ya Musoma,Manispaa ya Musoma,active,74,region,12,,12,,,,,schemas/reference-data/TACATDP_RefDistricts.csv
tacatdp,district,75,Mji wa Tarime,Mji wa Tarime,active,75,region,12,,12,,,,,schemas/reference-data/TACATDP_RefDistricts.csv
tacatdp,district,76,Bunda,Bunda,active,76,region,12,,12,,,,,schemas/reference-data/TACATDP_RefDistricts.csv
tacatdp,district,77,Butiama,Butiama,active,77,region,12,,12,,,,,schemas/reference-data/TACATDP_RefDistricts.csv
tacatdp,district,78,Musoma,Musoma,active,78,region,12,,12,,,,,schemas/reference-data/TACATDP_RefDistricts.csv
tacatdp,district,79,Serengeti,Serengeti,active,79,region,12,,12,,,,,schemas/reference-data/TACATDP_RefDistricts.csv
tacatdp,district,80,Rorya,Rorya,active,80,region,12,,12,,,,,schemas/reference-data/TACATDP_RefDistricts.csv
tacatdp,district,81,Tarime,Tarime,active,81,region,12,,12,,,,,schemas/reference-data/TACATDP_RefDistricts.csv
tacatdp,district,82,Jiji la Mbeya,Jiji la Mbeya,active,82,region,13,,13,,,,,schemas/reference-data/TACATDP_RefDistricts.csv
tacatdp,district,83,Busokelo,Busokelo,active,83,region,13,,13,,,,,schemas/reference-data/TACATDP_RefDistricts.csv
tacatdp,district,84,Chunya,Chunya,active,84,region,13,,13,,,,,schemas/reference-data/TACATDP_RefDistricts.csv
tacatdp,district,85,Kyela,Kyela,active,85,region,13,,13,,,,,schemas/reference-data/TACATDP_RefDistricts.csv
tacatdp,district,86,Mbarali,Mbarali,active,86,region,13,,13,,,,,schemas/reference-data/TACATDP_RefDistricts.csv
tacatdp,district,87,Mbeya,Mbeya,active,87,region,13,,13,,,,,schemas/reference-data/TACATDP_RefDistricts.csv
tacatdp,district,88,Rungwe,Rungwe,active,88,region,13,,13,,,,,schemas/reference-data/TACATDP_RefDistricts.csv
tacatdp,district,89,Manispaa ya Morogoro,Manispaa ya Morogoro,active,89,region,14,,14,,,,,schemas/reference-data/TACATDP_RefDistricts.csv
tacatdp,district,90,Mji wa Ifakara,Mji wa Ifakara,active,90,region,14,,14,,,,,schemas/reference-data/TACATDP_RefDistricts.csv
tacatdp,district,91,Gairo,Gairo,active,91,region,14,,14,,,,,schemas/reference-data/TACATDP_RefDistricts.csv
tacatdp,district,92,Mlimba,Mlimba,active,92,region,14,,14,,,,,schemas/reference-data/TACATDP_RefDistricts.csv
tacatdp,district,93,Kilosa,Kilosa,active,93,region,14,,14,,,,,schemas/reference-data/TACATDP_RefDistricts.csv
tacatdp,district,94,Malinyi,Malinyi,active,94,region,14,,14,,,,,schemas/reference-data/TACATDP_RefDistricts.csv
tacatdp,district,95,Morogoro,Morogoro,active,95,region,14,,14,,,,,schemas/reference-data/TACATDP_RefDistricts.csv
tacatdp,district,96,Mvomero,Mvomero,active,96,region,14,,14,,,,,schemas/reference-data/TACATDP_RefDistricts.csv
tacatdp,district,97,Ulanga,Ulanga,active,97,region,14,,14,,,,,schemas/reference-data/TACATDP_RefDistricts.csv
tacatdp,district,98,Mji wa Masasi,Mji wa Masasi,active,98,region,15,,15,,,,,schemas/reference-data/TACATDP_RefDistricts.csv
tacatdp,district,99,Manispaa ya Mtwara Mikindani,Manispaa ya Mtwara Mikindani,active,99,region,15,,15,,,,,schemas/reference-data/TACATDP_RefDistricts.csv
tacatdp,district,100,Mji wa Nanyamba,Mji wa Nanyamba,active,100,region,15,,15,,,,,schemas/reference-data/TACATDP_RefDistricts.csv
tacatdp,district,101,Mji wa Newala,Mji wa Newala,active,101,region,15,,15,,,,,schemas/reference-data/TACATDP_RefDistricts.csv
tacatdp,district,102,Masasi,Masasi,active,102,region,15,,15,,,,,schemas/reference-data/TACATDP_RefDistricts.csv
tacatdp,district,103,Mtwara,Mtwara,active,103,region,15,,15,,,,,schemas/reference-data/TACATDP_RefDistricts.csv
tacatdp,district,104,Nanyumbu,Nanyumbu,active,104,region,15,,15,,,,,schemas/reference-data/TACATDP_RefDistricts.csv
tacatdp,district,105,Newala,Newala,active,105,region,15,,15,,,,,schemas/reference-data/TACATDP_RefDistricts.csv
tacatdp,district,106,Tandahimba,Tandahimba,active,106,region,15,,15,,,,,schemas/reference-data/TACATDP_RefDistricts.csv
tacatdp,district,107,Manispaa ya Ilemela,Manispaa ya Ilemela,active,107,region,16,,16,,,,,schemas/reference-data/TACATDP_RefDistricts.csv
tacatdp,district,108,Jiji la Mwanza,Jiji la Mwanza,active,108,region,16,,16,,,,,schemas/reference-data/TACATDP_RefDistricts.csv
tacatdp,district,109,Buchosa,Buchosa,active,109,region,16,,16,,,,,schemas/reference-data/TACATDP_RefDistricts.csv
tacatdp,district,110,Kwimba,Kwimba,active,110,region,16,,16,,,,,schemas/reference-data/TACATDP_RefDistricts.csv
tacatdp,district,111,Magu,Magu,active,111,region,16,,16,,,,,schemas/reference-data/TACATDP_RefDistricts.csv
tacatdp,district,112,Misungwi,Misungwi,active,112,region,16,,16,,,,,schemas/reference-data/TACATDP_RefDistricts.csv
tacatdp,district,113,Sengerema,Sengerema,active,113,region,16,,16,,,,,schemas/reference-data/TACATDP_RefDistricts.csv
tacatdp,district,114,Ukerewe,Ukerewe,active,114,region,16,,16,,,,,schemas/reference-data/TACATDP_RefDistricts.csv
tacatdp,district,115,Mji wa Makambako,Mji wa Makambako,active,115,region,17,,17,,,,,schemas/reference-data/TACATDP_RefDistricts.csv
tacatdp,district,116,Mji wa Njombe,Mji wa Njombe,active,116,region,17,,17,,,,,schemas/reference-data/TACATDP_RefDistricts.csv
tacatdp,district,117,Ludewa,Ludewa,active,117,region,17,,17,,,,,schemas/reference-data/TACATDP_RefDistricts.csv
tacatdp,district,118,Njombe,Njombe,active,118,region,17,,17,,,,,schemas/reference-data/TACATDP_RefDistricts.csv
tacatdp,district,119,Makete,Makete,active,119,region,17,,17,,,,,schemas/reference-data/TACATDP_RefDistricts.csv
tacatdp,district,120,Wanging'ombe,Wanging'ombe,active,120,region,17,,17,,,,,schemas/reference-data/TACATDP_RefDistricts.csv
tacatdp,district,121,Mji wa Kibaha,Mji wa Kibaha,active,121,region,18,,18,,,,,schemas/reference-data/TACATDP_RefDistricts.csv
tacatdp,district,122,Bagamoyo,Bagamoyo,active,122,region,18,,18,,,,,schemas/reference-data/TACATDP_RefDistricts.csv
tacatdp,district,123,Chalinze,Chalinze,active,123,region,18,,18,,,,,schemas/reference-data/TACATDP_RefDistricts.csv
tacatdp,district,124,Kibaha,Kibaha,active,124,region,18,,18,,,,,schemas/reference-data/TACATDP_RefDistricts.csv
tacatdp,district,125,Kibiti,Kibiti,active,125,region,18,,18,,,,,schemas/reference-data/TACATDP_RefDistricts.csv
tacatdp,district,126,Kisarawe,Kisarawe,active,126,region,18,,18,,,,,schemas/reference-data/TACATDP_RefDistricts.csv
tacatdp,district,127,Mafia,Mafia,active,127,region,18,,18,,,,,schemas/reference-data/TACATDP_RefDistricts.csv
tacatdp,district,128,Mkuranga,Mkuranga,active,128,region,18,,18,,,,,schemas/reference-data/TACATDP_RefDistricts.csv
tacatdp,district,129,Rufiji,Rufiji,active,129,region,18,,18,,,,,schemas/reference-data/TACATDP_RefDistricts.csv
tacatdp,district,130,Manispaa ya Sumbawanga,Manispaa ya Sumbawanga,active,130,region,19,,19,,,,,schemas/reference-data/TACATDP_RefDistricts.csv
tacatdp,district,131,Kalambo,Kalambo,active,131,region,19,,19,,,,,schemas/reference-data/TACATDP_RefDistricts.csv
tacatdp,district,132,Sumbawanga,Sumbawanga,active,132,region,19,,19,,,,,schemas/reference-data/TACATDP_RefDistricts.csv
tacatdp,district,133,Nkasi,Nkasi,active,133,region,19,,19,,,,,schemas/reference-data/TACATDP_RefDistricts.csv
tacatdp,district,134,Manispaa ya Songea,Manispaa ya Songea,active,134,region,20,,20,,,,,schemas/reference-data/TACATDP_RefDistricts.csv
tacatdp,district,135,Mji wa Mbinga,Mji wa Mbinga,active,135,region,20,,20,,,,,schemas/reference-data/TACATDP_RefDistricts.csv
tacatdp,district,136,Madaba,Madaba,active,136,region,20,,20,,,,,schemas/reference-data/TACATDP_RefDistricts.csv
tacatdp,district,137,Mbinga,Mbinga,active,137,region,20,,20,,,,,schemas/reference-data/TACATDP_RefDistricts.csv
tacatdp,district,138,Namtumbo,Namtumbo,active,138,region,20,,20,,,,,schemas/reference-data/TACATDP_RefDistricts.csv
tacatdp,district,139,Nyasa,Nyasa,active,139,region,20,,20,,,,,schemas/reference-data/TACATDP_RefDistricts.csv
tacatdp,district,140,Songea,Songea,active,140,region,20,,20,,,,,schemas/reference-data/TACATDP_RefDistricts.csv
tacatdp,district,141,Tunduru,Tunduru,active,141,region,20,,20,,,,,schemas/reference-data/TACATDP_RefDistricts.csv
tacatdp,district,142,Manispaa ya Shinyanga,Manispaa ya Shinyanga,active,142,region,21,,21,,,,,schemas/reference-data/TACATDP_RefDistricts.csv
tacatdp,district,143,Mji wa Kahama,Mji wa Kahama,active,143,region,21,,21,,,,,schemas/reference-data/TACATDP_RefDistricts.csv
tacatdp,district,144,Kishapu,Kishapu,active,144,region,21,,21,,,,,schemas/reference-data/TACATDP_RefDistricts.csv
tacatdp,district,145,Msalala,Msalala,active,145,region,21,,21,,,,,schemas/reference-data/TACATDP_RefDistricts.csv
tacatdp,district,146,Shinyanga,Shinyanga,active,146,region,21,,21,,,,,schemas/reference-data/TACATDP_RefDistricts.csv
tacatdp,district,147,Ushetu,Ushetu,active,147,region,21,,21,,,,,schemas/reference-data/TACATDP_RefDistricts.csv
tacatdp,district,148,Mji wa Bariadi,Mji wa Bariadi,active,148,region,22,,22,,,,,schemas/reference-data/TACATDP_RefDistricts.csv
tacatdp,district,149,Bariadi,Bariadi,active,149,region,22,,22,,,,,schemas/reference-data/TACATDP_RefDistricts.csv
tacatdp,district,150,Busega,Busega,active,150,region,22,,22,,,,,schemas/reference-data/TACATDP_RefDistricts.csv
tacatdp,district,151,Itilima,Itilima,active,151,region,22,,22,,,,,schemas/reference-data/TACATDP_RefDistricts.csv
tacatdp,district,152,Maswa,Maswa,active,152,region,22,,22,,,,,schemas/reference-data/TACATDP_RefDistricts.csv
tacatdp,district,153,Meatu,Meatu,active,153,region,22,,22,,,,,schemas/reference-data/TACATDP_RefDistricts.csv
tacatdp,district,154,Manispaa ya Singida,Manispaa ya Singida,active,154,region,23,,23,,,,,schemas/reference-data/TACATDP_RefDistricts.csv
tacatdp,district,155,Ikungi,Ikungi,active,155,region,23,,23,,,,,schemas/reference-data/TACATDP_RefDistricts.csv
tacatdp,district,156,Iramba,Iramba,active,156,region,23,,23,,,,,schemas/reference-data/TACATDP_RefDistricts.csv
tacatdp,district,157,Itigi,Itigi,active,157,region,23,,23,,,,,schemas/reference-data/TACATDP_RefDistricts.csv
tacatdp,district,158,Manyoni,Manyoni,active,158,region,23,,23,,,,,schemas/reference-data/TACATDP_RefDistricts.csv
tacatdp,district,159,Mkalama,Mkalama,active,159,region,23,,23,,,,,schemas/reference-data/TACATDP_RefDistricts.csv
tacatdp,district,160,Singida,Singida,active,160,region,23,,23,,,,,schemas/reference-data/TACATDP_RefDistricts.csv
tacatdp,district,161,Mji wa Tunduma,Mji wa Tunduma,active,161,region,24,,24,,,,,schemas/reference-data/TACATDP_RefDistricts.csv
tacatdp,district,162,Ileje,Ileje,active,162,region,24,,24,,,,,schemas/reference-data/TACATDP_RefDistricts.csv
tacatdp,district,163,Mbozi,Mbozi,active,163,region,24,,24,,,,,schemas/reference-data/TACATDP_RefDistricts.csv
tacatdp,district,164,Momba,Momba,active,164,region,24,,24,,,,,schemas/reference-data/TACATDP_RefDistricts.csv
tacatdp,district,165,Songwe,Songwe,active,165,region,24,,24,,,,,schemas/reference-data/TACATDP_RefDistricts.csv
tacatdp,district,166,Manispaa ya Tabora,Manispaa ya Tabora,active,166,region,25,,25,,,,,schemas/reference-data/TACATDP_RefDistricts.csv
tacatdp,district,167,Mji wa Nzega,Mji wa Nzega,active,167,region,25,,25,,,,,schemas/reference-data/TACATDP_RefDistricts.csv
tacatdp,district,168,Igunga,Igunga,active,168,region,25,,25,,,,,schemas/reference-data/TACATDP_RefDistricts.csv
tacatdp,district,169,Kaliua,Kaliua,active,169,region,25,,25,,,,,schemas/reference-data/TACATDP_RefDistricts.csv
tacatdp,district,170,Nzega,Nzega,active,170,region,25,,25,,,,,schemas/reference-data/TACATDP_RefDistricts.csv
tacatdp,district,171,Sikonge,Sikonge,active,171,region,25,,25,,,,,schemas/reference-data/TACATDP_RefDistricts.csv
tacatdp,district,172,Uyui,Uyui,active,172,region,25,,25,,,,,schemas/reference-data/TACATDP_RefDistricts.csv
tacatdp,district,173,Urambo,Urambo,active,173,region,25,,25,,,,,schemas/reference-data/TACATDP_RefDistricts.csv
tacatdp,district,174,Mji wa Handeni,Mji wa Handeni,active,174,region,26,,26,,,,,schemas/reference-data/TACATDP_RefDistricts.csv
tacatdp,district,175,Mji wa Korogwe,Mji wa Korogwe,active,175,region,26,,26,,,,,schemas/reference-data/TACATDP_RefDistricts.csv
tacatdp,district,176,Jiji la Tanga,Jiji la Tanga,active,176,region,26,,26,,,,,schemas/reference-data/TACATDP_RefDistricts.csv
tacatdp,district,177,Bumbuli,Bumbuli,active,177,region,26,,26,,,,,schemas/reference-data/TACATDP_RefDistricts.csv
tacatdp,district,178,Handeni,Handeni,active,178,region,26,,26,,,,,schemas/reference-data/TACATDP_RefDistricts.csv
tacatdp,district,179,Kilindi,Kilindi,active,179,region,26,,26,,,,,schemas/reference-data/TACATDP_RefDistricts.csv
tacatdp,district,180,Korogwe,Korogwe,active,180,region,26,,26,,,,,schemas/reference-data/TACATDP_RefDistricts.csv
tacatdp,district,181,Lushoto,Lushoto,active,181,region,26,,26,,,,,schemas/reference-data/TACATDP_RefDistricts.csv
tacatdp,district,182,Mkinga,Mkinga,active,182,region,26,,26,,,,,schemas/reference-data/TACATDP_RefDistricts.csv
tacatdp,district,183,Muheza,Muheza,active,183,region,26,,26,,,,,schemas/reference-data/TACATDP_RefDistricts.csv
tacatdp,district,184,Pangani,Pangani,active,184,region,26,,26,,,,,schemas/reference-data/TACATDP_RefDistricts.csv
tacatdp,ward,1,Kimandolu,Kimandolu,active,1,district,1,,1,1,,,,schemas/reference-data/TACATDP_RefWards.csv
tacatdp,ward,2,Baraa,Baraa,active,2,district,1,,1,1,,,,schemas/reference-data/TACATDP_RefWards.csv
tacatdp,ward,3,Oloirien,Oloirien,active,3,district,1,,1,1,,,,schemas/reference-data/TACATDP_RefWards.csv
tacatdp,ward,4,Moshono,Moshono,active,4,district,1,,1,1,,,,schemas/reference-data/TACATDP_RefWards.csv
tacatdp,ward,5,Moivaro,Moivaro,active,5,district,1,,1,1,,,,schemas/reference-data/TACATDP_RefWards.csv
tacatdp,ward,6,Lemara,Lemara,active,6,district,1,,1,1,,,,schemas/reference-data/TACATDP_RefWards.csv
tacatdp,ward,7,Engutoto,Engutoto,active,7,district,1,,1,1,,,,schemas/reference-data/TACATDP_RefWards.csv
tacatdp,ward,8,Sokon I,Sokon I,active,8,district,1,,1,1,,,,schemas/reference-data/TACATDP_RefWards.csv
tacatdp,ward,9,Sinoni,Sinoni,active,9,district,1,,1,1,,,,schemas/reference-data/TACATDP_RefWards.csv
tacatdp,ward,10,Terrat,Terrat,active,10,district,1,,1,1,,,,schemas/reference-data/TACATDP_RefWards.csv
tacatdp,ward,11,Muriet,Muriet,active,11,district,1,,1,1,,,,schemas/reference-data/TACATDP_RefWards.csv
tacatdp,ward,12,Sombetini,Sombetini,active,12,district,1,,1,1,,,,schemas/reference-data/TACATDP_RefWards.csv
tacatdp,ward,13,Osunyai Jr,Osunyai Jr,active,13,district,1,,1,1,,,,schemas/reference-data/TACATDP_RefWards.csv
tacatdp,ward,14,Elerai,Elerai,active,14,district,1,,1,1,,,,schemas/reference-data/TACATDP_RefWards.csv
tacatdp,ward,15,Sakina,Sakina,active,15,district,1,,1,1,,,,schemas/reference-data/TACATDP_RefWards.csv
tacatdp,ward,16,Olasiti,Olasiti,active,16,district,1,,1,1,,,,schemas/reference-data/TACATDP_RefWards.csv
tacatdp,ward,17,Olmoti,Olmoti,active,17,district,1,,1,1,,,,schemas/reference-data/TACATDP_RefWards.csv
tacatdp,ward,18,Kati,Kati,active,18,district,1,,1,1,,,,schemas/reference-data/TACATDP_RefWards.csv
tacatdp,ward,19,Daraja II,Daraja II,active,19,district,1,,1,1,,,,schemas/reference-data/TACATDP_RefWards.csv
tacatdp,ward,20,Themi,Themi,active,20,district,1,,1,1,,,,schemas/reference-data/TACATDP_RefWards.csv
tacatdp,ward,21,Ngarenaro,Ngarenaro,active,21,district,1,,1,1,,,,schemas/reference-data/TACATDP_RefWards.csv
tacatdp,ward,22,Levolosi,Levolosi,active,22,district,1,,1,1,,,,schemas/reference-data/TACATDP_RefWards.csv
tacatdp,ward,23,Kaloleni,Kaloleni,active,23,district,1,,1,1,,,,schemas/reference-data/TACATDP_RefWards.csv
tacatdp,ward,24,Unga Ltd,Unga Ltd,active,24,district,1,,1,1,,,,schemas/reference-data/TACATDP_RefWards.csv
tacatdp,ward,25,Sekei,Sekei,active,25,district,1,,1,1,,,,schemas/reference-data/TACATDP_RefWards.csv
tacatdp,ward,26,Mwandet,Mwandet,active,26,district,2,,1,2,,,,schemas/reference-data/TACATDP_RefWards.csv
tacatdp,ward,27,Lengijave,Lengijave,active,27,district,2,,1,2,,,,schemas/reference-data/TACATDP_RefWards.csv
tacatdp,ward,28,Lemanyata,Lemanyata,active,28,district,2,,1,2,,,,schemas/reference-data/TACATDP_RefWards.csv
tacatdp,ward,29,Oldonyosambu,Oldonyosambu,active,29,district,2,,1,2,,,,schemas/reference-data/TACATDP_RefWards.csv
tacatdp,ward,30,Oldonyowas,Oldonyowas,active,30,district,2,,1,2,,,,schemas/reference-data/TACATDP_RefWards.csv
tacatdp,ward,31,Kisongo,Kisongo,active,31,district,2,,1,2,,,,schemas/reference-data/TACATDP_RefWards.csv
tacatdp,ward,32,Mateves,Mateves,active,32,district,2,,1,2,,,,schemas/reference-data/TACATDP_RefWards.csv
tacatdp,ward,33,Musa,Musa,active,33,district,2,,1,2,,,,schemas/reference-data/TACATDP_RefWards.csv
tacatdp,ward,34,Bangata,Bangata,active,34,district,2,,1,2,,,,schemas/reference-data/TACATDP_RefWards.csv
tacatdp,ward,35,Sokon II,Sokon II,active,35,district,2,,1,2,,,,schemas/reference-data/TACATDP_RefWards.csv
tacatdp,ward,36,Kiutu,Kiutu,active,36,district,2,,1,2,,,,schemas/reference-data/TACATDP_RefWards.csv
tacatdp,ward,37,Mlangarini,Mlangarini,active,37,district,2,,1,2,,,,schemas/reference-data/TACATDP_RefWards.csv
tacatdp,ward,38,Nduruma,Nduruma,active,38,district,2,,1,2,,,,schemas/reference-data/TACATDP_RefWards.csv
tacatdp,ward,39,Bwawani,Bwawani,active,39,district,2,,1,2,,,,schemas/reference-data/TACATDP_RefWards.csv
tacatdp,ward,40,Oljoro,Oljoro,active,40,district,2,,1,2,,,,schemas/reference-data/TACATDP_RefWards.csv
tacatdp,ward,41,Kimnyak,Kimnyak,active,41,district,2,,1,2,,,,schemas/reference-data/TACATDP_RefWards.csv
tacatdp,ward,42,Sambasha,Sambasha,active,42,district,2,,1,2,,,,schemas/reference-data/TACATDP_RefWards.csv
tacatdp,ward,43,Ilkiding'a,Ilkiding'a,active,43,district,2,,1,2,,,,schemas/reference-data/TACATDP_RefWards.csv
tacatdp,ward,44,Olturoto,Olturoto,active,44,district,2,,1,2,,,,schemas/reference-data/TACATDP_RefWards.csv
tacatdp,ward,45,Laroi,Laroi,active,45,district,2,,1,2,,,,schemas/reference-data/TACATDP_RefWards.csv
tacatdp,ward,46,Oloirien,Oloirien,active,46,district,2,,1,2,,,,schemas/reference-data/TACATDP_RefWards.csv
tacatdp,ward,47,Kiranyi,Kiranyi,active,47,district,2,,1,2,,,,schemas/reference-data/TACATDP_RefWards.csv
tacatdp,ward,48,Olturumet,Olturumet,active,48,district,2,,1,2,,,,schemas/reference-data/TACATDP_RefWards.csv
tacatdp,ward,49,Olmotonyi,Olmotonyi,active,49,district,2,,1,2,,,,schemas/reference-data/TACATDP_RefWards.csv
tacatdp,ward,50,Moivo,Moivo,active,50,district,2,,1,2,,,,schemas/reference-data/TACATDP_RefWards.csv
tacatdp,ward,51,Tarakwa,Tarakwa,active,51,district,2,,1,2,,,,schemas/reference-data/TACATDP_RefWards.csv
tacatdp,ward,52,Ilboru,Ilboru,active,52,district,2,,1,2,,,,schemas/reference-data/TACATDP_RefWards.csv
tacatdp,ward,53,Rhotia,Rhotia,active,53,district,3,,1,3,,,,schemas/reference-data/TACATDP_RefWards.csv
tacatdp,ward,54,Mbulumbulu,Mbulumbulu,active,54,district,3,,1,3,,,,schemas/reference-data/TACATDP_RefWards.csv
tacatdp,ward,55,Baray,Baray,active,55,district,3,,1,3,,,,schemas/reference-data/TACATDP_RefWards.csv
tacatdp,ward,56,Mang’ola,Mang’ola,active,56,district,3,,1,3,,,,schemas/reference-data/TACATDP_RefWards.csv
tacatdp,ward,57,Endamaghang,Endamaghang,active,57,district,3,,1,3,,,,schemas/reference-data/TACATDP_RefWards.csv
tacatdp,ward,58,Endabash,Endabash,active,58,district,3,,1,3,,,,schemas/reference-data/TACATDP_RefWards.csv
tacatdp,ward,59,Kansay,Kansay,active,59,district,3,,1,3,,,,schemas/reference-data/TACATDP_RefWards.csv
tacatdp,ward,60,Buger,Buger,active,60,district,3,,1,3,,,,schemas/reference-data/TACATDP_RefWards.csv
tacatdp,ward,61,Endamarariek,Endamarariek,active,61,district,3,,1,3,,,,schemas/reference-data/TACATDP_RefWards.csv
tacatdp,ward,62,Qurus,Qurus,active,62,district,3,,1,3,,,,schemas/reference-data/TACATDP_RefWards.csv
tacatdp,ward,63,Daa,Daa,active,63,district,3,,1,3,,,,schemas/reference-data/TACATDP_RefWards.csv
tacatdp,ward,64,Oldeani,Oldeani,active,64,district,3,,1,3,,,,schemas/reference-data/TACATDP_RefWards.csv
tacatdp,ward,65,Karatu,Karatu,active,65,district,3,,1,3,,,,schemas/reference-data/TACATDP_RefWards.csv
tacatdp,ward,66,Ganako,Ganako,active,66,district,3,,1,3,,,,schemas/reference-data/TACATDP_RefWards.csv
tacatdp,ward,67,Elang’atadapash,Elang’atadapash,active,67,district,4,,1,4,,,,schemas/reference-data/TACATDP_RefWards.csv
tacatdp,ward,68,Noondoto,Noondoto,active,68,district,4,,1,4,,,,schemas/reference-data/TACATDP_RefWards.csv
tacatdp,ward,69,Ketumbeine,Ketumbeine,active,69,district,4,,1,4,,,,schemas/reference-data/TACATDP_RefWards.csv
tacatdp,ward,70,Ilorienito,Ilorienito,active,70,district,4,,1,4,,,,schemas/reference-data/TACATDP_RefWards.csv
tacatdp,ward,71,Gelai Meirugoi,Gelai Meirugoi,active,71,district,4,,1,4,,,,schemas/reference-data/TACATDP_RefWards.csv
tacatdp,ward,72,Gelai Lumbwa,Gelai Lumbwa,active,72,district,4,,1,4,,,,schemas/reference-data/TACATDP_RefWards.csv
tacatdp,ward,73,Engarenaibor,Engarenaibor,active,73,district,4,,1,4,,,,schemas/reference-data/TACATDP_RefWards.csv
tacatdp,ward,74,Mundarara,Mundarara,active,74,district,4,,1,4,,,,schemas/reference-data/TACATDP_RefWards.csv
tacatdp,ward,75,Matale A,Matale A,active,75,district,4,,1,4,,,,schemas/reference-data/TACATDP_RefWards.csv
tacatdp,ward,76,Olmolog,Olmolog,active,76,district,4,,1,4,,,,schemas/reference-data/TACATDP_RefWards.csv
tacatdp,ward,77,Kamwanga,Kamwanga,active,77,district,4,,1,4,,,,schemas/reference-data/TACATDP_RefWards.csv
tacatdp,ward,78,Tingatinga,Tingatinga,active,78,district,4,,1,4,,,,schemas/reference-data/TACATDP_RefWards.csv
tacatdp,ward,79,Sinya,Sinya,active,79,district,4,,1,4,,,,schemas/reference-data/TACATDP_RefWards.csv
tacatdp,ward,80,Engikaret,Engikaret,active,80,district,4,,1,4,,,,schemas/reference-data/TACATDP_RefWards.csv
tacatdp,ward,81,Kimokouwa,Kimokouwa,active,81,district,4,,1,4,,,,schemas/reference-data/TACATDP_RefWards.csv
tacatdp,ward,82,Orbomba,Orbomba,active,82,district,4,,1,4,,,,schemas/reference-data/TACATDP_RefWards.csv
tacatdp,ward,83,Longido,Longido,active,83,district,4,,1,4,,,,schemas/reference-data/TACATDP_RefWards.csv
tacatdp,ward,84,Namanga,Namanga,active,84,district,4,,1,4,,,,schemas/reference-data/TACATDP_RefWards.csv
tacatdp,ward,85,Mbuguni,Mbuguni,active,85,district,5,,1,5,,,,schemas/reference-data/TACATDP_RefWards.csv
tacatdp,ward,86,Shambarai Burka,Shambarai Burka,active,86,district,5,,1,5,,,,schemas/reference-data/TACATDP_RefWards.csv
tacatdp,ward,87,Maroroni,Maroroni,active,87,district,5,,1,5,,,,schemas/reference-data/TACATDP_RefWards.csv
tacatdp,ward,88,Makiba,Makiba,active,88,district,5,,1,5,,,,schemas/reference-data/TACATDP_RefWards.csv
tacatdp,ward,89,Majengo,Majengo,active,89,district,5,,1,5,,,,schemas/reference-data/TACATDP_RefWards.csv
tacatdp,ward,90,Kikwe,Kikwe,active,90,district,5,,1,5,,,,schemas/reference-data/TACATDP_RefWards.csv
tacatdp,ward,91,King'ori,King'ori,active,91,district,5,,1,5,,,,schemas/reference-data/TACATDP_RefWards.csv
tacatdp,ward,92,Malula,Malula,active,92,district,5,,1,5,,,,schemas/reference-data/TACATDP_RefWards.csv
tacatdp,ward,93,Ngarenanyuki,Ngarenanyuki,active,93,district,5,,1,5,,,,schemas/reference-data/TACATDP_RefWards.csv
tacatdp,ward,94,Uwiro,Uwiro,active,94,district,5,,1,5,,,,schemas/reference-data/TACATDP_RefWards.csv
tacatdp,ward,95,Ngabobo,Ngabobo,active,95,district,5,,1,5,,,,schemas/reference-data/TACATDP_RefWards.csv
tacatdp,ward,96,Kikatiti,Kikatiti,active,96,district,5,,1,5,,,,schemas/reference-data/TACATDP_RefWards.csv
tacatdp,ward,97,Leguruki,Leguruki,active,97,district,5,,1,5,,,,schemas/reference-data/TACATDP_RefWards.csv
tacatdp,ward,98,Maruvango,Maruvango,active,98,district,5,,1,5,,,,schemas/reference-data/TACATDP_RefWards.csv
tacatdp,ward,99,Maji ya chai,Maji ya chai,active,99,district,5,,1,5,,,,schemas/reference-data/TACATDP_RefWards.csv
tacatdp,ward,100,Imbaseni,Imbaseni,active,100,district,5,,1,5,,,,schemas/reference-data/TACATDP_RefWards.csv
tacatdp,ward,101,Songoro,Songoro,active,101,district,5,,1,5,,,,schemas/reference-data/TACATDP_RefWards.csv
tacatdp,ward,102,Nkoaranga,Nkoaranga,active,102,district,5,,1,5,,,,schemas/reference-data/TACATDP_RefWards.csv
tacatdp,ward,103,Nkoanekoli,Nkoanekoli,active,103,district,5,,1,5,,,,schemas/reference-data/TACATDP_RefWards.csv
tacatdp,ward,104,Nkoarisambu,Nkoarisambu,active,104,district,5,,1,5,,,,schemas/reference-data/TACATDP_RefWards.csv
tacatdp,ward,105,Seela Sing'isi,Seela Sing'isi,active,105,district,5,,1,5,,,,schemas/reference-data/TACATDP_RefWards.csv
tacatdp,ward,106,Akheri,Akheri,active,106,district,5,,1,5,,,,schemas/reference-data/TACATDP_RefWards.csv
tacatdp,ward,107,Poli,Poli,active,107,district,5,,1,5,,,,schemas/reference-data/TACATDP_RefWards.csv
tacatdp,ward,108,Nkoanrua,Nkoanrua,active,108,district,5,,1,5,,,,schemas/reference-data/TACATDP_RefWards.csv
tacatdp,ward,109,Ambureni,Ambureni,active,109,district,5,,1,5,,,,schemas/reference-data/TACATDP_RefWards.csv
tacatdp,ward,110,Usariver,Usariver,active,110,district,5,,1,5,,,,schemas/reference-data/TACATDP_RefWards.csv
tacatdp,ward,111,Mswakini,Mswakini,active,111,district,6,,1,6,,,,schemas/reference-data/TACATDP_RefWards.csv
tacatdp,ward,112,Makuyuni,Makuyuni,active,112,district,6,,1,6,,,,schemas/reference-data/TACATDP_RefWards.csv
tacatdp,ward,113,Esilalei,Esilalei,active,113,district,6,,1,6,,,,schemas/reference-data/TACATDP_RefWards.csv
tacatdp,ward,114,Mto wa Mbu,Mto wa Mbu,active,114,district,6,,1,6,,,,schemas/reference-data/TACATDP_RefWards.csv
tacatdp,ward,115,Migungani,Migungani,active,115,district,6,,1,6,,,,schemas/reference-data/TACATDP_RefWards.csv
tacatdp,ward,116,Majengo,Majengo,active,116,district,6,,1,6,,,,schemas/reference-data/TACATDP_RefWards.csv
tacatdp,ward,117,Selela,Selela,active,117,district,6,,1,6,,,,schemas/reference-data/TACATDP_RefWards.csv
tacatdp,ward,118,Engaruka,Engaruka,active,118,district,6,,1,6,,,,schemas/reference-data/TACATDP_RefWards.csv
tacatdp,ward,119,Engutoto,Engutoto,active,119,district,6,,1,6,,,,schemas/reference-data/TACATDP_RefWards.csv
tacatdp,ward,120,Monduli juu,Monduli juu,active,120,district,6,,1,6,,,,schemas/reference-data/TACATDP_RefWards.csv
tacatdp,ward,121,Mfereji,Mfereji,active,121,district,6,,1,6,,,,schemas/reference-data/TACATDP_RefWards.csv
tacatdp,ward,122,Sepeko,Sepeko,active,122,district,6,,1,6,,,,schemas/reference-data/TACATDP_RefWards.csv
tacatdp,ward,123,Lashaine,Lashaine,active,123,district,6,,1,6,,,,schemas/reference-data/TACATDP_RefWards.csv
tacatdp,ward,124,Lepurko,Lepurko,active,124,district,6,,1,6,,,,schemas/reference-data/TACATDP_RefWards.csv
tacatdp,ward,125,Meserani,Meserani,active,125,district,6,,1,6,,,,schemas/reference-data/TACATDP_RefWards.csv
tacatdp,ward,126,Naalarami,Naalarami,active,126,district,6,,1,6,,,,schemas/reference-data/TACATDP_RefWards.csv
tacatdp,ward,127,Moita,Moita,active,127,district,6,,1,6,,,,schemas/reference-data/TACATDP_RefWards.csv
tacatdp,ward,128,Lolkisale,Lolkisale,active,128,district,6,,1,6,,,,schemas/reference-data/TACATDP_RefWards.csv
tacatdp,ward,129,Lemooti,Lemooti,active,129,district,6,,1,6,,,,schemas/reference-data/TACATDP_RefWards.csv
tacatdp,ward,130,Monduli Mjini,Monduli Mjini,active,130,district,6,,1,6,,,,schemas/reference-data/TACATDP_RefWards.csv
tacatdp,ward,131,Olbalbal,Olbalbal,active,131,district,7,,1,7,,,,schemas/reference-data/TACATDP_RefWards.csv
tacatdp,ward,132,Ngoile,Ngoile,active,132,district,7,,1,7,,,,schemas/reference-data/TACATDP_RefWards.csv
tacatdp,ward,133,Ngorongoro,Ngorongoro,active,133,district,7,,1,7,,,,schemas/reference-data/TACATDP_RefWards.csv
tacatdp,ward,134,Misigiyo,Misigiyo,active,134,district,7,,1,7,,,,schemas/reference-data/TACATDP_RefWards.csv
tacatdp,ward,135,Alailelai,Alailelai,active,135,district,7,,1,7,,,,schemas/reference-data/TACATDP_RefWards.csv
tacatdp,ward,136,Nainokanoka,Nainokanoka,active,136,district,7,,1,7,,,,schemas/reference-data/TACATDP_RefWards.csv
tacatdp,ward,137,Naiyobi,Naiyobi,active,137,district,7,,1,7,,,,schemas/reference-data/TACATDP_RefWards.csv
tacatdp,ward,138,Enduleni,Enduleni,active,138,district,7,,1,7,,,,schemas/reference-data/TACATDP_RefWards.csv
tacatdp,ward,139,Eyasi,Eyasi,active,139,district,7,,1,7,,,,schemas/reference-data/TACATDP_RefWards.csv
tacatdp,ward,140,Alaitolei,Alaitolei,active,140,district,7,,1,7,,,,schemas/reference-data/TACATDP_RefWards.csv
tacatdp,ward,141,Kakesio,Kakesio,active,141,district,7,,1,7,,,,schemas/reference-data/TACATDP_RefWards.csv
tacatdp,ward,142,Samunge,Samunge,active,142,district,7,,1,7,,,,schemas/reference-data/TACATDP_RefWards.csv
tacatdp,ward,143,Digodigo,Digodigo,active,143,district,7,,1,7,,,,schemas/reference-data/TACATDP_RefWards.csv
tacatdp,ward,144,Kirangi,Kirangi,active,144,district,7,,1,7,,,,schemas/reference-data/TACATDP_RefWards.csv
tacatdp,ward,145,Oldonyosambu,Oldonyosambu,active,145,district,7,,1,7,,,,schemas/reference-data/TACATDP_RefWards.csv
tacatdp,ward,146,Sale,Sale,active,146,district,7,,1,7,,,,schemas/reference-data/TACATDP_RefWards.csv
tacatdp,ward,147,Pinyinyi,Pinyinyi,active,147,district,7,,1,7,,,,schemas/reference-data/TACATDP_RefWards.csv
tacatdp,ward,148,Engaresero,Engaresero,active,148,district,7,,1,7,,,,schemas/reference-data/TACATDP_RefWards.csv
tacatdp,ward,149,Malambo,Malambo,active,149,district,7,,1,7,,,,schemas/reference-data/TACATDP_RefWards.csv
tacatdp,ward,150,Piyaya,Piyaya,active,150,district,7,,1,7,,,,schemas/reference-data/TACATDP_RefWards.csv
tacatdp,ward,151,Enguserosambu,Enguserosambu,active,151,district,7,,1,7,,,,schemas/reference-data/TACATDP_RefWards.csv
tacatdp,ward,152,Olorien/Magaiduru,Olorien/Magaiduru,active,152,district,7,,1,7,,,,schemas/reference-data/TACATDP_RefWards.csv
tacatdp,ward,153,Arash,Arash,active,153,district,7,,1,7,,,,schemas/reference-data/TACATDP_RefWards.csv
tacatdp,ward,154,Maalon,Maalon,active,154,district,7,,1,7,,,,schemas/reference-data/TACATDP_RefWards.csv
tacatdp,ward,155,Soitsambu,Soitsambu,active,155,district,7,,1,7,,,,schemas/reference-data/TACATDP_RefWards.csv
tacatdp,ward,156,Oloipiri,Oloipiri,active,156,district,7,,1,7,,,,schemas/reference-data/TACATDP_RefWards.csv
tacatdp,ward,157,Ololosokwan,Ololosokwan,active,157,district,7,,1,7,,,,schemas/reference-data/TACATDP_RefWards.csv
tacatdp,ward,158,Orgosorok,Orgosorok,active,158,district,7,,1,7,,,,schemas/reference-data/TACATDP_RefWards.csv
tacatdp,ward,159,Kivukoni,Kivukoni,active,159,district,8,,2,8,,,,schemas/reference-data/TACATDP_RefWards.csv
tacatdp,ward,160,Upanga Mashariki,Upanga Mashariki,active,160,district,8,,2,8,,,,schemas/reference-data/TACATDP_RefWards.csv
tacatdp,ward,161,Upanga Magharibi,Upanga Magharibi,active,161,district,8,,2,8,,,,schemas/reference-data/TACATDP_RefWards.csv
tacatdp,ward,162,Jangwani,Jangwani,active,162,district,8,,2,8,,,,schemas/reference-data/TACATDP_RefWards.csv
tacatdp,ward,163,Kariakoo,Kariakoo,active,163,district,8,,2,8,,,,schemas/reference-data/TACATDP_RefWards.csv
tacatdp,ward,164,Kisutu,Kisutu,active,164,district,8,,2,8,,,,schemas/reference-data/TACATDP_RefWards.csv
tacatdp,ward,165,Gerezani,Gerezani,active,165,district,8,,2,8,,,,schemas/reference-data/TACATDP_RefWards.csv
tacatdp,ward,166,Mchafukoge,Mchafukoge,active,166,district,8,,2,8,,,,schemas/reference-data/TACATDP_RefWards.csv
tacatdp,ward,167,Mchikichini,Mchikichini,active,167,district,8,,2,8,,,,schemas/reference-data/TACATDP_RefWards.csv
tacatdp,ward,168,Ilala,Ilala,active,168,district,8,,2,8,,,,schemas/reference-data/TACATDP_RefWards.csv
tacatdp,ward,169,Buguruni,Buguruni,active,169,district,8,,2,8,,,,schemas/reference-data/TACATDP_RefWards.csv
tacatdp,ward,170,Mnyamani,Mnyamani,active,170,district,8,,2,8,,,,schemas/reference-data/TACATDP_RefWards.csv
tacatdp,ward,171,Vingunguti,Vingunguti,active,171,district,8,,2,8,,,,schemas/reference-data/TACATDP_RefWards.csv
tacatdp,ward,172,Kipawa,Kipawa,active,172,district,8,,2,8,,,,schemas/reference-data/TACATDP_RefWards.csv
tacatdp,ward,173,Kiwalani,Kiwalani,active,173,district,8,,2,8,,,,schemas/reference-data/TACATDP_RefWards.csv
tacatdp,ward,174,Minazi Mirefu,Minazi Mirefu,active,174,district,8,,2,8,,,,schemas/reference-data/TACATDP_RefWards.csv
tacatdp,ward,175,Tabata,Tabata,active,175,district,8,,2,8,,,,schemas/reference-data/TACATDP_RefWards.csv
tacatdp,ward,176,Segerea,Segerea,active,176,district,8,,2,8,,,,schemas/reference-data/TACATDP_RefWards.csv
tacatdp,ward,177,Liwiti,Liwiti,active,177,district,8,,2,8,,,,schemas/reference-data/TACATDP_RefWards.csv
tacatdp,ward,178,Kinyerezi,Kinyerezi,active,178,district,8,,2,8,,,,schemas/reference-data/TACATDP_RefWards.csv
tacatdp,ward,179,Bonyokwa,Bonyokwa,active,179,district,8,,2,8,,,,schemas/reference-data/TACATDP_RefWards.csv
tacatdp,ward,180,Kisukuru,Kisukuru,active,180,district,8,,2,8,,,,schemas/reference-data/TACATDP_RefWards.csv
tacatdp,ward,181,Kimanga,Kimanga,active,181,district,8,,2,8,,,,schemas/reference-data/TACATDP_RefWards.csv
tacatdp,ward,182,Chanika,Chanika,active,182,district,8,,2,8,,,,schemas/reference-data/TACATDP_RefWards.csv
tacatdp,ward,183,Zingiziwa,Zingiziwa,active,183,district,8,,2,8,,,,schemas/reference-data/TACATDP_RefWards.csv
tacatdp,ward,184,Majohe,Majohe,active,184,district,8,,2,8,,,,schemas/reference-data/TACATDP_RefWards.csv
tacatdp,ward,185,Buyuni,Buyuni,active,185,district,8,,2,8,,,,schemas/reference-data/TACATDP_RefWards.csv
tacatdp,ward,186,Gongolamboto,Gongolamboto,active,186,district,8,,2,8,,,,schemas/reference-data/TACATDP_RefWards.csv
tacatdp,ward,187,Ukonga,Ukonga,active,187,district,8,,2,8,,,,schemas/reference-data/TACATDP_RefWards.csv
tacatdp,ward,188,Pugu,Pugu,active,188,district,8,,2,8,,,,schemas/reference-data/TACATDP_RefWards.csv
tacatdp,ward,189,Pugu Station,Pugu Station,active,189,district,8,,2,8,,,,schemas/reference-data/TACATDP_RefWards.csv
tacatdp,ward,190,Kitunda,Kitunda,active,190,district,8,,2,8,,,,schemas/reference-data/TACATDP_RefWards.csv
tacatdp,ward,191,Mzinga,Mzinga,active,191,district,8,,2,8,,,,schemas/reference-data/TACATDP_RefWards.csv
tacatdp,ward,192,Msongola,Msongola,active,192,district,8,,2,8,,,,schemas/reference-data/TACATDP_RefWards.csv
tacatdp,ward,193,Kivule,Kivule,active,193,district,8,,2,8,,,,schemas/reference-data/TACATDP_RefWards.csv
tacatdp,ward,194,Kipunguni,Kipunguni,active,194,district,8,,2,8,,,,schemas/reference-data/TACATDP_RefWards.csv
tacatdp,ward,195,Kigamboni,Kigamboni,active,195,district,9,,2,9,,,,schemas/reference-data/TACATDP_RefWards.csv
tacatdp,ward,196,Mjimwema,Mjimwema,active,196,district,9,,2,9,,,,schemas/reference-data/TACATDP_RefWards.csv
tacatdp,ward,197,Kimbiji,Kimbiji,active,197,district,9,,2,9,,,,schemas/reference-data/TACATDP_RefWards.csv
tacatdp,ward,198,Vijibweni,Vijibweni,active,198,district,9,,2,9,,,,schemas/reference-data/TACATDP_RefWards.csv
tacatdp,ward,199,Tungi,Tungi,active,199,district,9,,2,9,,,,schemas/reference-data/TACATDP_RefWards.csv
tacatdp,ward,200,Kibada,Kibada,active,200,district,9,,2,9,,,,schemas/reference-data/TACATDP_RefWards.csv
tacatdp,ward,201,Kisarawe II,Kisarawe II,active,201,district,9,,2,9,,,,schemas/reference-data/TACATDP_RefWards.csv
tacatdp,ward,202,Pembamnazi,Pembamnazi,active,202,district,9,,2,9,,,,schemas/reference-data/TACATDP_RefWards.csv
tacatdp,ward,203,Somangila,Somangila,active,203,district,9,,2,9,,,,schemas/reference-data/TACATDP_RefWards.csv
tacatdp,ward,204,Kinondoni,Kinondoni,active,204,district,10,,2,10,,,,schemas/reference-data/TACATDP_RefWards.csv
tacatdp,ward,205,Makumbusho,Makumbusho,active,205,district,10,,2,10,,,,schemas/reference-data/TACATDP_RefWards.csv
tacatdp,ward,206,Hananasif,Hananasif,active,206,district,10,,2,10,,,,schemas/reference-data/TACATDP_RefWards.csv
tacatdp,ward,207,Kijitonyama,Kijitonyama,active,207,district,10,,2,10,,,,schemas/reference-data/TACATDP_RefWards.csv
tacatdp,ward,208,Mwananyamala,Mwananyamala,active,208,district,10,,2,10,,,,schemas/reference-data/TACATDP_RefWards.csv
tacatdp,ward,209,Tandale,Tandale,active,209,district,10,,2,10,,,,schemas/reference-data/TACATDP_RefWards.csv
tacatdp,ward,210,Magomeni,Magomeni,active,210,district,10,,2,10,,,,schemas/reference-data/TACATDP_RefWards.csv
tacatdp,ward,211,Ndugumbi,Ndugumbi,active,211,district,10,,2,10,,,,schemas/reference-data/TACATDP_RefWards.csv
tacatdp,ward,212,Mzimuni,Mzimuni,active,212,district,10,,2,10,,,,schemas/reference-data/TACATDP_RefWards.csv
tacatdp,ward,213,Kigogo,Kigogo,active,213,district,10,,2,10,,,,schemas/reference-data/TACATDP_RefWards.csv
tacatdp,ward,214,Mikocheni,Mikocheni,active,214,district,10,,2,10,,,,schemas/reference-data/TACATDP_RefWards.csv
tacatdp,ward,215,Msasani,Msasani,active,215,district,10,,2,10,,,,schemas/reference-data/TACATDP_RefWards.csv
tacatdp,ward,216,Kawe,Kawe,active,216,district,10,,2,10,,,,schemas/reference-data/TACATDP_RefWards.csv
tacatdp,ward,217,Mbezi Juu,Mbezi Juu,active,217,district,10,,2,10,,,,schemas/reference-data/TACATDP_RefWards.csv
tacatdp,ward,218,Makongo,Makongo,active,218,district,10,,2,10,,,,schemas/reference-data/TACATDP_RefWards.csv
tacatdp,ward,219,Bunju,Bunju,active,219,district,10,,2,10,,,,schemas/reference-data/TACATDP_RefWards.csv
tacatdp,ward,220,Mabwepande,Mabwepande,active,220,district,10,,2,10,,,,schemas/reference-data/TACATDP_RefWards.csv
tacatdp,ward,221,Mbweni,Mbweni,active,221,district,10,,2,10,,,,schemas/reference-data/TACATDP_RefWards.csv
tacatdp,ward,222,Kunduchi,Kunduchi,active,222,district,10,,2,10,,,,schemas/reference-data/TACATDP_RefWards.csv
tacatdp,ward,223,Wazo,Wazo,active,223,district,10,,2,10,,,,schemas/reference-data/TACATDP_RefWards.csv
tacatdp,ward,224,Chang'ombe,Chang'ombe,active,224,district,11,,2,11,,,,schemas/reference-data/TACATDP_RefWards.csv
tacatdp,ward,225,Temeke,Temeke,active,225,district,11,,2,11,,,,schemas/reference-data/TACATDP_RefWards.csv
tacatdp,ward,226,Keko,Keko,active,226,district,11,,2,11,,,,schemas/reference-data/TACATDP_RefWards.csv
tacatdp,ward,227,Azimio,Azimio,active,227,district,11,,2,11,,,,schemas/reference-data/TACATDP_RefWards.csv
tacatdp,ward,228,Kurasini,Kurasini,active,228,district,11,,2,11,,,,schemas/reference-data/TACATDP_RefWards.csv
tacatdp,ward,229,Sandali,Sandali,active,229,district,11,,2,11,,,,schemas/reference-data/TACATDP_RefWards.csv
tacatdp,ward,230,Tandika,Tandika,active,230,district,11,,2,11,,,,schemas/reference-data/TACATDP_RefWards.csv
tacatdp,ward,231,Miburani,Miburani,active,231,district,11,,2,11,,,,schemas/reference-data/TACATDP_RefWards.csv
tacatdp,ward,232,Mtoni,Mtoni,active,232,district,11,,2,11,,,,schemas/reference-data/TACATDP_RefWards.csv
tacatdp,ward,233,Yombo Vituka,Yombo Vituka,active,233,district,11,,2,11,,,,schemas/reference-data/TACATDP_RefWards.csv
tacatdp,ward,234,Makangarawe,Makangarawe,active,234,district,11,,2,11,,,,schemas/reference-data/TACATDP_RefWards.csv
tacatdp,ward,235,Kilakala,Kilakala,active,235,district,11,,2,11,,,,schemas/reference-data/TACATDP_RefWards.csv
tacatdp,ward,236,Buza,Buza,active,236,district,11,,2,11,,,,schemas/reference-data/TACATDP_RefWards.csv
tacatdp,ward,237,Chamazi,Chamazi,active,237,district,11,,2,11,,,,schemas/reference-data/TACATDP_RefWards.csv
tacatdp,ward,238,Charambe,Charambe,active,238,district,11,,2,11,,,,schemas/reference-data/TACATDP_RefWards.csv
tacatdp,ward,239,Kibondemaji,Kibondemaji,active,239,district,11,,2,11,,,,schemas/reference-data/TACATDP_RefWards.csv
tacatdp,ward,240,Kiburugwa,Kiburugwa,active,240,district,11,,2,11,,,,schemas/reference-data/TACATDP_RefWards.csv
tacatdp,ward,241,Toangoma,Toangoma,active,241,district,11,,2,11,,,,schemas/reference-data/TACATDP_RefWards.csv
tacatdp,ward,242,Mbagala,Mbagala,active,242,district,11,,2,11,,,,schemas/reference-data/TACATDP_RefWards.csv
tacatdp,ward,243,Mianzini,Mianzini,active,243,district,11,,2,11,,,,schemas/reference-data/TACATDP_RefWards.csv
tacatdp,ward,244,Kilungule,Kilungule,active,244,district,11,,2,11,,,,schemas/reference-data/TACATDP_RefWards.csv
tacatdp,ward,245,Mbagala Kuu,Mbagala Kuu,active,245,district,11,,2,11,,,,schemas/reference-data/TACATDP_RefWards.csv
tacatdp,ward,246,Kijichi,Kijichi,active,246,district,11,,2,11,,,,schemas/reference-data/TACATDP_RefWards.csv
tacatdp,ward,247,Mburahati,Mburahati,active,247,district,12,,2,12,,,,schemas/reference-data/TACATDP_RefWards.csv
tacatdp,ward,248,Sinza,Sinza,active,248,district,12,,2,12,,,,schemas/reference-data/TACATDP_RefWards.csv
tacatdp,ward,249,Ubungo,Ubungo,active,249,district,12,,2,12,,,,schemas/reference-data/TACATDP_RefWards.csv
tacatdp,ward,250,Kimara,Kimara,active,250,district,12,,2,12,,,,schemas/reference-data/TACATDP_RefWards.csv
tacatdp,ward,251,Saranga,Saranga,active,251,district,12,,2,12,,,,schemas/reference-data/TACATDP_RefWards.csv
tacatdp,ward,252,Makuburi,Makuburi,active,252,district,12,,2,12,,,,schemas/reference-data/TACATDP_RefWards.csv
tacatdp,ward,253,Makurumla,Makurumla,active,253,district,12,,2,12,,,,schemas/reference-data/TACATDP_RefWards.csv
tacatdp,ward,254,Manzese,Manzese,active,254,district,12,,2,12,,,,schemas/reference-data/TACATDP_RefWards.csv
tacatdp,ward,255,Mabibo,Mabibo,active,255,district,12,,2,12,,,,schemas/reference-data/TACATDP_RefWards.csv
tacatdp,ward,256,Kibamba,Kibamba,active,256,district,12,,2,12,,,,schemas/reference-data/TACATDP_RefWards.csv
tacatdp,ward,257,Kwembe,Kwembe,active,257,district,12,,2,12,,,,schemas/reference-data/TACATDP_RefWards.csv
tacatdp,ward,258,Goba,Goba,active,258,district,12,,2,12,,,,schemas/reference-data/TACATDP_RefWards.csv
tacatdp,ward,259,Mbezi,Mbezi,active,259,district,12,,2,12,,,,schemas/reference-data/TACATDP_RefWards.csv
tacatdp,ward,260,Msigani,Msigani,active,260,district,12,,2,12,,,,schemas/reference-data/TACATDP_RefWards.csv
tacatdp,ward,261,Viwandani,Viwandani,active,261,district,13,,3,13,,,,schemas/reference-data/TACATDP_RefWards.csv
tacatdp,ward,262,Uhuru,Uhuru,active,262,district,13,,3,13,,,,schemas/reference-data/TACATDP_RefWards.csv
tacatdp,ward,263,Chamwino,Chamwino,active,263,district,13,,3,13,,,,schemas/reference-data/TACATDP_RefWards.csv
tacatdp,ward,264,Kikuyu Kaskazini,Kikuyu Kaskazini,active,264,district,13,,3,13,,,,schemas/reference-data/TACATDP_RefWards.csv
tacatdp,ward,265,Tambukareli,Tambukareli,active,265,district,13,,3,13,,,,schemas/reference-data/TACATDP_RefWards.csv
tacatdp,ward,266,Makole,Makole,active,266,district,13,,3,13,,,,schemas/reference-data/TACATDP_RefWards.csv
tacatdp,ward,267,Madukani,Madukani,active,267,district,13,,3,13,,,,schemas/reference-data/TACATDP_RefWards.csv
tacatdp,ward,268,Kiwanja cha Ndege,Kiwanja cha Ndege,active,268,district,13,,3,13,,,,schemas/reference-data/TACATDP_RefWards.csv
tacatdp,ward,269,Ipagala,Ipagala,active,269,district,13,,3,13,,,,schemas/reference-data/TACATDP_RefWards.csv
tacatdp,ward,270,Kilimani,Kilimani,active,270,district,13,,3,13,,,,schemas/reference-data/TACATDP_RefWards.csv
tacatdp,ward,271,Miyuji,Miyuji,active,271,district,13,,3,13,,,,schemas/reference-data/TACATDP_RefWards.csv
tacatdp,ward,272,Kizota,Kizota,active,272,district,13,,3,13,,,,schemas/reference-data/TACATDP_RefWards.csv
tacatdp,ward,273,Nkuhungu,Nkuhungu,active,273,district,13,,3,13,,,,schemas/reference-data/TACATDP_RefWards.csv
tacatdp,ward,274,Kikuyu Kusini,Kikuyu Kusini,active,274,district,13,,3,13,,,,schemas/reference-data/TACATDP_RefWards.csv
tacatdp,ward,275,Majengo,Majengo,active,275,district,13,,3,13,,,,schemas/reference-data/TACATDP_RefWards.csv
tacatdp,ward,276,Chang'ombe,Chang'ombe,active,276,district,13,,3,13,,,,schemas/reference-data/TACATDP_RefWards.csv
tacatdp,ward,277,Mkonze,Mkonze,active,277,district,13,,3,13,,,,schemas/reference-data/TACATDP_RefWards.csv
tacatdp,ward,278,Mnadani,Mnadani,active,278,district,13,,3,13,,,,schemas/reference-data/TACATDP_RefWards.csv
tacatdp,ward,279,Hazina,Hazina,active,279,district,13,,3,13,,,,schemas/reference-data/TACATDP_RefWards.csv
tacatdp,ward,280,Dodoma Makulu,Dodoma Makulu,active,280,district,13,,3,13,,,,schemas/reference-data/TACATDP_RefWards.csv
tacatdp,ward,281,Iyumbu,Iyumbu,active,281,district,13,,3,13,,,,schemas/reference-data/TACATDP_RefWards.csv
tacatdp,ward,282,Nzuguni,Nzuguni,active,282,district,13,,3,13,,,,schemas/reference-data/TACATDP_RefWards.csv
tacatdp,ward,283,Ntyuka,Ntyuka,active,283,district,13,,3,13,,,,schemas/reference-data/TACATDP_RefWards.csv
tacatdp,ward,284,Zuzu,Zuzu,active,284,district,13,,3,13,,,,schemas/reference-data/TACATDP_RefWards.csv
tacatdp,ward,285,Nala,Nala,active,285,district,13,,3,13,,,,schemas/reference-data/TACATDP_RefWards.csv
tacatdp,ward,286,Chigongwe,Chigongwe,active,286,district,13,,3,13,,,,schemas/reference-data/TACATDP_RefWards.csv
tacatdp,ward,287,Mbalawala,Mbalawala,active,287,district,13,,3,13,,,,schemas/reference-data/TACATDP_RefWards.csv
tacatdp,ward,288,Mbabala,Mbabala,active,288,district,13,,3,13,,,,schemas/reference-data/TACATDP_RefWards.csv
tacatdp,ward,289,Mpunguzi,Mpunguzi,active,289,district,13,,3,13,,,,schemas/reference-data/TACATDP_RefWards.csv
tacatdp,ward,290,Matumbulu,Matumbulu,active,290,district,13,,3,13,,,,schemas/reference-data/TACATDP_RefWards.csv
tacatdp,ward,291,Ipala,Ipala,active,291,district,13,,3,13,,,,schemas/reference-data/TACATDP_RefWards.csv
tacatdp,ward,292,Chahwa,Chahwa,active,292,district,13,,3,13,,,,schemas/reference-data/TACATDP_RefWards.csv
tacatdp,ward,293,Chihanga,Chihanga,active,293,district,13,,3,13,,,,schemas/reference-data/TACATDP_RefWards.csv
tacatdp,ward,294,Hombolo Bwawani,Hombolo Bwawani,active,294,district,13,,3,13,,,,schemas/reference-data/TACATDP_RefWards.csv
tacatdp,ward,295,Hombolo Makulu,Hombolo Makulu,active,295,district,13,,3,13,,,,schemas/reference-data/TACATDP_RefWards.csv
tacatdp,ward,296,Makutupora,Makutupora,active,296,district,13,,3,13,,,,schemas/reference-data/TACATDP_RefWards.csv
tacatdp,ward,297,Msalato,Msalato,active,297,district,13,,3,13,,,,schemas/reference-data/TACATDP_RefWards.csv
tacatdp,ward,298,Kikombo,Kikombo,active,298,district,13,,3,13,,,,schemas/reference-data/TACATDP_RefWards.csv
tacatdp,ward,299,Mtumba,Mtumba,active,299,district,13,,3,13,,,,schemas/reference-data/TACATDP_RefWards.csv
tacatdp,ward,300,Ihumwa,Ihumwa,active,300,district,13,,3,13,,,,schemas/reference-data/TACATDP_RefWards.csv
tacatdp,ward,301,Nghong'onha,Nghong'onha,active,301,district,13,,3,13,,,,schemas/reference-data/TACATDP_RefWards.csv
tacatdp,ward,302,Kondoa Mjini,Kondoa Mjini,active,302,district,14,,3,14,,,,schemas/reference-data/TACATDP_RefWards.csv
tacatdp,ward,303,Chemchem,Chemchem,active,303,district,14,,3,14,,,,schemas/reference-data/TACATDP_RefWards.csv
tacatdp,ward,304,Kilimani,Kilimani,active,304,district,14,,3,14,,,,schemas/reference-data/TACATDP_RefWards.csv
tacatdp,ward,305,Serya,Serya,active,305,district,14,,3,14,,,,schemas/reference-data/TACATDP_RefWards.csv
tacatdp,ward,306,Suruke,Suruke,active,306,district,14,,3,14,,,,schemas/reference-data/TACATDP_RefWards.csv
tacatdp,ward,307,Kingale,Kingale,active,307,district,14,,3,14,,,,schemas/reference-data/TACATDP_RefWards.csv
tacatdp,ward,308,Kolo,Kolo,active,308,district,14,,3,14,,,,schemas/reference-data/TACATDP_RefWards.csv
tacatdp,ward,309,Bolisa,Bolisa,active,309,district,14,,3,14,,,,schemas/reference-data/TACATDP_RefWards.csv
tacatdp,ward,310,Bahi,Bahi,active,310,district,15,,3,15,,,,schemas/reference-data/TACATDP_RefWards.csv
tacatdp,ward,311,Ibihwa,Ibihwa,active,311,district,15,,3,15,,,,schemas/reference-data/TACATDP_RefWards.csv
tacatdp,ward,312,Ilindi,Ilindi,active,312,district,15,,3,15,,,,schemas/reference-data/TACATDP_RefWards.csv
tacatdp,ward,313,Kigwe,Kigwe,active,313,district,15,,3,15,,,,schemas/reference-data/TACATDP_RefWards.csv
tacatdp,ward,314,Mpinga,Mpinga,active,314,district,15,,3,15,,,,schemas/reference-data/TACATDP_RefWards.csv
tacatdp,ward,315,Mpamantwa,Mpamantwa,active,315,district,15,,3,15,,,,schemas/reference-data/TACATDP_RefWards.csv
tacatdp,ward,316,Chali,Chali,active,316,district,15,,3,15,,,,schemas/reference-data/TACATDP_RefWards.csv
tacatdp,ward,317,Chikola,Chikola,active,317,district,15,,3,15,,,,schemas/reference-data/TACATDP_RefWards.csv
tacatdp,ward,318,Chipanga,Chipanga,active,318,district,15,,3,15,,,,schemas/reference-data/TACATDP_RefWards.csv
tacatdp,ward,319,Chifutuka,Chifutuka,active,319,district,15,,3,15,,,,schemas/reference-data/TACATDP_RefWards.csv
tacatdp,ward,320,Nondwa,Nondwa,active,320,district,15,,3,15,,,,schemas/reference-data/TACATDP_RefWards.csv
tacatdp,ward,321,Mpalanga,Mpalanga,active,321,district,15,,3,15,,,,schemas/reference-data/TACATDP_RefWards.csv
tacatdp,ward,322,Babayu,Babayu,active,322,district,15,,3,15,,,,schemas/reference-data/TACATDP_RefWards.csv
tacatdp,ward,323,Lamaiti,Lamaiti,active,323,district,15,,3,15,,,,schemas/reference-data/TACATDP_RefWards.csv
tacatdp,ward,324,Makanda,Makanda,active,324,district,15,,3,15,,,,schemas/reference-data/TACATDP_RefWards.csv
tacatdp,ward,325,Msisi,Msisi,active,325,district,15,,3,15,,,,schemas/reference-data/TACATDP_RefWards.csv
tacatdp,ward,326,Mundemu,Mundemu,active,326,district,15,,3,15,,,,schemas/reference-data/TACATDP_RefWards.csv
tacatdp,ward,327,Zanka,Zanka,active,327,district,15,,3,15,,,,schemas/reference-data/TACATDP_RefWards.csv
tacatdp,ward,328,Chibelela,Chibelela,active,328,district,15,,3,15,,,,schemas/reference-data/TACATDP_RefWards.csv
tacatdp,ward,329,Ibugule,Ibugule,active,329,district,15,,3,15,,,,schemas/reference-data/TACATDP_RefWards.csv
tacatdp,ward,330,Mtitaa,Mtitaa,active,330,district,15,,3,15,,,,schemas/reference-data/TACATDP_RefWards.csv
tacatdp,ward,331,Mwitikira,Mwitikira,active,331,district,15,,3,15,,,,schemas/reference-data/TACATDP_RefWards.csv
tacatdp,ward,332,Chilonwa,Chilonwa,active,332,district,16,,3,16,,,,schemas/reference-data/TACATDP_RefWards.csv
tacatdp,ward,333,Buigiri,Buigiri,active,333,district,16,,3,16,,,,schemas/reference-data/TACATDP_RefWards.csv
tacatdp,ward,334,Chamwino,Chamwino,active,334,district,16,,3,16,,,,schemas/reference-data/TACATDP_RefWards.csv
tacatdp,ward,335,Majeleko,Majeleko,active,335,district,16,,3,16,,,,schemas/reference-data/TACATDP_RefWards.csv
tacatdp,ward,336,Manchali,Manchali,active,336,district,16,,3,16,,,,schemas/reference-data/TACATDP_RefWards.csv
tacatdp,ward,337,Msanga,Msanga,active,337,district,16,,3,16,,,,schemas/reference-data/TACATDP_RefWards.csv
tacatdp,ward,338,Msamalo,Msamalo,active,338,district,16,,3,16,,,,schemas/reference-data/TACATDP_RefWards.csv
tacatdp,ward,339,Ikowa,Ikowa,active,339,district,16,,3,16,,,,schemas/reference-data/TACATDP_RefWards.csv
tacatdp,ward,340,Membe,Membe,active,340,district,16,,3,16,,,,schemas/reference-data/TACATDP_RefWards.csv
tacatdp,ward,341,Dabalo,Dabalo,active,341,district,16,,3,16,,,,schemas/reference-data/TACATDP_RefWards.csv
tacatdp,ward,342,Haneti,Haneti,active,342,district,16,,3,16,,,,schemas/reference-data/TACATDP_RefWards.csv
tacatdp,ward,343,Itiso,Itiso,active,343,district,16,,3,16,,,,schemas/reference-data/TACATDP_RefWards.csv
tacatdp,ward,344,Segala,Segala,active,344,district,16,,3,16,,,,schemas/reference-data/TACATDP_RefWards.csv
tacatdp,ward,345,Zajilwa,Zajilwa,active,345,district,16,,3,16,,,,schemas/reference-data/TACATDP_RefWards.csv
tacatdp,ward,346,Handali,Handali,active,346,district,16,,3,16,,,,schemas/reference-data/TACATDP_RefWards.csv
tacatdp,ward,347,Idifu,Idifu,active,347,district,16,,3,16,,,,schemas/reference-data/TACATDP_RefWards.csv
tacatdp,ward,348,Igandu,Igandu,active,348,district,16,,3,16,,,,schemas/reference-data/TACATDP_RefWards.csv
tacatdp,ward,349,Nghahelezi,Nghahelezi,active,349,district,16,,3,16,,,,schemas/reference-data/TACATDP_RefWards.csv
tacatdp,ward,350,Muungano,Muungano,active,350,district,16,,3,16,,,,schemas/reference-data/TACATDP_RefWards.csv
tacatdp,ward,351,Mvumi Makulu,Mvumi Makulu,active,351,district,16,,3,16,,,,schemas/reference-data/TACATDP_RefWards.csv
tacatdp,ward,352,Mvumi Misheni,Mvumi Misheni,active,352,district,16,,3,16,,,,schemas/reference-data/TACATDP_RefWards.csv
tacatdp,ward,353,Fufu,Fufu,active,353,district,16,,3,16,,,,schemas/reference-data/TACATDP_RefWards.csv
tacatdp,ward,354,Chiboli,Chiboli,active,354,district,16,,3,16,,,,schemas/reference-data/TACATDP_RefWards.csv
tacatdp,ward,355,Loje,Loje,active,355,district,16,,3,16,,,,schemas/reference-data/TACATDP_RefWards.csv
tacatdp,ward,356,Iringa Mvumi,Iringa Mvumi,active,356,district,16,,3,16,,,,schemas/reference-data/TACATDP_RefWards.csv
tacatdp,ward,357,Ikombolinga,Ikombolinga,active,357,district,16,,3,16,,,,schemas/reference-data/TACATDP_RefWards.csv
tacatdp,ward,358,Makang'wa,Makang'wa,active,358,district,16,,3,16,,,,schemas/reference-data/TACATDP_RefWards.csv
tacatdp,ward,359,Mlowa Barabarani,Mlowa Barabarani,active,359,district,16,,3,16,,,,schemas/reference-data/TACATDP_RefWards.csv
tacatdp,ward,360,Manzase,Manzase,active,360,district,16,,3,16,,,,schemas/reference-data/TACATDP_RefWards.csv
tacatdp,ward,361,Mlowa Bwawani,Mlowa Bwawani,active,361,district,16,,3,16,,,,schemas/reference-data/TACATDP_RefWards.csv
tacatdp,ward,362,Nhinhi,Nhinhi,active,362,district,16,,3,16,,,,schemas/reference-data/TACATDP_RefWards.csv
tacatdp,ward,363,Chinugulu,Chinugulu,active,363,district,16,,3,16,,,,schemas/reference-data/TACATDP_RefWards.csv
tacatdp,ward,364,Huzi,Huzi,active,364,district,16,,3,16,,,,schemas/reference-data/TACATDP_RefWards.csv
tacatdp,ward,365,Mpwayungu,Mpwayungu,active,365,district,16,,3,16,,,,schemas/reference-data/TACATDP_RefWards.csv
tacatdp,ward,366,Manda,Manda,active,366,district,16,,3,16,,,,schemas/reference-data/TACATDP_RefWards.csv
tacatdp,ward,367,Nghambaku,Nghambaku,active,367,district,16,,3,16,,,,schemas/reference-data/TACATDP_RefWards.csv
tacatdp,ward,368,Goima,Goima,active,368,district,17,,3,17,,,,schemas/reference-data/TACATDP_RefWards.csv
tacatdp,ward,369,Songolo,Songolo,active,369,district,17,,3,17,,,,schemas/reference-data/TACATDP_RefWards.csv
tacatdp,ward,370,Chandama,Chandama,active,370,district,17,,3,17,,,,schemas/reference-data/TACATDP_RefWards.csv
tacatdp,ward,371,Soya,Soya,active,371,district,17,,3,17,,,,schemas/reference-data/TACATDP_RefWards.csv
tacatdp,ward,372,Kimaha,Kimaha,active,372,district,17,,3,17,,,,schemas/reference-data/TACATDP_RefWards.csv
tacatdp,ward,373,Chemba,Chemba,active,373,district,17,,3,17,,,,schemas/reference-data/TACATDP_RefWards.csv
tacatdp,ward,374,Kidoka,Kidoka,active,374,district,17,,3,17,,,,schemas/reference-data/TACATDP_RefWards.csv
tacatdp,ward,375,Mrijo,Mrijo,active,375,district,17,,3,17,,,,schemas/reference-data/TACATDP_RefWards.csv
tacatdp,ward,376,Msaada,Msaada,active,376,district,17,,3,17,,,,schemas/reference-data/TACATDP_RefWards.csv
tacatdp,ward,377,Farkwa,Farkwa,active,377,district,17,,3,17,,,,schemas/reference-data/TACATDP_RefWards.csv
tacatdp,ward,378,Makorongo,Makorongo,active,378,district,17,,3,17,,,,schemas/reference-data/TACATDP_RefWards.csv
tacatdp,ward,379,Babayu,Babayu,active,379,district,17,,3,17,,,,schemas/reference-data/TACATDP_RefWards.csv
tacatdp,ward,380,Gwandi,Gwandi,active,380,district,17,,3,17,,,,schemas/reference-data/TACATDP_RefWards.csv
tacatdp,ward,381,Tumbakose,Tumbakose,active,381,district,17,,3,17,,,,schemas/reference-data/TACATDP_RefWards.csv
tacatdp,ward,382,Kwamtoro,Kwamtoro,active,382,district,17,,3,17,,,,schemas/reference-data/TACATDP_RefWards.csv
tacatdp,ward,383,Sanzawa,Sanzawa,active,383,district,17,,3,17,,,,schemas/reference-data/TACATDP_RefWards.csv
tacatdp,ward,384,Mpendo,Mpendo,active,384,district,17,,3,17,,,,schemas/reference-data/TACATDP_RefWards.csv
tacatdp,ward,385,Ovada,Ovada,active,385,district,17,,3,17,,,,schemas/reference-data/TACATDP_RefWards.csv
tacatdp,ward,386,Kinyamsindo,Kinyamsindo,active,386,district,17,,3,17,,,,schemas/reference-data/TACATDP_RefWards.csv
tacatdp,ward,387,Lalta,Lalta,active,387,district,17,,3,17,,,,schemas/reference-data/TACATDP_RefWards.csv
tacatdp,ward,388,Lahoda,Lahoda,active,388,district,17,,3,17,,,,schemas/reference-data/TACATDP_RefWards.csv
tacatdp,ward,389,Mondo,Mondo,active,389,district,17,,3,17,,,,schemas/reference-data/TACATDP_RefWards.csv
tacatdp,ward,390,Paranga,Paranga,active,390,district,17,,3,17,,,,schemas/reference-data/TACATDP_RefWards.csv
tacatdp,ward,391,Dalai,Dalai,active,391,district,17,,3,17,,,,schemas/reference-data/TACATDP_RefWards.csv
tacatdp,ward,392,Jangalo,Jangalo,active,392,district,17,,3,17,,,,schemas/reference-data/TACATDP_RefWards.csv
tacatdp,ward,393,Churuku,Churuku,active,393,district,17,,3,17,,,,schemas/reference-data/TACATDP_RefWards.csv
tacatdp,ward,394,Chitego,Chitego,active,394,district,18,,3,18,,,,schemas/reference-data/TACATDP_RefWards.csv
tacatdp,ward,395,Hogoro,Hogoro,active,395,district,18,,3,18,,,,schemas/reference-data/TACATDP_RefWards.csv
tacatdp,ward,396,Matongoro,Matongoro,active,396,district,18,,3,18,,,,schemas/reference-data/TACATDP_RefWards.csv
tacatdp,ward,397,Makawa,Makawa,active,397,district,18,,3,18,,,,schemas/reference-data/TACATDP_RefWards.csv
tacatdp,ward,398,Mkoka,Mkoka,active,398,district,18,,3,18,,,,schemas/reference-data/TACATDP_RefWards.csv
tacatdp,ward,399,Songambele,Songambele,active,399,district,18,,3,18,,,,schemas/reference-data/TACATDP_RefWards.csv
tacatdp,ward,400,Zoissa,Zoissa,active,400,district,18,,3,18,,,,schemas/reference-data/TACATDP_RefWards.csv
tacatdp,ward,401,Mlali,Mlali,active,401,district,18,,3,18,,,,schemas/reference-data/TACATDP_RefWards.csv
tacatdp,ward,402,Chiwe,Chiwe,active,402,district,18,,3,18,,,,schemas/reference-data/TACATDP_RefWards.csv
tacatdp,ward,403,Njoge,Njoge,active,403,district,18,,3,18,,,,schemas/reference-data/TACATDP_RefWards.csv
tacatdp,ward,404,Pandambili,Pandambili,active,404,district,18,,3,18,,,,schemas/reference-data/TACATDP_RefWards.csv
tacatdp,ward,405,Ng'humbi,Ng'humbi,active,405,district,18,,3,18,,,,schemas/reference-data/TACATDP_RefWards.csv
tacatdp,ward,406,Chamkoroma,Chamkoroma,active,406,district,18,,3,18,,,,schemas/reference-data/TACATDP_RefWards.csv
tacatdp,ward,407,Ngomai,Ngomai,active,407,district,18,,3,18,,,,schemas/reference-data/TACATDP_RefWards.csv
tacatdp,ward,408,Lenjulu,Lenjulu,active,408,district,18,,3,18,,,,schemas/reference-data/TACATDP_RefWards.csv
tacatdp,ward,409,Iduo,Iduo,active,409,district,18,,3,18,,,,schemas/reference-data/TACATDP_RefWards.csv
tacatdp,ward,410,Ugogoni,Ugogoni,active,410,district,18,,3,18,,,,schemas/reference-data/TACATDP_RefWards.csv
tacatdp,ward,411,Mtanana,Mtanana,active,411,district,18,,3,18,,,,schemas/reference-data/TACATDP_RefWards.csv
tacatdp,ward,412,Sejeli,Sejeli,active,412,district,18,,3,18,,,,schemas/reference-data/TACATDP_RefWards.csv
tacatdp,ward,413,Sagara,Sagara,active,413,district,18,,3,18,,,,schemas/reference-data/TACATDP_RefWards.csv
tacatdp,ward,414,Kongwa,Kongwa,active,414,district,18,,3,18,,,,schemas/reference-data/TACATDP_RefWards.csv
tacatdp,ward,415,Kibaigwa,Kibaigwa,active,415,district,18,,3,18,,,,schemas/reference-data/TACATDP_RefWards.csv
tacatdp,ward,416,Changaa,Changaa,active,416,district,19,,3,19,,,,schemas/reference-data/TACATDP_RefWards.csv
tacatdp,ward,417,Thawi,Thawi,active,417,district,19,,3,19,,,,schemas/reference-data/TACATDP_RefWards.csv
tacatdp,ward,418,Kikilo,Kikilo,active,418,district,19,,3,19,,,,schemas/reference-data/TACATDP_RefWards.csv
tacatdp,ward,419,Soera,Soera,active,419,district,19,,3,19,,,,schemas/reference-data/TACATDP_RefWards.csv
tacatdp,ward,420,Hondomairo,Hondomairo,active,420,district,19,,3,19,,,,schemas/reference-data/TACATDP_RefWards.csv
tacatdp,ward,421,Bereko,Bereko,active,421,district,19,,3,19,,,,schemas/reference-data/TACATDP_RefWards.csv
tacatdp,ward,422,Masange,Masange,active,422,district,19,,3,19,,,,schemas/reference-data/TACATDP_RefWards.csv
tacatdp,ward,423,Salanka,Salanka,active,423,district,19,,3,19,,,,schemas/reference-data/TACATDP_RefWards.csv
tacatdp,ward,424,Kikore,Kikore,active,424,district,19,,3,19,,,,schemas/reference-data/TACATDP_RefWards.csv
tacatdp,ward,425,Mnenia,Mnenia,active,425,district,19,,3,19,,,,schemas/reference-data/TACATDP_RefWards.csv
tacatdp,ward,426,Kisese,Kisese,active,426,district,19,,3,19,,,,schemas/reference-data/TACATDP_RefWards.csv
tacatdp,ward,427,Itololo,Itololo,active,427,district,19,,3,19,,,,schemas/reference-data/TACATDP_RefWards.csv
tacatdp,ward,428,Pahi,Pahi,active,428,district,19,,3,19,,,,schemas/reference-data/TACATDP_RefWards.csv
tacatdp,ward,429,Bumbuta,Bumbuta,active,429,district,19,,3,19,,,,schemas/reference-data/TACATDP_RefWards.csv
tacatdp,ward,430,Kwadelo,Kwadelo,active,430,district,19,,3,19,,,,schemas/reference-data/TACATDP_RefWards.csv
tacatdp,ward,431,Kalamba,Kalamba,active,431,district,19,,3,19,,,,schemas/reference-data/TACATDP_RefWards.csv
tacatdp,ward,432,Kinyasi,Kinyasi,active,432,district,19,,3,19,,,,schemas/reference-data/TACATDP_RefWards.csv
tacatdp,ward,433,Itaswi,Itaswi,active,433,district,19,,3,19,,,,schemas/reference-data/TACATDP_RefWards.csv
tacatdp,ward,434,Haubi,Haubi,active,434,district,19,,3,19,,,,schemas/reference-data/TACATDP_RefWards.csv
tacatdp,ward,435,Busi,Busi,active,435,district,19,,3,19,,,,schemas/reference-data/TACATDP_RefWards.csv
tacatdp,ward,436,Keikei,Keikei,active,436,district,19,,3,19,,,,schemas/reference-data/TACATDP_RefWards.csv
tacatdp,ward,437,Berege,Berege,active,437,district,20,,3,20,,,,schemas/reference-data/TACATDP_RefWards.csv
tacatdp,ward,438,Chitemo,Chitemo,active,438,district,20,,3,20,,,,schemas/reference-data/TACATDP_RefWards.csv
tacatdp,ward,439,Mima,Mima,active,439,district,20,,3,20,,,,schemas/reference-data/TACATDP_RefWards.csv
tacatdp,ward,440,Iwondo,Iwondo,active,440,district,20,,3,20,,,,schemas/reference-data/TACATDP_RefWards.csv
tacatdp,ward,441,Kibakwe,Kibakwe,active,441,district,20,,3,20,,,,schemas/reference-data/TACATDP_RefWards.csv
tacatdp,ward,442,Kingiti,Kingiti,active,442,district,20,,3,20,,,,schemas/reference-data/TACATDP_RefWards.csv
tacatdp,ward,443,Luhundwa,Luhundwa,active,443,district,20,,3,20,,,,schemas/reference-data/TACATDP_RefWards.csv
tacatdp,ward,444,Lufu,Lufu,active,444,district,20,,3,20,,,,schemas/reference-data/TACATDP_RefWards.csv
tacatdp,ward,445,Wotta,Wotta,active,445,district,20,,3,20,,,,schemas/reference-data/TACATDP_RefWards.csv
tacatdp,ward,446,Wangi,Wangi,active,446,district,20,,3,20,,,,schemas/reference-data/TACATDP_RefWards.csv
tacatdp,ward,447,Mbuga,Mbuga,active,447,district,20,,3,20,,,,schemas/reference-data/TACATDP_RefWards.csv
tacatdp,ward,448,Galigali,Galigali,active,448,district,20,,3,20,,,,schemas/reference-data/TACATDP_RefWards.csv
tacatdp,ward,449,Lumuma,Lumuma,active,449,district,20,,3,20,,,,schemas/reference-data/TACATDP_RefWards.csv
tacatdp,ward,450,Pwaga,Pwaga,active,450,district,20,,3,20,,,,schemas/reference-data/TACATDP_RefWards.csv
tacatdp,ward,451,Ipera,Ipera,active,451,district,20,,3,20,,,,schemas/reference-data/TACATDP_RefWards.csv
tacatdp,ward,452,Mang’aliza,Mang’aliza,active,452,district,20,,3,20,,,,schemas/reference-data/TACATDP_RefWards.csv
tacatdp,ward,453,Malolo,Malolo,active,453,district,20,,3,20,,,,schemas/reference-data/TACATDP_RefWards.csv
tacatdp,ward,454,Massa,Massa,active,454,district,20,,3,20,,,,schemas/reference-data/TACATDP_RefWards.csv
tacatdp,ward,455,Rudi,Rudi,active,455,district,20,,3,20,,,,schemas/reference-data/TACATDP_RefWards.csv
tacatdp,ward,456,Mtera,Mtera,active,456,district,20,,3,20,,,,schemas/reference-data/TACATDP_RefWards.csv
tacatdp,ward,457,Chipogoro,Chipogoro,active,457,district,20,,3,20,,,,schemas/reference-data/TACATDP_RefWards.csv
tacatdp,ward,458,Mlunduzi,Mlunduzi,active,458,district,20,,3,20,,,,schemas/reference-data/TACATDP_RefWards.csv
tacatdp,ward,459,Matomondo,Matomondo,active,459,district,20,,3,20,,,,schemas/reference-data/TACATDP_RefWards.csv
tacatdp,ward,460,Mlembule,Mlembule,active,460,district,20,,3,20,,,,schemas/reference-data/TACATDP_RefWards.csv
tacatdp,ward,461,Kimagai,Kimagai,active,461,district,20,,3,20,,,,schemas/reference-data/TACATDP_RefWards.csv
tacatdp,ward,462,Lupeta,Lupeta,active,462,district,20,,3,20,,,,schemas/reference-data/TACATDP_RefWards.csv
tacatdp,ward,463,Godegode,Godegode,active,463,district,20,,3,20,,,,schemas/reference-data/TACATDP_RefWards.csv
tacatdp,ward,464,Ving'hawe,Ving'hawe,active,464,district,20,,3,20,,,,schemas/reference-data/TACATDP_RefWards.csv
tacatdp,ward,465,Mazae,Mazae,active,465,district,20,,3,20,,,,schemas/reference-data/TACATDP_RefWards.csv
tacatdp,ward,466,Gulwe,Gulwe,active,466,district,20,,3,20,,,,schemas/reference-data/TACATDP_RefWards.csv
tacatdp,ward,467,Chunyu,Chunyu,active,467,district,20,,3,20,,,,schemas/reference-data/TACATDP_RefWards.csv
tacatdp,ward,468,Ng'hambi,Ng'hambi,active,468,district,20,,3,20,,,,schemas/reference-data/TACATDP_RefWards.csv
tacatdp,ward,469,Mpwapwa Mjini,Mpwapwa Mjini,active,469,district,20,,3,20,,,,schemas/reference-data/TACATDP_RefWards.csv
tacatdp,ward,470,Kalangalala,Kalangalala,active,470,district,21,,4,21,,,,schemas/reference-data/TACATDP_RefWards.csv
tacatdp,ward,471,Buhalahala,Buhalahala,active,471,district,21,,4,21,,,,schemas/reference-data/TACATDP_RefWards.csv
tacatdp,ward,472,Nyankumbu,Nyankumbu,active,472,district,21,,4,21,,,,schemas/reference-data/TACATDP_RefWards.csv
tacatdp,ward,473,Mtakuja,Mtakuja,active,473,district,21,,4,21,,,,schemas/reference-data/TACATDP_RefWards.csv
tacatdp,ward,474,Mgusu,Mgusu,active,474,district,21,,4,21,,,,schemas/reference-data/TACATDP_RefWards.csv
tacatdp,ward,475,Bombambili,Bombambili,active,475,district,21,,4,21,,,,schemas/reference-data/TACATDP_RefWards.csv
tacatdp,ward,476,Nyanguku,Nyanguku,active,476,district,21,,4,21,,,,schemas/reference-data/TACATDP_RefWards.csv
tacatdp,ward,477,Ihanamilo,Ihanamilo,active,477,district,21,,4,21,,,,schemas/reference-data/TACATDP_RefWards.csv
tacatdp,ward,478,Kasamwa,Kasamwa,active,478,district,21,,4,21,,,,schemas/reference-data/TACATDP_RefWards.csv
tacatdp,ward,479,Kanyala,Kanyala,active,479,district,21,,4,21,,,,schemas/reference-data/TACATDP_RefWards.csv
tacatdp,ward,480,Bung'wangoko,Bung'wangoko,active,480,district,21,,4,21,,,,schemas/reference-data/TACATDP_RefWards.csv
tacatdp,ward,481,Bulela,Bulela,active,481,district,21,,4,21,,,,schemas/reference-data/TACATDP_RefWards.csv
tacatdp,ward,482,Shiloleli,Shiloleli,active,482,district,21,,4,21,,,,schemas/reference-data/TACATDP_RefWards.csv
tacatdp,ward,483,Iyogelo,Iyogelo,active,483,district,22,,4,22,,,,schemas/reference-data/TACATDP_RefWards.csv
tacatdp,ward,484,Bugelenga,Bugelenga,active,484,district,22,,4,22,,,,schemas/reference-data/TACATDP_RefWards.csv
tacatdp,ward,485,Bukombe,Bukombe,active,485,district,22,,4,22,,,,schemas/reference-data/TACATDP_RefWards.csv
tacatdp,ward,486,Lyambamgongo,Lyambamgongo,active,486,district,22,,4,22,,,,schemas/reference-data/TACATDP_RefWards.csv
tacatdp,ward,487,Namonge,Namonge,active,487,district,22,,4,22,,,,schemas/reference-data/TACATDP_RefWards.csv
tacatdp,ward,488,Busonzo,Busonzo,active,488,district,22,,4,22,,,,schemas/reference-data/TACATDP_RefWards.csv
tacatdp,ward,489,Uyovu,Uyovu,active,489,district,22,,4,22,,,,schemas/reference-data/TACATDP_RefWards.csv
tacatdp,ward,490,Runzewe Magharibi,Runzewe Magharibi,active,490,district,22,,4,22,,,,schemas/reference-data/TACATDP_RefWards.csv
tacatdp,ward,491,Runzewe Mashariki,Runzewe Mashariki,active,491,district,22,,4,22,,,,schemas/reference-data/TACATDP_RefWards.csv
tacatdp,ward,492,Butinzya,Butinzya,active,492,district,22,,4,22,,,,schemas/reference-data/TACATDP_RefWards.csv
tacatdp,ward,493,Katome,Katome,active,493,district,22,,4,22,,,,schemas/reference-data/TACATDP_RefWards.csv
tacatdp,ward,494,Bulega,Bulega,active,494,district,22,,4,22,,,,schemas/reference-data/TACATDP_RefWards.csv
tacatdp,ward,495,Ng'anzo,Ng'anzo,active,495,district,22,,4,22,,,,schemas/reference-data/TACATDP_RefWards.csv
tacatdp,ward,496,Igulwa,Igulwa,active,496,district,22,,4,22,,,,schemas/reference-data/TACATDP_RefWards.csv
tacatdp,ward,497,Katente,Katente,active,497,district,22,,4,22,,,,schemas/reference-data/TACATDP_RefWards.csv
tacatdp,ward,498,Bulangwa,Bulangwa,active,498,district,22,,4,22,,,,schemas/reference-data/TACATDP_RefWards.csv
tacatdp,ward,499,Ushirombo,Ushirombo,active,499,district,22,,4,22,,,,schemas/reference-data/TACATDP_RefWards.csv
tacatdp,ward,500,Makurugusi,Makurugusi,active,500,district,23,,4,23,,,,schemas/reference-data/TACATDP_RefWards.csv
tacatdp,ward,501,Buseresere,Buseresere,active,501,district,23,,4,23,,,,schemas/reference-data/TACATDP_RefWards.csv
tacatdp,ward,502,Iparamasa,Iparamasa,active,502,district,23,,4,23,,,,schemas/reference-data/TACATDP_RefWards.csv
tacatdp,ward,503,Butengo rumasa,Butengo rumasa,active,503,district,23,,4,23,,,,schemas/reference-data/TACATDP_RefWards.csv
tacatdp,ward,504,Buziku,Buziku,active,504,district,23,,4,23,,,,schemas/reference-data/TACATDP_RefWards.csv
tacatdp,ward,505,Nyarutembo,Nyarutembo,active,505,district,23,,4,23,,,,schemas/reference-data/TACATDP_RefWards.csv
tacatdp,ward,506,Bwera,Bwera,active,506,district,23,,4,23,,,,schemas/reference-data/TACATDP_RefWards.csv
tacatdp,ward,507,Bwanga,Bwanga,active,507,district,23,,4,23,,,,schemas/reference-data/TACATDP_RefWards.csv
tacatdp,ward,508,Minkoto,Minkoto,active,508,district,23,,4,23,,,,schemas/reference-data/TACATDP_RefWards.csv
tacatdp,ward,509,Ichwankima,Ichwankima,active,509,district,23,,4,23,,,,schemas/reference-data/TACATDP_RefWards.csv
tacatdp,ward,510,Kachwamba,Kachwamba,active,510,district,23,,4,23,,,,schemas/reference-data/TACATDP_RefWards.csv
tacatdp,ward,511,Kasenga,Kasenga,active,511,district,23,,4,23,,,,schemas/reference-data/TACATDP_RefWards.csv
tacatdp,ward,512,Ilemela,Ilemela,active,512,district,23,,4,23,,,,schemas/reference-data/TACATDP_RefWards.csv
tacatdp,ward,513,Nyamirembe,Nyamirembe,active,513,district,23,,4,23,,,,schemas/reference-data/TACATDP_RefWards.csv
tacatdp,ward,514,Kigongo,Kigongo,active,514,district,23,,4,23,,,,schemas/reference-data/TACATDP_RefWards.csv
tacatdp,ward,515,Muganza,Muganza,active,515,district,23,,4,23,,,,schemas/reference-data/TACATDP_RefWards.csv
tacatdp,ward,516,Bwongera,Bwongera,active,516,district,23,,4,23,,,,schemas/reference-data/TACATDP_RefWards.csv
tacatdp,ward,517,Bukome,Bukome,active,517,district,23,,4,23,,,,schemas/reference-data/TACATDP_RefWards.csv
tacatdp,ward,518,Katende,Katende,active,518,district,23,,4,23,,,,schemas/reference-data/TACATDP_RefWards.csv
tacatdp,ward,519,Ilyamchele,Ilyamchele,active,519,district,23,,4,23,,,,schemas/reference-data/TACATDP_RefWards.csv
tacatdp,ward,520,Chato,Chato,active,520,district,23,,4,23,,,,schemas/reference-data/TACATDP_RefWards.csv
tacatdp,ward,521,Bwina,Bwina,active,521,district,23,,4,23,,,,schemas/reference-data/TACATDP_RefWards.csv
tacatdp,ward,522,Muungano,Muungano,active,522,district,23,,4,23,,,,schemas/reference-data/TACATDP_RefWards.csv
tacatdp,ward,523,Bukoli,Bukoli,active,523,district,24,,4,24,,,,schemas/reference-data/TACATDP_RefWards.csv
tacatdp,ward,524,Butobela,Butobela,active,524,district,24,,4,24,,,,schemas/reference-data/TACATDP_RefWards.csv
tacatdp,ward,525,Busanda,Busanda,active,525,district,24,,4,24,,,,schemas/reference-data/TACATDP_RefWards.csv
tacatdp,ward,526,Kamena,Kamena,active,526,district,24,,4,24,,,,schemas/reference-data/TACATDP_RefWards.csv
tacatdp,ward,527,Nyalwanzaja,Nyalwanzaja,active,527,district,24,,4,24,,,,schemas/reference-data/TACATDP_RefWards.csv
tacatdp,ward,528,Rwamgasa,Rwamgasa,active,528,district,24,,4,24,,,,schemas/reference-data/TACATDP_RefWards.csv
tacatdp,ward,529,Nyakamwaga,Nyakamwaga,active,529,district,24,,4,24,,,,schemas/reference-data/TACATDP_RefWards.csv
tacatdp,ward,530,Nyamalimbe,Nyamalimbe,active,530,district,24,,4,24,,,,schemas/reference-data/TACATDP_RefWards.csv
tacatdp,ward,531,Bujula,Bujula,active,531,district,24,,4,24,,,,schemas/reference-data/TACATDP_RefWards.csv
tacatdp,ward,532,Nyarugusu,Nyarugusu,active,532,district,24,,4,24,,,,schemas/reference-data/TACATDP_RefWards.csv
tacatdp,ward,533,Nyaruyeye,Nyaruyeye,active,533,district,24,,4,24,,,,schemas/reference-data/TACATDP_RefWards.csv
tacatdp,ward,534,Bukondo,Bukondo,active,534,district,24,,4,24,,,,schemas/reference-data/TACATDP_RefWards.csv
tacatdp,ward,535,Chigunga,Chigunga,active,535,district,24,,4,24,,,,schemas/reference-data/TACATDP_RefWards.csv
tacatdp,ward,536,Nyamwilolelwa,Nyamwilolelwa,active,536,district,24,,4,24,,,,schemas/reference-data/TACATDP_RefWards.csv
tacatdp,ward,537,Kaseme,Kaseme,active,537,district,24,,4,24,,,,schemas/reference-data/TACATDP_RefWards.csv
tacatdp,ward,538,Magenge,Magenge,active,538,district,24,,4,24,,,,schemas/reference-data/TACATDP_RefWards.csv
tacatdp,ward,539,Nyachiluluma,Nyachiluluma,active,539,district,24,,4,24,,,,schemas/reference-data/TACATDP_RefWards.csv
tacatdp,ward,540,Butundwe,Butundwe,active,540,district,24,,4,24,,,,schemas/reference-data/TACATDP_RefWards.csv
tacatdp,ward,541,Nyakagomba,Nyakagomba,active,541,district,24,,4,24,,,,schemas/reference-data/TACATDP_RefWards.csv
tacatdp,ward,542,Kamhanga,Kamhanga,active,542,district,24,,4,24,,,,schemas/reference-data/TACATDP_RefWards.csv
tacatdp,ward,543,Bugalama,Bugalama,active,543,district,24,,4,24,,,,schemas/reference-data/TACATDP_RefWards.csv
tacatdp,ward,544,Lubanga,Lubanga,active,544,district,24,,4,24,,,,schemas/reference-data/TACATDP_RefWards.csv
tacatdp,ward,545,Isulwabutundwe,Isulwabutundwe,active,545,district,24,,4,24,,,,schemas/reference-data/TACATDP_RefWards.csv
tacatdp,ward,546,Bugulula,Bugulula,active,546,district,24,,4,24,,,,schemas/reference-data/TACATDP_RefWards.csv
tacatdp,ward,547,Nyawilimilwa,Nyawilimilwa,active,547,district,24,,4,24,,,,schemas/reference-data/TACATDP_RefWards.csv
tacatdp,ward,548,Kagu,Kagu,active,548,district,24,,4,24,,,,schemas/reference-data/TACATDP_RefWards.csv
tacatdp,ward,549,Nkome,Nkome,active,549,district,24,,4,24,,,,schemas/reference-data/TACATDP_RefWards.csv
tacatdp,ward,550,Izumacheli,Izumacheli,active,550,district,24,,4,24,,,,schemas/reference-data/TACATDP_RefWards.csv
tacatdp,ward,551,Katoma,Katoma,active,551,district,24,,4,24,,,,schemas/reference-data/TACATDP_RefWards.csv
tacatdp,ward,552,Nyamboge,Nyamboge,active,552,district,24,,4,24,,,,schemas/reference-data/TACATDP_RefWards.csv
tacatdp,ward,553,Nzera,Nzera,active,553,district,24,,4,24,,,,schemas/reference-data/TACATDP_RefWards.csv
tacatdp,ward,554,Lwenzera,Lwenzera,active,554,district,24,,4,24,,,,schemas/reference-data/TACATDP_RefWards.csv
tacatdp,ward,555,Senga,Senga,active,555,district,24,,4,24,,,,schemas/reference-data/TACATDP_RefWards.csv
tacatdp,ward,556,Kakubilo,Kakubilo,active,556,district,24,,4,24,,,,schemas/reference-data/TACATDP_RefWards.csv
tacatdp,ward,557,Katoro,Katoro,active,557,district,24,,4,24,,,,schemas/reference-data/TACATDP_RefWards.csv
tacatdp,ward,558,,,active,558,district,24,,4,24,,,,schemas/reference-data/TACATDP_RefWards.csv
tacatdp,ward,559,Ludete,Ludete,active,559,district,24,,4,24,,,,schemas/reference-data/TACATDP_RefWards.csv
tacatdp,ward,560,Nyamigota,Nyamigota,active,560,district,24,,4,24,,,,schemas/reference-data/TACATDP_RefWards.csv
tacatdp,ward,561,Mbogwe,Mbogwe,active,561,district,25,,4,25,,,,schemas/reference-data/TACATDP_RefWards.csv
tacatdp,ward,562,Nanda,Nanda,active,562,district,25,,4,25,,,,schemas/reference-data/TACATDP_RefWards.csv
tacatdp,ward,563,Nyasato,Nyasato,active,563,district,25,,4,25,,,,schemas/reference-data/TACATDP_RefWards.csv
tacatdp,ward,564,Ngemo,Ngemo,active,564,district,25,,4,25,,,,schemas/reference-data/TACATDP_RefWards.csv
tacatdp,ward,565,Ushirika,Ushirika,active,565,district,25,,4,25,,,,schemas/reference-data/TACATDP_RefWards.csv
tacatdp,ward,566,Bunigonzi,Bunigonzi,active,566,district,25,,4,25,,,,schemas/reference-data/TACATDP_RefWards.csv
tacatdp,ward,567,Ikunguigazi,Ikunguigazi,active,567,district,25,,4,25,,,,schemas/reference-data/TACATDP_RefWards.csv
tacatdp,ward,568,Lulembela,Lulembela,active,568,district,25,,4,25,,,,schemas/reference-data/TACATDP_RefWards.csv
tacatdp,ward,569,Ilolangulu,Ilolangulu,active,569,district,25,,4,25,,,,schemas/reference-data/TACATDP_RefWards.csv
tacatdp,ward,570,Ikobe,Ikobe,active,570,district,25,,4,25,,,,schemas/reference-data/TACATDP_RefWards.csv
tacatdp,ward,571,Isebya,Isebya,active,571,district,25,,4,25,,,,schemas/reference-data/TACATDP_RefWards.csv
tacatdp,ward,572,Masumbwe,Masumbwe,active,572,district,25,,4,25,,,,schemas/reference-data/TACATDP_RefWards.csv
tacatdp,ward,573,Nyakafulu,Nyakafulu,active,573,district,25,,4,25,,,,schemas/reference-data/TACATDP_RefWards.csv
tacatdp,ward,574,Nhomolwa,Nhomolwa,active,574,district,25,,4,25,,,,schemas/reference-data/TACATDP_RefWards.csv
tacatdp,ward,575,Bukandwe,Bukandwe,active,575,district,25,,4,25,,,,schemas/reference-data/TACATDP_RefWards.csv
tacatdp,ward,576,Lugunga,Lugunga,active,576,district,25,,4,25,,,,schemas/reference-data/TACATDP_RefWards.csv
tacatdp,ward,577,Iponya,Iponya,active,577,district,25,,4,25,,,,schemas/reference-data/TACATDP_RefWards.csv
tacatdp,ward,578,Bukwimba,Bukwimba,active,578,district,26,,4,26,,,,schemas/reference-data/TACATDP_RefWards.csv
tacatdp,ward,579,,,active,579,district,26,,4,26,,,,schemas/reference-data/TACATDP_RefWards.csv
tacatdp,ward,580,Nundu,Nundu,active,580,district,26,,4,26,,,,schemas/reference-data/TACATDP_RefWards.csv
tacatdp,ward,581,Kafita,Kafita,active,581,district,26,,4,26,,,,schemas/reference-data/TACATDP_RefWards.csv
tacatdp,ward,582,Kharumwa,Kharumwa,active,582,district,26,,4,26,,,,schemas/reference-data/TACATDP_RefWards.csv
tacatdp,ward,583,Izunya,Izunya,active,583,district,26,,4,26,,,,schemas/reference-data/TACATDP_RefWards.csv
tacatdp,ward,584,Nyugwa,Nyugwa,active,584,district,26,,4,26,,,,schemas/reference-data/TACATDP_RefWards.csv
tacatdp,ward,585,Nyijundu,Nyijundu,active,585,district,26,,4,26,,,,schemas/reference-data/TACATDP_RefWards.csv
tacatdp,ward,586,Kakora,Kakora,active,586,district,26,,4,26,,,,schemas/reference-data/TACATDP_RefWards.csv
tacatdp,ward,587,Nyamtukuza,Nyamtukuza,active,587,district,26,,4,26,,,,schemas/reference-data/TACATDP_RefWards.csv
tacatdp,ward,588,Busolwa,Busolwa,active,588,district,26,,4,26,,,,schemas/reference-data/TACATDP_RefWards.csv
tacatdp,ward,589,Kaboha,Kaboha,active,589,district,26,,4,26,,,,schemas/reference-data/TACATDP_RefWards.csv
tacatdp,ward,590,Nyang'hwale,Nyang'hwale,active,590,district,26,,4,26,,,,schemas/reference-data/TACATDP_RefWards.csv
tacatdp,ward,591,Shabaka,Shabaka,active,591,district,26,,4,26,,,,schemas/reference-data/TACATDP_RefWards.csv
tacatdp,ward,592,Mwingiro,Mwingiro,active,592,district,26,,4,26,,,,schemas/reference-data/TACATDP_RefWards.csv
tacatdp,ward,593,Nyabulanda,Nyabulanda,active,593,district,26,,4,26,,,,schemas/reference-data/TACATDP_RefWards.csv
tacatdp,ward,594,Mtwivila,Mtwivila,active,594,district,27,,5,27,,,,schemas/reference-data/TACATDP_RefWards.csv
tacatdp,ward,595,Mkimbizi,Mkimbizi,active,595,district,27,,5,27,,,,schemas/reference-data/TACATDP_RefWards.csv
tacatdp,ward,596,Makorongoni,Makorongoni,active,596,district,27,,5,27,,,,schemas/reference-data/TACATDP_RefWards.csv
tacatdp,ward,597,Kihesa,Kihesa,active,597,district,27,,5,27,,,,schemas/reference-data/TACATDP_RefWards.csv
tacatdp,ward,598,Mkwawa,Mkwawa,active,598,district,27,,5,27,,,,schemas/reference-data/TACATDP_RefWards.csv
tacatdp,ward,599,Kitwiru,Kitwiru,active,599,district,27,,5,27,,,,schemas/reference-data/TACATDP_RefWards.csv
tacatdp,ward,600,Ruaha,Ruaha,active,600,district,27,,5,27,,,,schemas/reference-data/TACATDP_RefWards.csv
tacatdp,ward,601,Igumbilo,Igumbilo,active,601,district,27,,5,27,,,,schemas/reference-data/TACATDP_RefWards.csv
tacatdp,ward,602,Isakalilo,Isakalilo,active,602,district,27,,5,27,,,,schemas/reference-data/TACATDP_RefWards.csv
tacatdp,ward,603,Mwangata,Mwangata,active,603,district,27,,5,27,,,,schemas/reference-data/TACATDP_RefWards.csv
tacatdp,ward,604,,,active,604,district,27,,5,27,,,,schemas/reference-data/TACATDP_RefWards.csv
tacatdp,ward,605,Ilala,Ilala,active,605,district,27,,5,27,,,,schemas/reference-data/TACATDP_RefWards.csv
tacatdp,ward,606,Gangilonga,Gangilonga,active,606,district,27,,5,27,,,,schemas/reference-data/TACATDP_RefWards.csv
tacatdp,ward,607,Kwakilosa,Kwakilosa,active,607,district,27,,5,27,,,,schemas/reference-data/TACATDP_RefWards.csv
tacatdp,ward,608,Mivinjeni,Mivinjeni,active,608,district,27,,5,27,,,,schemas/reference-data/TACATDP_RefWards.csv
tacatdp,ward,609,Mlandege,Mlandege,active,609,district,27,,5,27,,,,schemas/reference-data/TACATDP_RefWards.csv
tacatdp,ward,610,Mshindo,Mshindo,active,610,district,27,,5,27,,,,schemas/reference-data/TACATDP_RefWards.csv
tacatdp,ward,611,Nduli,Nduli,active,611,district,27,,5,27,,,,schemas/reference-data/TACATDP_RefWards.csv
tacatdp,ward,612,Kitanzini,Kitanzini,active,612,district,27,,5,27,,,,schemas/reference-data/TACATDP_RefWards.csv
tacatdp,ward,613,Boma,Boma,active,613,district,28,,5,28,,,,schemas/reference-data/TACATDP_RefWards.csv
tacatdp,ward,614,Wambi,Wambi,active,614,district,28,,5,28,,,,schemas/reference-data/TACATDP_RefWards.csv
tacatdp,ward,615,Kinyanambo,Kinyanambo,active,615,district,28,,5,28,,,,schemas/reference-data/TACATDP_RefWards.csv
tacatdp,ward,616,Upendo,Upendo,active,616,district,28,,5,28,,,,schemas/reference-data/TACATDP_RefWards.csv
tacatdp,ward,617,Sao Hill,Sao Hill,active,617,district,28,,5,28,,,,schemas/reference-data/TACATDP_RefWards.csv
tacatdp,ward,618,Changarawe,Changarawe,active,618,district,28,,5,28,,,,schemas/reference-data/TACATDP_RefWards.csv
tacatdp,ward,619,Rungemba,Rungemba,active,619,district,28,,5,28,,,,schemas/reference-data/TACATDP_RefWards.csv
tacatdp,ward,620,Isalavanu,Isalavanu,active,620,district,28,,5,28,,,,schemas/reference-data/TACATDP_RefWards.csv
tacatdp,ward,621,Bumilayinga,Bumilayinga,active,621,district,28,,5,28,,,,schemas/reference-data/TACATDP_RefWards.csv
tacatdp,ward,622,Idete,Idete,active,622,district,29,,5,29,,,,schemas/reference-data/TACATDP_RefWards.csv
tacatdp,ward,623,Kimala,Kimala,active,623,district,29,,5,29,,,,schemas/reference-data/TACATDP_RefWards.csv
tacatdp,ward,624,Ukwega,Ukwega,active,624,district,29,,5,29,,,,schemas/reference-data/TACATDP_RefWards.csv
tacatdp,ward,625,Kising'a,Kising'a,active,625,district,29,,5,29,,,,schemas/reference-data/TACATDP_RefWards.csv
tacatdp,ward,626,Ukumbi,Ukumbi,active,626,district,29,,5,29,,,,schemas/reference-data/TACATDP_RefWards.csv
tacatdp,ward,627,Ng'uruhe,Ng'uruhe,active,627,district,29,,5,29,,,,schemas/reference-data/TACATDP_RefWards.csv
tacatdp,ward,628,Dabaga,Dabaga,active,628,district,29,,5,29,,,,schemas/reference-data/TACATDP_RefWards.csv
tacatdp,ward,629,Ng'ang'ange,Ng'ang'ange,active,629,district,29,,5,29,,,,schemas/reference-data/TACATDP_RefWards.csv
tacatdp,ward,630,Mtitu,Mtitu,active,630,district,29,,5,29,,,,schemas/reference-data/TACATDP_RefWards.csv
tacatdp,ward,631,Ihimbo,Ihimbo,active,631,district,29,,5,29,,,,schemas/reference-data/TACATDP_RefWards.csv
tacatdp,ward,632,Bomalang'ombe,Bomalang'ombe,active,632,district,29,,5,29,,,,schemas/reference-data/TACATDP_RefWards.csv
tacatdp,ward,633,Masisiwe,Masisiwe,active,633,district,29,,5,29,,,,schemas/reference-data/TACATDP_RefWards.csv
tacatdp,ward,634,Mahenge,Mahenge,active,634,district,29,,5,29,,,,schemas/reference-data/TACATDP_RefWards.csv
tacatdp,ward,635,Nyanzwa,Nyanzwa,active,635,district,29,,5,29,,,,schemas/reference-data/TACATDP_RefWards.csv
tacatdp,ward,636,Ruaha Mbuyuni,Ruaha Mbuyuni,active,636,district,29,,5,29,,,,schemas/reference-data/TACATDP_RefWards.csv
tacatdp,ward,637,Udekwa,Udekwa,active,637,district,29,,5,29,,,,schemas/reference-data/TACATDP_RefWards.csv
tacatdp,ward,638,Image,Image,active,638,district,29,,5,29,,,,schemas/reference-data/TACATDP_RefWards.csv
tacatdp,ward,639,Ibumu,Ibumu,active,639,district,29,,5,29,,,,schemas/reference-data/TACATDP_RefWards.csv
tacatdp,ward,640,Irole,Irole,active,640,district,29,,5,29,,,,schemas/reference-data/TACATDP_RefWards.csv
tacatdp,ward,641,Lugalo,Lugalo,active,641,district,29,,5,29,,,,schemas/reference-data/TACATDP_RefWards.csv
tacatdp,ward,642,Uhambingeto,Uhambingeto,active,642,district,29,,5,29,,,,schemas/reference-data/TACATDP_RefWards.csv
tacatdp,ward,643,Ilula,Ilula,active,643,district,29,,5,29,,,,schemas/reference-data/TACATDP_RefWards.csv
tacatdp,ward,644,Nyalumbu,Nyalumbu,active,644,district,29,,5,29,,,,schemas/reference-data/TACATDP_RefWards.csv
tacatdp,ward,645,Mlafu,Mlafu,active,645,district,29,,5,29,,,,schemas/reference-data/TACATDP_RefWards.csv
tacatdp,ward,646,Maboga,Maboga,active,646,district,30,,5,30,,,,schemas/reference-data/TACATDP_RefWards.csv
tacatdp,ward,647,Kihanga,Kihanga,active,647,district,30,,5,30,,,,schemas/reference-data/TACATDP_RefWards.csv
tacatdp,ward,648,Ifunda,Ifunda,active,648,district,30,,5,30,,,,schemas/reference-data/TACATDP_RefWards.csv
tacatdp,ward,649,Lumuli,Lumuli,active,649,district,30,,5,30,,,,schemas/reference-data/TACATDP_RefWards.csv
tacatdp,ward,650,Wasa,Wasa,active,650,district,30,,5,30,,,,schemas/reference-data/TACATDP_RefWards.csv
tacatdp,ward,651,Malengamakali,Malengamakali,active,651,district,30,,5,30,,,,schemas/reference-data/TACATDP_RefWards.csv
tacatdp,ward,652,Kihorogota,Kihorogota,active,652,district,30,,5,30,,,,schemas/reference-data/TACATDP_RefWards.csv
tacatdp,ward,653,Kising'a,Kising'a,active,653,district,30,,5,30,,,,schemas/reference-data/TACATDP_RefWards.csv
tacatdp,ward,654,Nyang'oro,Nyang'oro,active,654,district,30,,5,30,,,,schemas/reference-data/TACATDP_RefWards.csv
tacatdp,ward,655,Izazi,Izazi,active,655,district,30,,5,30,,,,schemas/reference-data/TACATDP_RefWards.csv
tacatdp,ward,656,Migoli,Migoli,active,656,district,30,,5,30,,,,schemas/reference-data/TACATDP_RefWards.csv
tacatdp,ward,657,Mahuninga,Mahuninga,active,657,district,30,,5,30,,,,schemas/reference-data/TACATDP_RefWards.csv
tacatdp,ward,658,Idodi,Idodi,active,658,district,30,,5,30,,,,schemas/reference-data/TACATDP_RefWards.csv
tacatdp,ward,659,Mlowa,Mlowa,active,659,district,30,,5,30,,,,schemas/reference-data/TACATDP_RefWards.csv
tacatdp,ward,660,Ulanda,Ulanda,active,660,district,30,,5,30,,,,schemas/reference-data/TACATDP_RefWards.csv
tacatdp,ward,661,Kalenga,Kalenga,active,661,district,30,,5,30,,,,schemas/reference-data/TACATDP_RefWards.csv
tacatdp,ward,662,Nzihi,Nzihi,active,662,district,30,,5,30,,,,schemas/reference-data/TACATDP_RefWards.csv
tacatdp,ward,663,Kiwere,Kiwere,active,663,district,30,,5,30,,,,schemas/reference-data/TACATDP_RefWards.csv
tacatdp,ward,664,Itunundu,Itunundu,active,664,district,30,,5,30,,,,schemas/reference-data/TACATDP_RefWards.csv
tacatdp,ward,665,Mboliboli,Mboliboli,active,665,district,30,,5,30,,,,schemas/reference-data/TACATDP_RefWards.csv
tacatdp,ward,666,Ilolompya,Ilolompya,active,666,district,30,,5,30,,,,schemas/reference-data/TACATDP_RefWards.csv
tacatdp,ward,667,Mlenge,Mlenge,active,667,district,30,,5,30,,,,schemas/reference-data/TACATDP_RefWards.csv
tacatdp,ward,668,Magulilwa,Magulilwa,active,668,district,30,,5,30,,,,schemas/reference-data/TACATDP_RefWards.csv
tacatdp,ward,669,Lyamgungwe,Lyamgungwe,active,669,district,30,,5,30,,,,schemas/reference-data/TACATDP_RefWards.csv
tacatdp,ward,670,Mgama,Mgama,active,670,district,30,,5,30,,,,schemas/reference-data/TACATDP_RefWards.csv
tacatdp,ward,671,Luhota,Luhota,active,671,district,30,,5,30,,,,schemas/reference-data/TACATDP_RefWards.csv
tacatdp,ward,672,Mseke,Mseke,active,672,district,30,,5,30,,,,schemas/reference-data/TACATDP_RefWards.csv
tacatdp,ward,673,Masaka,Masaka,active,673,district,30,,5,30,,,,schemas/reference-data/TACATDP_RefWards.csv
tacatdp,ward,674,Ikweha,Ikweha,active,674,district,31,,5,31,,,,schemas/reference-data/TACATDP_RefWards.csv
tacatdp,ward,675,Sadani,Sadani,active,675,district,31,,5,31,,,,schemas/reference-data/TACATDP_RefWards.csv
tacatdp,ward,676,Igombavanu,Igombavanu,active,676,district,31,,5,31,,,,schemas/reference-data/TACATDP_RefWards.csv
tacatdp,ward,677,Kibengu,Kibengu,active,677,district,31,,5,31,,,,schemas/reference-data/TACATDP_RefWards.csv
tacatdp,ward,678,Ihalimba,Ihalimba,active,678,district,31,,5,31,,,,schemas/reference-data/TACATDP_RefWards.csv
tacatdp,ward,679,Mapanda,Mapanda,active,679,district,31,,5,31,,,,schemas/reference-data/TACATDP_RefWards.csv
tacatdp,ward,680,Mpanga Tazara,Mpanga Tazara,active,680,district,31,,5,31,,,,schemas/reference-data/TACATDP_RefWards.csv
tacatdp,ward,681,Mninga,Mninga,active,681,district,31,,5,31,,,,schemas/reference-data/TACATDP_RefWards.csv
tacatdp,ward,682,Igowole,Igowole,active,682,district,31,,5,31,,,,schemas/reference-data/TACATDP_RefWards.csv
tacatdp,ward,683,Kasanga,Kasanga,active,683,district,31,,5,31,,,,schemas/reference-data/TACATDP_RefWards.csv
tacatdp,ward,684,Makungu,Makungu,active,684,district,31,,5,31,,,,schemas/reference-data/TACATDP_RefWards.csv
tacatdp,ward,685,Kiyowela,Kiyowela,active,685,district,31,,5,31,,,,schemas/reference-data/TACATDP_RefWards.csv
tacatdp,ward,686,Idete,Idete,active,686,district,31,,5,31,,,,schemas/reference-data/TACATDP_RefWards.csv
tacatdp,ward,687,Mtambula,Mtambula,active,687,district,31,,5,31,,,,schemas/reference-data/TACATDP_RefWards.csv
tacatdp,ward,688,Itandula,Itandula,active,688,district,31,,5,31,,,,schemas/reference-data/TACATDP_RefWards.csv
tacatdp,ward,689,Mbalamaziwa,Mbalamaziwa,active,689,district,31,,5,31,,,,schemas/reference-data/TACATDP_RefWards.csv
tacatdp,ward,690,Nyololo,Nyololo,active,690,district,31,,5,31,,,,schemas/reference-data/TACATDP_RefWards.csv
tacatdp,ward,691,Maduma,Maduma,active,691,district,31,,5,31,,,,schemas/reference-data/TACATDP_RefWards.csv
tacatdp,ward,692,Malangali,Malangali,active,692,district,31,,5,31,,,,schemas/reference-data/TACATDP_RefWards.csv
tacatdp,ward,693,Idunda,Idunda,active,693,district,31,,5,31,,,,schemas/reference-data/TACATDP_RefWards.csv
tacatdp,ward,694,Ihowanza,Ihowanza,active,694,district,31,,5,31,,,,schemas/reference-data/TACATDP_RefWards.csv
tacatdp,ward,695,Ifwagi,Ifwagi,active,695,district,31,,5,31,,,,schemas/reference-data/TACATDP_RefWards.csv
tacatdp,ward,696,Ikongosi,Ikongosi,active,696,district,31,,5,31,,,,schemas/reference-data/TACATDP_RefWards.csv
tacatdp,ward,697,Mdabulo,Mdabulo,active,697,district,31,,5,31,,,,schemas/reference-data/TACATDP_RefWards.csv
tacatdp,ward,698,Ihanu,Ihanu,active,698,district,31,,5,31,,,,schemas/reference-data/TACATDP_RefWards.csv
tacatdp,ward,699,Mtwango,Mtwango,active,699,district,31,,5,31,,,,schemas/reference-data/TACATDP_RefWards.csv
tacatdp,ward,700,Luhunga,Luhunga,active,700,district,31,,5,31,,,,schemas/reference-data/TACATDP_RefWards.csv
tacatdp,ward,701,Kashai,Kashai,active,701,district,32,,6,32,,,,schemas/reference-data/TACATDP_RefWards.csv
tacatdp,ward,702,Bilele,Bilele,active,702,district,32,,6,32,,,,schemas/reference-data/TACATDP_RefWards.csv
tacatdp,ward,703,Hamugembe,Hamugembe,active,703,district,32,,6,32,,,,schemas/reference-data/TACATDP_RefWards.csv
tacatdp,ward,704,Miembeni,Miembeni,active,704,district,32,,6,32,,,,schemas/reference-data/TACATDP_RefWards.csv
tacatdp,ward,705,Bakoba,Bakoba,active,705,district,32,,6,32,,,,schemas/reference-data/TACATDP_RefWards.csv
tacatdp,ward,706,Ijuganyondo,Ijuganyondo,active,706,district,32,,6,32,,,,schemas/reference-data/TACATDP_RefWards.csv
tacatdp,ward,707,Kibeta,Kibeta,active,707,district,32,,6,32,,,,schemas/reference-data/TACATDP_RefWards.csv
tacatdp,ward,708,Kitendaguro,Kitendaguro,active,708,district,32,,6,32,,,,schemas/reference-data/TACATDP_RefWards.csv
tacatdp,ward,709,Nshambya,Nshambya,active,709,district,32,,6,32,,,,schemas/reference-data/TACATDP_RefWards.csv
tacatdp,ward,710,Rwamishenye,Rwamishenye,active,710,district,32,,6,32,,,,schemas/reference-data/TACATDP_RefWards.csv
tacatdp,ward,711,Buhembe,Buhembe,active,711,district,32,,6,32,,,,schemas/reference-data/TACATDP_RefWards.csv
tacatdp,ward,712,Nyanga,Nyanga,active,712,district,32,,6,32,,,,schemas/reference-data/TACATDP_RefWards.csv
tacatdp,ward,713,Kahororo,Kahororo,active,713,district,32,,6,32,,,,schemas/reference-data/TACATDP_RefWards.csv
tacatdp,ward,714,Kagondo,Kagondo,active,714,district,32,,6,32,,,,schemas/reference-data/TACATDP_RefWards.csv
tacatdp,ward,715,Kalenge,Kalenge,active,715,district,33,,6,33,,,,schemas/reference-data/TACATDP_RefWards.csv
tacatdp,ward,716,Nyanza,Nyanza,active,716,district,33,,6,33,,,,schemas/reference-data/TACATDP_RefWards.csv
tacatdp,ward,717,Lusahunga,Lusahunga,active,717,district,33,,6,33,,,,schemas/reference-data/TACATDP_RefWards.csv
tacatdp,ward,718,Nyantakara,Nyantakara,active,718,district,33,,6,33,,,,schemas/reference-data/TACATDP_RefWards.csv
tacatdp,ward,719,Kaniha,Kaniha,active,719,district,33,,6,33,,,,schemas/reference-data/TACATDP_RefWards.csv
tacatdp,ward,720,Nyakahura,Nyakahura,active,720,district,33,,6,33,,,,schemas/reference-data/TACATDP_RefWards.csv
tacatdp,ward,721,Ruziba,Ruziba,active,721,district,33,,6,33,,,,schemas/reference-data/TACATDP_RefWards.csv
tacatdp,ward,722,Bisibo,Bisibo,active,722,district,33,,6,33,,,,schemas/reference-data/TACATDP_RefWards.csv
tacatdp,ward,723,Nyamigogo,Nyamigogo,active,723,district,33,,6,33,,,,schemas/reference-data/TACATDP_RefWards.csv
tacatdp,ward,724,Katahoka,Katahoka,active,724,district,33,,6,33,,,,schemas/reference-data/TACATDP_RefWards.csv
tacatdp,ward,725,Nyarubungo,Nyarubungo,active,725,district,33,,6,33,,,,schemas/reference-data/TACATDP_RefWards.csv
tacatdp,ward,726,Nyamahanga,Nyamahanga,active,726,district,33,,6,33,,,,schemas/reference-data/TACATDP_RefWards.csv
tacatdp,ward,727,Kabindi,Kabindi,active,727,district,33,,6,33,,,,schemas/reference-data/TACATDP_RefWards.csv
tacatdp,ward,728,Runazi,Runazi,active,728,district,33,,6,33,,,,schemas/reference-data/TACATDP_RefWards.csv
tacatdp,ward,729,Nyabusozi,Nyabusozi,active,729,district,33,,6,33,,,,schemas/reference-data/TACATDP_RefWards.csv
tacatdp,ward,730,Nemba,Nemba,active,730,district,33,,6,33,,,,schemas/reference-data/TACATDP_RefWards.csv
tacatdp,ward,731,Biharamulo Mjini,Biharamulo Mjini,active,731,district,33,,6,33,,,,schemas/reference-data/TACATDP_RefWards.csv
tacatdp,ward,732,Behendangabo,Behendangabo,active,732,district,34,,6,34,,,,schemas/reference-data/TACATDP_RefWards.csv
tacatdp,ward,733,Kaagya,Kaagya,active,733,district,34,,6,34,,,,schemas/reference-data/TACATDP_RefWards.csv
tacatdp,ward,734,Kishanje,Kishanje,active,734,district,34,,6,34,,,,schemas/reference-data/TACATDP_RefWards.csv
tacatdp,ward,735,Rubafu,Rubafu,active,735,district,34,,6,34,,,,schemas/reference-data/TACATDP_RefWards.csv
tacatdp,ward,736,Nyakato,Nyakato,active,736,district,34,,6,34,,,,schemas/reference-data/TACATDP_RefWards.csv
tacatdp,ward,737,Katoma,Katoma,active,737,district,34,,6,34,,,,schemas/reference-data/TACATDP_RefWards.csv
tacatdp,ward,738,Karabagaine,Karabagaine,active,738,district,34,,6,34,,,,schemas/reference-data/TACATDP_RefWards.csv
tacatdp,ward,739,Maruku,Maruku,active,739,district,34,,6,34,,,,schemas/reference-data/TACATDP_RefWards.csv
tacatdp,ward,740,Kanyangereko,Kanyangereko,active,740,district,34,,6,34,,,,schemas/reference-data/TACATDP_RefWards.csv
tacatdp,ward,741,Katoro,Katoro,active,741,district,34,,6,34,,,,schemas/reference-data/TACATDP_RefWards.csv
tacatdp,ward,742,Bujugo,Bujugo,active,742,district,34,,6,34,,,,schemas/reference-data/TACATDP_RefWards.csv
tacatdp,ward,743,Katerero,Katerero,active,743,district,34,,6,34,,,,schemas/reference-data/TACATDP_RefWards.csv
tacatdp,ward,744,Kyamulaile,Kyamulaile,active,744,district,34,,6,34,,,,schemas/reference-data/TACATDP_RefWards.csv
tacatdp,ward,745,Mikoni,Mikoni,active,745,district,34,,6,34,,,,schemas/reference-data/TACATDP_RefWards.csv
tacatdp,ward,746,Nyakibimbili,Nyakibimbili,active,746,district,34,,6,34,,,,schemas/reference-data/TACATDP_RefWards.csv
tacatdp,ward,747,Kasharu,Kasharu,active,747,district,34,,6,34,,,,schemas/reference-data/TACATDP_RefWards.csv
tacatdp,ward,748,Ibwera,Ibwera,active,748,district,34,,6,34,,,,schemas/reference-data/TACATDP_RefWards.csv
tacatdp,ward,749,Kaibanja,Kaibanja,active,749,district,34,,6,34,,,,schemas/reference-data/TACATDP_RefWards.csv
tacatdp,ward,750,Kishogo,Kishogo,active,750,district,34,,6,34,,,,schemas/reference-data/TACATDP_RefWards.csv
tacatdp,ward,751,Kemondo,Kemondo,active,751,district,34,,6,34,,,,schemas/reference-data/TACATDP_RefWards.csv
tacatdp,ward,752,Kibirizi,Kibirizi,active,752,district,34,,6,34,,,,schemas/reference-data/TACATDP_RefWards.csv
tacatdp,ward,753,Butelankuzi,Butelankuzi,active,753,district,34,,6,34,,,,schemas/reference-data/TACATDP_RefWards.csv
tacatdp,ward,754,Ruhunga,Ruhunga,active,754,district,34,,6,34,,,,schemas/reference-data/TACATDP_RefWards.csv
tacatdp,ward,755,Kikomelo,Kikomelo,active,755,district,34,,6,34,,,,schemas/reference-data/TACATDP_RefWards.csv
tacatdp,ward,756,Izimbya,Izimbya,active,756,district,34,,6,34,,,,schemas/reference-data/TACATDP_RefWards.csv
tacatdp,ward,757,Rubale,Rubale,active,757,district,34,,6,34,,,,schemas/reference-data/TACATDP_RefWards.csv
tacatdp,ward,758,Mugajwale,Mugajwale,active,758,district,34,,6,34,,,,schemas/reference-data/TACATDP_RefWards.csv
tacatdp,ward,759,Kyaitoke,Kyaitoke,active,759,district,34,,6,34,,,,schemas/reference-data/TACATDP_RefWards.csv
tacatdp,ward,760,Rukoma,Rukoma,active,760,district,34,,6,34,,,,schemas/reference-data/TACATDP_RefWards.csv
tacatdp,ward,761,Nyaishozi,Nyaishozi,active,761,district,35,,6,35,,,,schemas/reference-data/TACATDP_RefWards.csv
tacatdp,ward,762,Ihembe,Ihembe,active,762,district,35,,6,35,,,,schemas/reference-data/TACATDP_RefWards.csv
tacatdp,ward,763,Rugu,Rugu,active,763,district,35,,6,35,,,,schemas/reference-data/TACATDP_RefWards.csv
tacatdp,ward,764,Nyakasimbi,Nyakasimbi,active,764,district,35,,6,35,,,,schemas/reference-data/TACATDP_RefWards.csv
tacatdp,ward,765,Nyakakika,Nyakakika,active,765,district,35,,6,35,,,,schemas/reference-data/TACATDP_RefWards.csv
tacatdp,ward,766,Nyakabanga,Nyakabanga,active,766,district,35,,6,35,,,,schemas/reference-data/TACATDP_RefWards.csv
tacatdp,ward,767,Kibondo,Kibondo,active,767,district,35,,6,35,,,,schemas/reference-data/TACATDP_RefWards.csv
tacatdp,ward,768,Bweranyange,Bweranyange,active,768,district,35,,6,35,,,,schemas/reference-data/TACATDP_RefWards.csv
tacatdp,ward,769,Nyabiyonza,Nyabiyonza,active,769,district,35,,6,35,,,,schemas/reference-data/TACATDP_RefWards.csv
tacatdp,ward,770,Kamagambo,Kamagambo,active,770,district,35,,6,35,,,,schemas/reference-data/TACATDP_RefWards.csv
tacatdp,ward,771,Kiruruma,Kiruruma,active,771,district,35,,6,35,,,,schemas/reference-data/TACATDP_RefWards.csv
tacatdp,ward,772,Igurwa,Igurwa,active,772,district,35,,6,35,,,,schemas/reference-data/TACATDP_RefWards.csv
tacatdp,ward,773,Kanoni,Kanoni,active,773,district,35,,6,35,,,,schemas/reference-data/TACATDP_RefWards.csv
tacatdp,ward,774,Kihanga,Kihanga,active,774,district,35,,6,35,,,,schemas/reference-data/TACATDP_RefWards.csv
tacatdp,ward,775,Chanika,Chanika,active,775,district,35,,6,35,,,,schemas/reference-data/TACATDP_RefWards.csv
tacatdp,ward,776,Kituntu,Kituntu,active,776,district,35,,6,35,,,,schemas/reference-data/TACATDP_RefWards.csv
tacatdp,ward,777,Ndama,Ndama,active,777,district,35,,6,35,,,,schemas/reference-data/TACATDP_RefWards.csv
tacatdp,ward,778,Rugera,Rugera,active,778,district,35,,6,35,,,,schemas/reference-data/TACATDP_RefWards.csv
tacatdp,ward,779,Chonyonyo,Chonyonyo,active,779,district,35,,6,35,,,,schemas/reference-data/TACATDP_RefWards.csv
tacatdp,ward,780,Nyakahanga,Nyakahanga,active,780,district,35,,6,35,,,,schemas/reference-data/TACATDP_RefWards.csv
tacatdp,ward,781,Kayanga,Kayanga,active,781,district,35,,6,35,,,,schemas/reference-data/TACATDP_RefWards.csv
tacatdp,ward,782,Bugene,Bugene,active,782,district,35,,6,35,,,,schemas/reference-data/TACATDP_RefWards.csv
tacatdp,ward,783,Ihanda,Ihanda,active,783,district,35,,6,35,,,,schemas/reference-data/TACATDP_RefWards.csv
tacatdp,ward,784,Murongo,Murongo,active,784,district,36,,6,36,,,,schemas/reference-data/TACATDP_RefWards.csv
tacatdp,ward,785,Kibingo,Kibingo,active,785,district,36,,6,36,,,,schemas/reference-data/TACATDP_RefWards.csv
tacatdp,ward,786,Bugomora,Bugomora,active,786,district,36,,6,36,,,,schemas/reference-data/TACATDP_RefWards.csv
tacatdp,ward,787,Kibare,Kibare,active,787,district,36,,6,36,,,,schemas/reference-data/TACATDP_RefWards.csv
tacatdp,ward,788,Kaisho,Kaisho,active,788,district,36,,6,36,,,,schemas/reference-data/TACATDP_RefWards.csv
tacatdp,ward,789,Rutunguru,Rutunguru,active,789,district,36,,6,36,,,,schemas/reference-data/TACATDP_RefWards.csv
tacatdp,ward,790,Isingiro,Isingiro,active,790,district,36,,6,36,,,,schemas/reference-data/TACATDP_RefWards.csv
tacatdp,ward,791,Kyerwa,Kyerwa,active,791,district,36,,6,36,,,,schemas/reference-data/TACATDP_RefWards.csv
tacatdp,ward,792,Nyaruzumbura,Nyaruzumbura,active,792,district,36,,6,36,,,,schemas/reference-data/TACATDP_RefWards.csv
tacatdp,ward,793,Businde,Businde,active,793,district,36,,6,36,,,,schemas/reference-data/TACATDP_RefWards.csv
tacatdp,ward,794,Bugara,Bugara,active,794,district,36,,6,36,,,,schemas/reference-data/TACATDP_RefWards.csv
tacatdp,ward,795,Mabira,Mabira,active,795,district,36,,6,36,,,,schemas/reference-data/TACATDP_RefWards.csv
tacatdp,ward,796,Nyakatuntu,Nyakatuntu,active,796,district,36,,6,36,,,,schemas/reference-data/TACATDP_RefWards.csv
tacatdp,ward,797,Kamuli,Kamuli,active,797,district,36,,6,36,,,,schemas/reference-data/TACATDP_RefWards.csv
tacatdp,ward,798,Kitwe,Kitwe,active,798,district,36,,6,36,,,,schemas/reference-data/TACATDP_RefWards.csv
tacatdp,ward,799,Kimuli,Kimuli,active,799,district,36,,6,36,,,,schemas/reference-data/TACATDP_RefWards.csv
tacatdp,ward,800,Kakanja,Kakanja,active,800,district,36,,6,36,,,,schemas/reference-data/TACATDP_RefWards.csv
tacatdp,ward,801,Kikukuru,Kikukuru,active,801,district,36,,6,36,,,,schemas/reference-data/TACATDP_RefWards.csv
tacatdp,ward,802,Rwabwere,Rwabwere,active,802,district,36,,6,36,,,,schemas/reference-data/TACATDP_RefWards.csv
tacatdp,ward,803,Iteera,Iteera,active,803,district,36,,6,36,,,,schemas/reference-data/TACATDP_RefWards.csv
tacatdp,ward,804,Nkwenda,Nkwenda,active,804,district,36,,6,36,,,,schemas/reference-data/TACATDP_RefWards.csv
tacatdp,ward,805,Rukuraijo,Rukuraijo,active,805,district,36,,6,36,,,,schemas/reference-data/TACATDP_RefWards.csv
tacatdp,ward,806,Kitwechenkura,Kitwechenkura,active,806,district,36,,6,36,,,,schemas/reference-data/TACATDP_RefWards.csv
tacatdp,ward,807,Songambele,Songambele,active,807,district,36,,6,36,,,,schemas/reference-data/TACATDP_RefWards.csv
tacatdp,ward,808,Ishozi,Ishozi,active,808,district,37,,6,37,,,,schemas/reference-data/TACATDP_RefWards.csv
tacatdp,ward,809,Bwanjai,Bwanjai,active,809,district,37,,6,37,,,,schemas/reference-data/TACATDP_RefWards.csv
tacatdp,ward,810,Ishunju,Ishunju,active,810,district,37,,6,37,,,,schemas/reference-data/TACATDP_RefWards.csv
tacatdp,ward,811,Buyango,Buyango,active,811,district,37,,6,37,,,,schemas/reference-data/TACATDP_RefWards.csv
tacatdp,ward,812,Ruzinga,Ruzinga,active,812,district,37,,6,37,,,,schemas/reference-data/TACATDP_RefWards.csv
tacatdp,ward,813,Bugandika,Bugandika,active,813,district,37,,6,37,,,,schemas/reference-data/TACATDP_RefWards.csv
tacatdp,ward,814,Kitobo,Kitobo,active,814,district,37,,6,37,,,,schemas/reference-data/TACATDP_RefWards.csv
tacatdp,ward,815,Gera,Gera,active,815,district,37,,6,37,,,,schemas/reference-data/TACATDP_RefWards.csv
tacatdp,ward,816,Kanyigo,Kanyigo,active,816,district,37,,6,37,,,,schemas/reference-data/TACATDP_RefWards.csv
tacatdp,ward,817,Kashenye,Kashenye,active,817,district,37,,6,37,,,,schemas/reference-data/TACATDP_RefWards.csv
tacatdp,ward,818,Bugorora,Bugorora,active,818,district,37,,6,37,,,,schemas/reference-data/TACATDP_RefWards.csv
tacatdp,ward,819,Mushasha,Mushasha,active,819,district,37,,6,37,,,,schemas/reference-data/TACATDP_RefWards.csv
tacatdp,ward,820,Kyaka,Kyaka,active,820,district,37,,6,37,,,,schemas/reference-data/TACATDP_RefWards.csv
tacatdp,ward,821,Kilimilile,Kilimilile,active,821,district,37,,6,37,,,,schemas/reference-data/TACATDP_RefWards.csv
tacatdp,ward,822,Mabale,Mabale,active,822,district,37,,6,37,,,,schemas/reference-data/TACATDP_RefWards.csv
tacatdp,ward,823,Kassambya,Kassambya,active,823,district,37,,6,37,,,,schemas/reference-data/TACATDP_RefWards.csv
tacatdp,ward,824,Minziro,Minziro,active,824,district,37,,6,37,,,,schemas/reference-data/TACATDP_RefWards.csv
tacatdp,ward,825,Nsunga,Nsunga,active,825,district,37,,6,37,,,,schemas/reference-data/TACATDP_RefWards.csv
tacatdp,ward,826,Mutukula,Mutukula,active,826,district,37,,6,37,,,,schemas/reference-data/TACATDP_RefWards.csv
tacatdp,ward,827,Kakunyu,Kakunyu,active,827,district,37,,6,37,,,,schemas/reference-data/TACATDP_RefWards.csv
tacatdp,ward,828,Mushabago,Mushabago,active,828,district,38,,6,38,,,,schemas/reference-data/TACATDP_RefWards.csv
tacatdp,ward,829,Nyakatanga,Nyakatanga,active,829,district,38,,6,38,,,,schemas/reference-data/TACATDP_RefWards.csv
tacatdp,ward,830,Ngenge,Ngenge,active,830,district,38,,6,38,,,,schemas/reference-data/TACATDP_RefWards.csv
tacatdp,ward,831,Rutoro,Rutoro,active,831,district,38,,6,38,,,,schemas/reference-data/TACATDP_RefWards.csv
tacatdp,ward,832,Nshamba,Nshamba,active,832,district,38,,6,38,,,,schemas/reference-data/TACATDP_RefWards.csv
tacatdp,ward,833,Kishanda,Kishanda,active,833,district,38,,6,38,,,,schemas/reference-data/TACATDP_RefWards.csv
tacatdp,ward,834,Biirabo,Biirabo,active,834,district,38,,6,38,,,,schemas/reference-data/TACATDP_RefWards.csv
tacatdp,ward,835,Ijumbi,Ijumbi,active,835,district,38,,6,38,,,,schemas/reference-data/TACATDP_RefWards.csv
tacatdp,ward,836,Buganguzi,Buganguzi,active,836,district,38,,6,38,,,,schemas/reference-data/TACATDP_RefWards.csv
tacatdp,ward,837,Kashasha,Kashasha,active,837,district,38,,6,38,,,,schemas/reference-data/TACATDP_RefWards.csv
tacatdp,ward,838,Kabirizi,Kabirizi,active,838,district,38,,6,38,,,,schemas/reference-data/TACATDP_RefWards.csv
tacatdp,ward,839,Izigo,Izigo,active,839,district,38,,6,38,,,,schemas/reference-data/TACATDP_RefWards.csv
tacatdp,ward,840,Katoke,Katoke,active,840,district,38,,6,38,,,,schemas/reference-data/TACATDP_RefWards.csv
tacatdp,ward,841,Muhutwe,Muhutwe,active,841,district,38,,6,38,,,,schemas/reference-data/TACATDP_RefWards.csv
tacatdp,ward,842,Mayondwe,Mayondwe,active,842,district,38,,6,38,,,,schemas/reference-data/TACATDP_RefWards.csv
tacatdp,ward,843,Bumbire,Bumbire,active,843,district,38,,6,38,,,,schemas/reference-data/TACATDP_RefWards.csv
tacatdp,ward,844,Kagoma,Kagoma,active,844,district,38,,6,38,,,,schemas/reference-data/TACATDP_RefWards.csv
tacatdp,ward,845,Kikuku,Kikuku,active,845,district,38,,6,38,,,,schemas/reference-data/TACATDP_RefWards.csv
tacatdp,ward,846,Goziba,Goziba,active,846,district,38,,6,38,,,,schemas/reference-data/TACATDP_RefWards.csv
tacatdp,ward,847,Kerebe,Kerebe,active,847,district,38,,6,38,,,,schemas/reference-data/TACATDP_RefWards.csv
tacatdp,ward,848,Kamachumu,Kamachumu,active,848,district,38,,6,38,,,,schemas/reference-data/TACATDP_RefWards.csv
tacatdp,ward,849,Bulyakashaju,Bulyakashaju,active,849,district,38,,6,38,,,,schemas/reference-data/TACATDP_RefWards.csv
tacatdp,ward,850,Ruhanga,Ruhanga,active,850,district,38,,6,38,,,,schemas/reference-data/TACATDP_RefWards.csv
tacatdp,ward,851,Mafumbo,Mafumbo,active,851,district,38,,6,38,,,,schemas/reference-data/TACATDP_RefWards.csv
tacatdp,ward,852,Ibuga,Ibuga,active,852,district,38,,6,38,,,,schemas/reference-data/TACATDP_RefWards.csv
tacatdp,ward,853,Kimwani,Kimwani,active,853,district,38,,6,38,,,,schemas/reference-data/TACATDP_RefWards.csv
tacatdp,ward,854,Nyakabango,Nyakabango,active,854,district,38,,6,38,,,,schemas/reference-data/TACATDP_RefWards.csv
tacatdp,ward,855,Karambi,Karambi,active,855,district,38,,6,38,,,,schemas/reference-data/TACATDP_RefWards.csv
tacatdp,ward,856,Kasharunga,Kasharunga,active,856,district,38,,6,38,,,,schemas/reference-data/TACATDP_RefWards.csv
tacatdp,ward,857,Rulanda,Rulanda,active,857,district,38,,6,38,,,,schemas/reference-data/TACATDP_RefWards.csv
tacatdp,ward,858,Mubunda,Mubunda,active,858,district,38,,6,38,,,,schemas/reference-data/TACATDP_RefWards.csv
tacatdp,ward,859,Bisheke,Bisheke,active,859,district,38,,6,38,,,,schemas/reference-data/TACATDP_RefWards.csv
tacatdp,ward,860,Kyebitembe,Kyebitembe,active,860,district,38,,6,38,,,,schemas/reference-data/TACATDP_RefWards.csv
tacatdp,ward,861,Burungura,Burungura,active,861,district,38,,6,38,,,,schemas/reference-data/TACATDP_RefWards.csv
tacatdp,ward,862,Ikuza,Ikuza,active,862,district,38,,6,38,,,,schemas/reference-data/TACATDP_RefWards.csv
tacatdp,ward,863,Kibanga,Kibanga,active,863,district,38,,6,38,,,,schemas/reference-data/TACATDP_RefWards.csv
tacatdp,ward,864,Ikondo,Ikondo,active,864,district,38,,6,38,,,,schemas/reference-data/TACATDP_RefWards.csv
tacatdp,ward,865,Buhangaza,Buhangaza,active,865,district,38,,6,38,,,,schemas/reference-data/TACATDP_RefWards.csv
tacatdp,ward,866,Magata/Karutanga,Magata/Karutanga,active,866,district,38,,6,38,,,,schemas/reference-data/TACATDP_RefWards.csv
tacatdp,ward,867,Gwanseli,Gwanseli,active,867,district,38,,6,38,,,,schemas/reference-data/TACATDP_RefWards.csv
tacatdp,ward,868,Bureza,Bureza,active,868,district,38,,6,38,,,,schemas/reference-data/TACATDP_RefWards.csv
tacatdp,ward,869,Mazinga,Mazinga,active,869,district,38,,6,38,,,,schemas/reference-data/TACATDP_RefWards.csv
tacatdp,ward,870,Muleba,Muleba,active,870,district,38,,6,38,,,,schemas/reference-data/TACATDP_RefWards.csv
tacatdp,ward,871,Kanazi,Kanazi,active,871,district,39,,6,39,,,,schemas/reference-data/TACATDP_RefWards.csv
tacatdp,ward,872,Mugoma,Mugoma,active,872,district,39,,6,39,,,,schemas/reference-data/TACATDP_RefWards.csv
tacatdp,ward,873,Kirushya,Kirushya,active,873,district,39,,6,39,,,,schemas/reference-data/TACATDP_RefWards.csv
tacatdp,ward,874,Mabawe,Mabawe,active,874,district,39,,6,39,,,,schemas/reference-data/TACATDP_RefWards.csv
tacatdp,ward,875,Kabanga,Kabanga,active,875,district,39,,6,39,,,,schemas/reference-data/TACATDP_RefWards.csv
tacatdp,ward,876,Murusagamba,Murusagamba,active,876,district,39,,6,39,,,,schemas/reference-data/TACATDP_RefWards.csv
tacatdp,ward,877,Nyamagoma,Nyamagoma,active,877,district,39,,6,39,,,,schemas/reference-data/TACATDP_RefWards.csv
tacatdp,ward,878,Muganza,Muganza,active,878,district,39,,6,39,,,,schemas/reference-data/TACATDP_RefWards.csv
tacatdp,ward,879,Nyakisasa,Nyakisasa,active,879,district,39,,6,39,,,,schemas/reference-data/TACATDP_RefWards.csv
tacatdp,ward,880,Mbuba,Mbuba,active,880,district,39,,6,39,,,,schemas/reference-data/TACATDP_RefWards.csv
tacatdp,ward,881,Bukiriro,Bukiriro,active,881,district,39,,6,39,,,,schemas/reference-data/TACATDP_RefWards.csv
tacatdp,ward,882,Bugarama,Bugarama,active,882,district,39,,6,39,,,,schemas/reference-data/TACATDP_RefWards.csv
tacatdp,ward,883,Kibogora,Kibogora,active,883,district,39,,6,39,,,,schemas/reference-data/TACATDP_RefWards.csv
tacatdp,ward,884,Keza,Keza,active,884,district,39,,6,39,,,,schemas/reference-data/TACATDP_RefWards.csv
tacatdp,ward,885,Rusumo,Rusumo,active,885,district,39,,6,39,,,,schemas/reference-data/TACATDP_RefWards.csv
tacatdp,ward,886,Kasulo,Kasulo,active,886,district,39,,6,39,,,,schemas/reference-data/TACATDP_RefWards.csv
tacatdp,ward,887,Nyamiaga,Nyamiaga,active,887,district,39,,6,39,,,,schemas/reference-data/TACATDP_RefWards.csv
tacatdp,ward,888,Murukurazo,Murukurazo,active,888,district,39,,6,39,,,,schemas/reference-data/TACATDP_RefWards.csv
tacatdp,ward,889,Ntobeye,Ntobeye,active,889,district,39,,6,39,,,,schemas/reference-data/TACATDP_RefWards.csv
tacatdp,ward,890,Kibimba,Kibimba,active,890,district,39,,6,39,,,,schemas/reference-data/TACATDP_RefWards.csv
tacatdp,ward,891,Ngara  Mjini,Ngara  Mjini,active,891,district,39,,6,39,,,,schemas/reference-data/TACATDP_RefWards.csv
tacatdp,ward,892,Rulenge,Rulenge,active,892,district,39,,6,39,,,,schemas/reference-data/TACATDP_RefWards.csv
tacatdp,ward,893,Kashaulili,Kashaulili,active,893,district,40,,7,40,,,,schemas/reference-data/TACATDP_RefWards.csv
tacatdp,ward,894,Majengo,Majengo,active,894,district,40,,7,40,,,,schemas/reference-data/TACATDP_RefWards.csv
tacatdp,ward,895,Nsemulwa,Nsemulwa,active,895,district,40,,7,40,,,,schemas/reference-data/TACATDP_RefWards.csv
tacatdp,ward,896,Uwanja wa Ndege,Uwanja wa Ndege,active,896,district,40,,7,40,,,,schemas/reference-data/TACATDP_RefWards.csv
tacatdp,ward,897,Kawajense,Kawajense,active,897,district,40,,7,40,,,,schemas/reference-data/TACATDP_RefWards.csv
tacatdp,ward,898,Kazima,Kazima,active,898,district,40,,7,40,,,,schemas/reference-data/TACATDP_RefWards.csv
tacatdp,ward,899,Makanyagio,Makanyagio,active,899,district,40,,7,40,,,,schemas/reference-data/TACATDP_RefWards.csv
tacatdp,ward,900,Shanwe,Shanwe,active,900,district,40,,7,40,,,,schemas/reference-data/TACATDP_RefWards.csv
tacatdp,ward,901,Mpanda Hotel,Mpanda Hotel,active,901,district,40,,7,40,,,,schemas/reference-data/TACATDP_RefWards.csv
tacatdp,ward,902,Ilembo,Ilembo,active,902,district,40,,7,40,,,,schemas/reference-data/TACATDP_RefWards.csv
tacatdp,ward,903,Misunkumilo,Misunkumilo,active,903,district,40,,7,40,,,,schemas/reference-data/TACATDP_RefWards.csv
tacatdp,ward,904,Mwamkulu,Mwamkulu,active,904,district,40,,7,40,,,,schemas/reference-data/TACATDP_RefWards.csv
tacatdp,ward,905,Kakese,Kakese,active,905,district,40,,7,40,,,,schemas/reference-data/TACATDP_RefWards.csv
tacatdp,ward,906,Magamba,Magamba,active,906,district,40,,7,40,,,,schemas/reference-data/TACATDP_RefWards.csv
tacatdp,ward,907,Kasokola,Kasokola,active,907,district,40,,7,40,,,,schemas/reference-data/TACATDP_RefWards.csv
tacatdp,ward,908,Karema,Karema,active,908,district,41,,7,41,,,,schemas/reference-data/TACATDP_RefWards.csv
tacatdp,ward,909,Kapalamsenga,Kapalamsenga,active,909,district,41,,7,41,,,,schemas/reference-data/TACATDP_RefWards.csv
tacatdp,ward,910,Ikola,Ikola,active,910,district,41,,7,41,,,,schemas/reference-data/TACATDP_RefWards.csv
tacatdp,ward,911,Isengule,Isengule,active,911,district,41,,7,41,,,,schemas/reference-data/TACATDP_RefWards.csv
tacatdp,ward,912,Katuma,Katuma,active,912,district,41,,7,41,,,,schemas/reference-data/TACATDP_RefWards.csv
tacatdp,ward,913,Mwese,Mwese,active,913,district,41,,7,41,,,,schemas/reference-data/TACATDP_RefWards.csv
tacatdp,ward,914,Kasekese,Kasekese,active,914,district,41,,7,41,,,,schemas/reference-data/TACATDP_RefWards.csv
tacatdp,ward,915,Sibwesa,Sibwesa,active,915,district,41,,7,41,,,,schemas/reference-data/TACATDP_RefWards.csv
tacatdp,ward,916,Kabungu,Kabungu,active,916,district,41,,7,41,,,,schemas/reference-data/TACATDP_RefWards.csv
tacatdp,ward,917,Mnyagala,Mnyagala,active,917,district,41,,7,41,,,,schemas/reference-data/TACATDP_RefWards.csv
tacatdp,ward,918,Tongwe,Tongwe,active,918,district,41,,7,41,,,,schemas/reference-data/TACATDP_RefWards.csv
tacatdp,ward,919,Mpandandogo,Mpandandogo,active,919,district,41,,7,41,,,,schemas/reference-data/TACATDP_RefWards.csv
tacatdp,ward,920,Mishamo,Mishamo,active,920,district,41,,7,41,,,,schemas/reference-data/TACATDP_RefWards.csv
tacatdp,ward,921,Ilangu,Ilangu,active,921,district,41,,7,41,,,,schemas/reference-data/TACATDP_RefWards.csv
tacatdp,ward,922,Bulamata,Bulamata,active,922,district,41,,7,41,,,,schemas/reference-data/TACATDP_RefWards.csv
tacatdp,ward,923,Ipwaga,Ipwaga,active,923,district,41,,7,41,,,,schemas/reference-data/TACATDP_RefWards.csv
tacatdp,ward,924,Nsimbo,Nsimbo,active,924,district,42,,7,42,,,,schemas/reference-data/TACATDP_RefWards.csv
tacatdp,ward,925,Kapalala,Kapalala,active,925,district,42,,7,42,,,,schemas/reference-data/TACATDP_RefWards.csv
tacatdp,ward,926,Mtapenda,Mtapenda,active,926,district,42,,7,42,,,,schemas/reference-data/TACATDP_RefWards.csv
tacatdp,ward,927,Machimboni,Machimboni,active,927,district,42,,7,42,,,,schemas/reference-data/TACATDP_RefWards.csv
tacatdp,ward,928,Ibindi,Ibindi,active,928,district,42,,7,42,,,,schemas/reference-data/TACATDP_RefWards.csv
tacatdp,ward,929,Itenka,Itenka,active,929,district,42,,7,42,,,,schemas/reference-data/TACATDP_RefWards.csv
tacatdp,ward,930,Sitalike,Sitalike,active,930,district,42,,7,42,,,,schemas/reference-data/TACATDP_RefWards.csv
tacatdp,ward,931,Uruwira,Uruwira,active,931,district,42,,7,42,,,,schemas/reference-data/TACATDP_RefWards.csv
tacatdp,ward,932,Ugalla,Ugalla,active,932,district,42,,7,42,,,,schemas/reference-data/TACATDP_RefWards.csv
tacatdp,ward,933,Litapunga,Litapunga,active,933,district,42,,7,42,,,,schemas/reference-data/TACATDP_RefWards.csv
tacatdp,ward,934,Kanoge,Kanoge,active,934,district,42,,7,42,,,,schemas/reference-data/TACATDP_RefWards.csv
tacatdp,ward,935,Katumba,Katumba,active,935,district,42,,7,42,,,,schemas/reference-data/TACATDP_RefWards.csv
tacatdp,ward,936,Ilunde,Ilunde,active,936,district,43,,7,43,,,,schemas/reference-data/TACATDP_RefWards.csv
tacatdp,ward,937,Ilela,Ilela,active,937,district,43,,7,43,,,,schemas/reference-data/TACATDP_RefWards.csv
tacatdp,ward,938,Utende,Utende,active,938,district,43,,7,43,,,,schemas/reference-data/TACATDP_RefWards.csv
tacatdp,ward,939,Inyonga,Inyonga,active,939,district,43,,7,43,,,,schemas/reference-data/TACATDP_RefWards.csv
tacatdp,ward,940,Kamsisi,Kamsisi,active,940,district,43,,7,43,,,,schemas/reference-data/TACATDP_RefWards.csv
tacatdp,ward,941,Nsenkwa,Nsenkwa,active,941,district,43,,7,43,,,,schemas/reference-data/TACATDP_RefWards.csv
tacatdp,ward,942,Mamba,Mamba,active,942,district,44,,7,44,,,,schemas/reference-data/TACATDP_RefWards.csv
tacatdp,ward,943,Kasansa,Kasansa,active,943,district,44,,7,44,,,,schemas/reference-data/TACATDP_RefWards.csv
tacatdp,ward,944,Majimoto,Majimoto,active,944,district,44,,7,44,,,,schemas/reference-data/TACATDP_RefWards.csv
tacatdp,ward,945,Mwamapuli,Mwamapuli,active,945,district,44,,7,44,,,,schemas/reference-data/TACATDP_RefWards.csv
tacatdp,ward,946,Chamalendi,Chamalendi,active,946,district,44,,7,44,,,,schemas/reference-data/TACATDP_RefWards.csv
tacatdp,ward,947,Kibaoni,Kibaoni,active,947,district,44,,7,44,,,,schemas/reference-data/TACATDP_RefWards.csv
tacatdp,ward,948,Usevya,Usevya,active,948,district,44,,7,44,,,,schemas/reference-data/TACATDP_RefWards.csv
tacatdp,ward,949,Ikuba,Ikuba,active,949,district,44,,7,44,,,,schemas/reference-data/TACATDP_RefWards.csv
tacatdp,ward,950,Mbede,Mbede,active,950,district,44,,7,44,,,,schemas/reference-data/TACATDP_RefWards.csv
tacatdp,ward,951,Kumnyika,Kumnyika,active,951,district,45,,8,45,,,,schemas/reference-data/TACATDP_RefWards.csv
tacatdp,ward,952,Kumsenga,Kumsenga,active,952,district,45,,8,45,,,,schemas/reference-data/TACATDP_RefWards.csv
tacatdp,ward,953,Murubona,Murubona,active,953,district,45,,8,45,,,,schemas/reference-data/TACATDP_RefWards.csv
tacatdp,ward,954,Murusi,Murusi,active,954,district,45,,8,45,,,,schemas/reference-data/TACATDP_RefWards.csv
tacatdp,ward,955,Mwilavya,Mwilavya,active,955,district,45,,8,45,,,,schemas/reference-data/TACATDP_RefWards.csv
tacatdp,ward,956,Kigondo,Kigondo,active,956,district,45,,8,45,,,,schemas/reference-data/TACATDP_RefWards.csv
tacatdp,ward,957,Murufiti,Murufiti,active,957,district,45,,8,45,,,,schemas/reference-data/TACATDP_RefWards.csv
tacatdp,ward,958,Nyansha,Nyansha,active,958,district,45,,8,45,,,,schemas/reference-data/TACATDP_RefWards.csv
tacatdp,ward,959,Ruhita,Ruhita,active,959,district,45,,8,45,,,,schemas/reference-data/TACATDP_RefWards.csv
tacatdp,ward,960,Msambara,Msambara,active,960,district,45,,8,45,,,,schemas/reference-data/TACATDP_RefWards.csv
tacatdp,ward,961,Nyumbigwa,Nyumbigwa,active,961,district,45,,8,45,,,,schemas/reference-data/TACATDP_RefWards.csv
tacatdp,ward,962,Kimobwa,Kimobwa,active,962,district,45,,8,45,,,,schemas/reference-data/TACATDP_RefWards.csv
tacatdp,ward,963,Muhunga,Muhunga,active,963,district,45,,8,45,,,,schemas/reference-data/TACATDP_RefWards.csv
tacatdp,ward,964,Heru Juu,Heru Juu,active,964,district,45,,8,45,,,,schemas/reference-data/TACATDP_RefWards.csv
tacatdp,ward,965,Muganza,Muganza,active,965,district,45,,8,45,,,,schemas/reference-data/TACATDP_RefWards.csv
tacatdp,ward,966,Mwanga Kaskazini,Mwanga Kaskazini,active,966,district,46,,8,46,,,,schemas/reference-data/TACATDP_RefWards.csv
tacatdp,ward,967,Mwanga Kusini,Mwanga Kusini,active,967,district,46,,8,46,,,,schemas/reference-data/TACATDP_RefWards.csv
tacatdp,ward,968,Bangwe,Bangwe,active,968,district,46,,8,46,,,,schemas/reference-data/TACATDP_RefWards.csv
tacatdp,ward,969,Kigoma,Kigoma,active,969,district,46,,8,46,,,,schemas/reference-data/TACATDP_RefWards.csv
tacatdp,ward,970,Katubuka,Katubuka,active,970,district,46,,8,46,,,,schemas/reference-data/TACATDP_RefWards.csv
tacatdp,ward,971,Kibirizi,Kibirizi,active,971,district,46,,8,46,,,,schemas/reference-data/TACATDP_RefWards.csv
tacatdp,ward,972,Gungu,Gungu,active,972,district,46,,8,46,,,,schemas/reference-data/TACATDP_RefWards.csv
tacatdp,ward,973,Buzebazeba,Buzebazeba,active,973,district,46,,8,46,,,,schemas/reference-data/TACATDP_RefWards.csv
tacatdp,ward,974,Rusimbi,Rusimbi,active,974,district,46,,8,46,,,,schemas/reference-data/TACATDP_RefWards.csv
tacatdp,ward,975,Businde,Businde,active,975,district,46,,8,46,,,,schemas/reference-data/TACATDP_RefWards.csv
tacatdp,ward,976,Buhanda,Buhanda,active,976,district,46,,8,46,,,,schemas/reference-data/TACATDP_RefWards.csv
tacatdp,ward,977,Kitongoni,Kitongoni,active,977,district,46,,8,46,,,,schemas/reference-data/TACATDP_RefWards.csv
tacatdp,ward,978,Kipampa,Kipampa,active,978,district,46,,8,46,,,,schemas/reference-data/TACATDP_RefWards.csv
tacatdp,ward,979,Kasimbu,Kasimbu,active,979,district,46,,8,46,,,,schemas/reference-data/TACATDP_RefWards.csv
tacatdp,ward,980,Kasingirima,Kasingirima,active,980,district,46,,8,46,,,,schemas/reference-data/TACATDP_RefWards.csv
tacatdp,ward,981,Rubuga,Rubuga,active,981,district,46,,8,46,,,,schemas/reference-data/TACATDP_RefWards.csv
tacatdp,ward,982,Kagera,Kagera,active,982,district,46,,8,46,,,,schemas/reference-data/TACATDP_RefWards.csv
tacatdp,ward,983,Majengo,Majengo,active,983,district,46,,8,46,,,,schemas/reference-data/TACATDP_RefWards.csv
tacatdp,ward,984,Machinjioni,Machinjioni,active,984,district,46,,8,46,,,,schemas/reference-data/TACATDP_RefWards.csv
tacatdp,ward,985,Kibande,Kibande,active,985,district,47,,8,47,,,,schemas/reference-data/TACATDP_RefWards.csv
tacatdp,ward,986,Buhigwe,Buhigwe,active,986,district,47,,8,47,,,,schemas/reference-data/TACATDP_RefWards.csv
tacatdp,ward,987,Rusaba,Rusaba,active,987,district,47,,8,47,,,,schemas/reference-data/TACATDP_RefWards.csv
tacatdp,ward,988,Kinazi,Kinazi,active,988,district,47,,8,47,,,,schemas/reference-data/TACATDP_RefWards.csv
tacatdp,ward,989,Munzeze,Munzeze,active,989,district,47,,8,47,,,,schemas/reference-data/TACATDP_RefWards.csv
tacatdp,ward,990,Janda,Janda,active,990,district,47,,8,47,,,,schemas/reference-data/TACATDP_RefWards.csv
tacatdp,ward,991,Bukuba,Bukuba,active,991,district,47,,8,47,,,,schemas/reference-data/TACATDP_RefWards.csv
tacatdp,ward,992,Muhinda,Muhinda,active,992,district,47,,8,47,,,,schemas/reference-data/TACATDP_RefWards.csv
tacatdp,ward,993,Mubanga,Mubanga,active,993,district,47,,8,47,,,,schemas/reference-data/TACATDP_RefWards.csv
tacatdp,ward,994,Munanila,Munanila,active,994,district,47,,8,47,,,,schemas/reference-data/TACATDP_RefWards.csv
tacatdp,ward,995,Mkatanga,Mkatanga,active,995,district,47,,8,47,,,,schemas/reference-data/TACATDP_RefWards.csv
tacatdp,ward,996,Mwayaya,Mwayaya,active,996,district,47,,8,47,,,,schemas/reference-data/TACATDP_RefWards.csv
tacatdp,ward,997,Kibwigwa,Kibwigwa,active,997,district,47,,8,47,,,,schemas/reference-data/TACATDP_RefWards.csv
tacatdp,ward,998,Munyegera,Munyegera,active,998,district,47,,8,47,,,,schemas/reference-data/TACATDP_RefWards.csv
tacatdp,ward,999,Muyama,Muyama,active,999,district,47,,8,47,,,,schemas/reference-data/TACATDP_RefWards.csv
tacatdp,ward,1000,Kajana,Kajana,active,1000,district,47,,8,47,,,,schemas/reference-data/TACATDP_RefWards.csv
tacatdp,ward,1001,Kilelema,Kilelema,active,1001,district,47,,8,47,,,,schemas/reference-data/TACATDP_RefWards.csv
tacatdp,ward,1002,Mugera,Mugera,active,1002,district,47,,8,47,,,,schemas/reference-data/TACATDP_RefWards.csv
tacatdp,ward,1003,Nyamugali,Nyamugali,active,1003,district,47,,8,47,,,,schemas/reference-data/TACATDP_RefWards.csv
tacatdp,ward,1004,Biharu,Biharu,active,1004,district,47,,8,47,,,,schemas/reference-data/TACATDP_RefWards.csv
tacatdp,ward,1005,Kasanda,Kasanda,active,1005,district,48,,8,48,,,,schemas/reference-data/TACATDP_RefWards.csv
tacatdp,ward,1006,Mugunzu,Mugunzu,active,1006,district,48,,8,48,,,,schemas/reference-data/TACATDP_RefWards.csv
tacatdp,ward,1007,Gwanumpu,Gwanumpu,active,1007,district,48,,8,48,,,,schemas/reference-data/TACATDP_RefWards.csv
tacatdp,ward,1008,Katanga,Katanga,active,1008,district,48,,8,48,,,,schemas/reference-data/TACATDP_RefWards.csv
tacatdp,ward,1009,Kakonko,Kakonko,active,1009,district,48,,8,48,,,,schemas/reference-data/TACATDP_RefWards.csv
tacatdp,ward,1010,Kanyonza,Kanyonza,active,1010,district,48,,8,48,,,,schemas/reference-data/TACATDP_RefWards.csv
tacatdp,ward,1011,Kiziguzigu,Kiziguzigu,active,1011,district,48,,8,48,,,,schemas/reference-data/TACATDP_RefWards.csv
tacatdp,ward,1012,Kasuga,Kasuga,active,1012,district,48,,8,48,,,,schemas/reference-data/TACATDP_RefWards.csv
tacatdp,ward,1013,Rugenge,Rugenge,active,1013,district,48,,8,48,,,,schemas/reference-data/TACATDP_RefWards.csv
tacatdp,ward,1014,Gwarama,Gwarama,active,1014,district,48,,8,48,,,,schemas/reference-data/TACATDP_RefWards.csv
tacatdp,ward,1015,Muhange,Muhange,active,1015,district,48,,8,48,,,,schemas/reference-data/TACATDP_RefWards.csv
tacatdp,ward,1016,Nyabibuye,Nyabibuye,active,1016,district,48,,8,48,,,,schemas/reference-data/TACATDP_RefWards.csv
tacatdp,ward,1017,Nyamtukuza,Nyamtukuza,active,1017,district,48,,8,48,,,,schemas/reference-data/TACATDP_RefWards.csv
tacatdp,ward,1018,Rungwe Mpya,Rungwe Mpya,active,1018,district,49,,8,49,,,,schemas/reference-data/TACATDP_RefWards.csv
tacatdp,ward,1019,Asante Nyerere,Asante Nyerere,active,1019,district,49,,8,49,,,,schemas/reference-data/TACATDP_RefWards.csv
tacatdp,ward,1020,Shunguliba,Shunguliba,active,1020,district,49,,8,49,,,,schemas/reference-data/TACATDP_RefWards.csv
tacatdp,ward,1021,Kurugongo,Kurugongo,active,1021,district,49,,8,49,,,,schemas/reference-data/TACATDP_RefWards.csv
tacatdp,ward,1022,Titye,Titye,active,1022,district,49,,8,49,,,,schemas/reference-data/TACATDP_RefWards.csv
tacatdp,ward,1023,Nyamnyusi,Nyamnyusi,active,1023,district,49,,8,49,,,,schemas/reference-data/TACATDP_RefWards.csv
tacatdp,ward,1024,Buhoro,Buhoro,active,1024,district,49,,8,49,,,,schemas/reference-data/TACATDP_RefWards.csv
tacatdp,ward,1025,Nyakitonto,Nyakitonto,active,1025,district,49,,8,49,,,,schemas/reference-data/TACATDP_RefWards.csv
tacatdp,ward,1026,Nyachenda,Nyachenda,active,1026,district,49,,8,49,,,,schemas/reference-data/TACATDP_RefWards.csv
tacatdp,ward,1027,Kitagata,Kitagata,active,1027,district,49,,8,49,,,,schemas/reference-data/TACATDP_RefWards.csv
tacatdp,ward,1028,Makere,Makere,active,1028,district,49,,8,49,,,,schemas/reference-data/TACATDP_RefWards.csv
tacatdp,ward,1029,Nyamidaho,Nyamidaho,active,1029,district,49,,8,49,,,,schemas/reference-data/TACATDP_RefWards.csv
tacatdp,ward,1030,Heru Ushingo,Heru Ushingo,active,1030,district,49,,8,49,,,,schemas/reference-data/TACATDP_RefWards.csv
tacatdp,ward,1031,Kager Nkanda,Kager Nkanda,active,1031,district,49,,8,49,,,,schemas/reference-data/TACATDP_RefWards.csv
tacatdp,ward,1032,Kitanga,Kitanga,active,1032,district,49,,8,49,,,,schemas/reference-data/TACATDP_RefWards.csv
tacatdp,ward,1033,Kigembe,Kigembe,active,1033,district,49,,8,49,,,,schemas/reference-data/TACATDP_RefWards.csv
tacatdp,ward,1034,Kwaga,Kwaga,active,1034,district,49,,8,49,,,,schemas/reference-data/TACATDP_RefWards.csv
tacatdp,ward,1035,Kalela,Kalela,active,1035,district,49,,8,49,,,,schemas/reference-data/TACATDP_RefWards.csv
tacatdp,ward,1036,Rusesa,Rusesa,active,1036,district,49,,8,49,,,,schemas/reference-data/TACATDP_RefWards.csv
tacatdp,ward,1037,Muzye,Muzye,active,1037,district,49,,8,49,,,,schemas/reference-data/TACATDP_RefWards.csv
tacatdp,ward,1038,Bugaga,Bugaga,active,1038,district,49,,8,49,,,,schemas/reference-data/TACATDP_RefWards.csv
tacatdp,ward,1039,Rugongwe,Rugongwe,active,1039,district,50,,8,50,,,,schemas/reference-data/TACATDP_RefWards.csv
tacatdp,ward,1040,Busunzu,Busunzu,active,1040,district,50,,8,50,,,,schemas/reference-data/TACATDP_RefWards.csv
tacatdp,ward,1041,Busagara,Busagara,active,1041,district,50,,8,50,,,,schemas/reference-data/TACATDP_RefWards.csv
tacatdp,ward,1042,Nyaruyoba,Nyaruyoba,active,1042,district,50,,8,50,,,,schemas/reference-data/TACATDP_RefWards.csv
tacatdp,ward,1043,Mabamba,Mabamba,active,1043,district,50,,8,50,,,,schemas/reference-data/TACATDP_RefWards.csv
tacatdp,ward,1044,Kizazi,Kizazi,active,1044,district,50,,8,50,,,,schemas/reference-data/TACATDP_RefWards.csv
tacatdp,ward,1045,Kumsenga,Kumsenga,active,1045,district,50,,8,50,,,,schemas/reference-data/TACATDP_RefWards.csv
tacatdp,ward,1046,Kagezi,Kagezi,active,1046,district,50,,8,50,,,,schemas/reference-data/TACATDP_RefWards.csv
tacatdp,ward,1047,Itaba,Itaba,active,1047,district,50,,8,50,,,,schemas/reference-data/TACATDP_RefWards.csv
tacatdp,ward,1048,Mukabuye,Mukabuye,active,1048,district,50,,8,50,,,,schemas/reference-data/TACATDP_RefWards.csv
tacatdp,ward,1049,Murungu,Murungu,active,1049,district,50,,8,50,,,,schemas/reference-data/TACATDP_RefWards.csv
tacatdp,ward,1050,Bitare,Bitare,active,1050,district,50,,8,50,,,,schemas/reference-data/TACATDP_RefWards.csv
tacatdp,ward,1051,Misezero,Misezero,active,1051,district,50,,8,50,,,,schemas/reference-data/TACATDP_RefWards.csv
tacatdp,ward,1052,Bunyambo,Bunyambo,active,1052,district,50,,8,50,,,,schemas/reference-data/TACATDP_RefWards.csv
tacatdp,ward,1053,Kitahana,Kitahana,active,1053,district,50,,8,50,,,,schemas/reference-data/TACATDP_RefWards.csv
tacatdp,ward,1054,Rusohoko,Rusohoko,active,1054,district,50,,8,50,,,,schemas/reference-data/TACATDP_RefWards.csv
tacatdp,ward,1055,Kibondo Mjini,Kibondo Mjini,active,1055,district,50,,8,50,,,,schemas/reference-data/TACATDP_RefWards.csv
tacatdp,ward,1056,Biturana,Biturana,active,1056,district,50,,8,50,,,,schemas/reference-data/TACATDP_RefWards.csv
tacatdp,ward,1057,Kumwambu,Kumwambu,active,1057,district,50,,8,50,,,,schemas/reference-data/TACATDP_RefWards.csv
tacatdp,ward,1058,Mahembe,Mahembe,active,1058,district,51,,8,51,,,,schemas/reference-data/TACATDP_RefWards.csv
tacatdp,ward,1059,Nkungwe,Nkungwe,active,1059,district,51,,8,51,,,,schemas/reference-data/TACATDP_RefWards.csv
tacatdp,ward,1060,Bitale,Bitale,active,1060,district,51,,8,51,,,,schemas/reference-data/TACATDP_RefWards.csv
tacatdp,ward,1061,Mkongoro,Mkongoro,active,1061,district,51,,8,51,,,,schemas/reference-data/TACATDP_RefWards.csv
tacatdp,ward,1062,Matendo,Matendo,active,1062,district,51,,8,51,,,,schemas/reference-data/TACATDP_RefWards.csv
tacatdp,ward,1063,Kidahwe,Kidahwe,active,1063,district,51,,8,51,,,,schemas/reference-data/TACATDP_RefWards.csv
tacatdp,ward,1064,Simbo,Simbo,active,1064,district,51,,8,51,,,,schemas/reference-data/TACATDP_RefWards.csv
tacatdp,ward,1065,Mkigo,Mkigo,active,1065,district,51,,8,51,,,,schemas/reference-data/TACATDP_RefWards.csv
tacatdp,ward,1066,Nyarubanda,Nyarubanda,active,1066,district,51,,8,51,,,,schemas/reference-data/TACATDP_RefWards.csv
tacatdp,ward,1067,Kalinzi,Kalinzi,active,1067,district,51,,8,51,,,,schemas/reference-data/TACATDP_RefWards.csv
tacatdp,ward,1068,Kagunga,Kagunga,active,1068,district,51,,8,51,,,,schemas/reference-data/TACATDP_RefWards.csv
tacatdp,ward,1069,Mwamgongo,Mwamgongo,active,1069,district,51,,8,51,,,,schemas/reference-data/TACATDP_RefWards.csv
tacatdp,ward,1070,Kagongo,Kagongo,active,1070,district,51,,8,51,,,,schemas/reference-data/TACATDP_RefWards.csv
tacatdp,ward,1071,Ziwani,Ziwani,active,1071,district,51,,8,51,,,,schemas/reference-data/TACATDP_RefWards.csv
tacatdp,ward,1072,Mungonya,Mungonya,active,1072,district,51,,8,51,,,,schemas/reference-data/TACATDP_RefWards.csv
tacatdp,ward,1073,Mwandiga,Mwandiga,active,1073,district,51,,8,51,,,,schemas/reference-data/TACATDP_RefWards.csv
tacatdp,ward,1074,Uvinza,Uvinza,active,1074,district,52,,8,52,,,,schemas/reference-data/TACATDP_RefWards.csv
tacatdp,ward,1075,Basanza,Basanza,active,1075,district,52,,8,52,,,,schemas/reference-data/TACATDP_RefWards.csv
tacatdp,ward,1076,Nguruka,Nguruka,active,1076,district,52,,8,52,,,,schemas/reference-data/TACATDP_RefWards.csv
tacatdp,ward,1077,Itebula,Itebula,active,1077,district,52,,8,52,,,,schemas/reference-data/TACATDP_RefWards.csv
tacatdp,ward,1078,Mganza,Mganza,active,1078,district,52,,8,52,,,,schemas/reference-data/TACATDP_RefWards.csv
tacatdp,ward,1079,Mtegowanoti,Mtegowanoti,active,1079,district,52,,8,52,,,,schemas/reference-data/TACATDP_RefWards.csv
tacatdp,ward,1080,Igalula,Igalula,active,1080,district,52,,8,52,,,,schemas/reference-data/TACATDP_RefWards.csv
tacatdp,ward,1081,Buhingu,Buhingu,active,1081,district,52,,8,52,,,,schemas/reference-data/TACATDP_RefWards.csv
tacatdp,ward,1082,Sigunga,Sigunga,active,1082,district,52,,8,52,,,,schemas/reference-data/TACATDP_RefWards.csv
tacatdp,ward,1083,Herembe,Herembe,active,1083,district,52,,8,52,,,,schemas/reference-data/TACATDP_RefWards.csv
tacatdp,ward,1084,Kalya,Kalya,active,1084,district,52,,8,52,,,,schemas/reference-data/TACATDP_RefWards.csv
tacatdp,ward,1085,Kandaga,Kandaga,active,1085,district,52,,8,52,,,,schemas/reference-data/TACATDP_RefWards.csv
tacatdp,ward,1086,Kazuramimba,Kazuramimba,active,1086,district,52,,8,52,,,,schemas/reference-data/TACATDP_RefWards.csv
tacatdp,ward,1087,Sunuka,Sunuka,active,1087,district,52,,8,52,,,,schemas/reference-data/TACATDP_RefWards.csv
tacatdp,ward,1088,Mwakizega,Mwakizega,active,1088,district,52,,8,52,,,,schemas/reference-data/TACATDP_RefWards.csv
tacatdp,ward,1089,Ilagala,Ilagala,active,1089,district,52,,8,52,,,,schemas/reference-data/TACATDP_RefWards.csv
tacatdp,ward,1090,Mawenzi,Mawenzi,active,1090,district,53,,9,53,,,,schemas/reference-data/TACATDP_RefWards.csv
tacatdp,ward,1091,Majengo,Majengo,active,1091,district,53,,9,53,,,,schemas/reference-data/TACATDP_RefWards.csv
tacatdp,ward,1092,Miembeni,Miembeni,active,1092,district,53,,9,53,,,,schemas/reference-data/TACATDP_RefWards.csv
tacatdp,ward,1093,Mji Mpya,Mji Mpya,active,1093,district,53,,9,53,,,,schemas/reference-data/TACATDP_RefWards.csv
tacatdp,ward,1094,Msaranga,Msaranga,active,1094,district,53,,9,53,,,,schemas/reference-data/TACATDP_RefWards.csv
tacatdp,ward,1095,Ng’ambo,Ng’ambo,active,1095,district,53,,9,53,,,,schemas/reference-data/TACATDP_RefWards.csv
tacatdp,ward,1096,Kiborloni,Kiborloni,active,1096,district,53,,9,53,,,,schemas/reference-data/TACATDP_RefWards.csv
tacatdp,ward,1097,Njoro,Njoro,active,1097,district,53,,9,53,,,,schemas/reference-data/TACATDP_RefWards.csv
tacatdp,ward,1098,Bondeni,Bondeni,active,1098,district,53,,9,53,,,,schemas/reference-data/TACATDP_RefWards.csv
tacatdp,ward,1099,Pasua,Pasua,active,1099,district,53,,9,53,,,,schemas/reference-data/TACATDP_RefWards.csv
tacatdp,ward,1100,Bomambuzi,Bomambuzi,active,1100,district,53,,9,53,,,,schemas/reference-data/TACATDP_RefWards.csv
tacatdp,ward,1101,Kaloleni,Kaloleni,active,1101,district,53,,9,53,,,,schemas/reference-data/TACATDP_RefWards.csv
tacatdp,ward,1102,Rau,Rau,active,1102,district,53,,9,53,,,,schemas/reference-data/TACATDP_RefWards.csv
tacatdp,ward,1103,Mfumuni,Mfumuni,active,1103,district,53,,9,53,,,,schemas/reference-data/TACATDP_RefWards.csv
tacatdp,ward,1104,Longuo 'B',Longuo 'B',active,1104,district,53,,9,53,,,,schemas/reference-data/TACATDP_RefWards.csv
tacatdp,ward,1105,Kiusa,Kiusa,active,1105,district,53,,9,53,,,,schemas/reference-data/TACATDP_RefWards.csv
tacatdp,ward,1106,Korongoni,Korongoni,active,1106,district,53,,9,53,,,,schemas/reference-data/TACATDP_RefWards.csv
tacatdp,ward,1107,Soweto,Soweto,active,1107,district,53,,9,53,,,,schemas/reference-data/TACATDP_RefWards.csv
tacatdp,ward,1108,Karanga,Karanga,active,1108,district,53,,9,53,,,,schemas/reference-data/TACATDP_RefWards.csv
tacatdp,ward,1109,Shirimatunda,Shirimatunda,active,1109,district,53,,9,53,,,,schemas/reference-data/TACATDP_RefWards.csv
tacatdp,ward,1110,Kilimanjaro,Kilimanjaro,active,1110,district,53,,9,53,,,,schemas/reference-data/TACATDP_RefWards.csv
tacatdp,ward,1111,Machame Mashariki,Machame Mashariki,active,1111,district,54,,9,54,,,,schemas/reference-data/TACATDP_RefWards.csv
tacatdp,ward,1112,Machame Narumu,Machame Narumu,active,1112,district,54,,9,54,,,,schemas/reference-data/TACATDP_RefWards.csv
tacatdp,ward,1113,Weruweru,Weruweru,active,1113,district,54,,9,54,,,,schemas/reference-data/TACATDP_RefWards.csv
tacatdp,ward,1114,Mnadani,Mnadani,active,1114,district,54,,9,54,,,,schemas/reference-data/TACATDP_RefWards.csv
tacatdp,ward,1115,Machame Kaskazini,Machame Kaskazini,active,1115,district,54,,9,54,,,,schemas/reference-data/TACATDP_RefWards.csv
tacatdp,ward,1116,Machame Magharibi,Machame Magharibi,active,1116,district,54,,9,54,,,,schemas/reference-data/TACATDP_RefWards.csv
tacatdp,ward,1117,Machame Uroki,Machame Uroki,active,1117,district,54,,9,54,,,,schemas/reference-data/TACATDP_RefWards.csv
tacatdp,ward,1118,Masama Mashariki,Masama Mashariki,active,1118,district,54,,9,54,,,,schemas/reference-data/TACATDP_RefWards.csv
tacatdp,ward,1119,Romu,Romu,active,1119,district,54,,9,54,,,,schemas/reference-data/TACATDP_RefWards.csv
tacatdp,ward,1120,Masama Kusini,Masama Kusini,active,1120,district,54,,9,54,,,,schemas/reference-data/TACATDP_RefWards.csv
tacatdp,ward,1121,Masama Kati,Masama Kati,active,1121,district,54,,9,54,,,,schemas/reference-data/TACATDP_RefWards.csv
tacatdp,ward,1122,Masama Magharibi,Masama Magharibi,active,1122,district,54,,9,54,,,,schemas/reference-data/TACATDP_RefWards.csv
tacatdp,ward,1123,Masama Rundugai,Masama Rundugai,active,1123,district,54,,9,54,,,,schemas/reference-data/TACATDP_RefWards.csv
tacatdp,ward,1124,KIA,KIA,active,1124,district,54,,9,54,,,,schemas/reference-data/TACATDP_RefWards.csv
tacatdp,ward,1125,Bomang’ombe,Bomang’ombe,active,1125,district,54,,9,54,,,,schemas/reference-data/TACATDP_RefWards.csv
tacatdp,ward,1126,Muungano,Muungano,active,1126,district,54,,9,54,,,,schemas/reference-data/TACATDP_RefWards.csv
tacatdp,ward,1127,Bondeni,Bondeni,active,1127,district,54,,9,54,,,,schemas/reference-data/TACATDP_RefWards.csv
tacatdp,ward,1128,Sanya Juu,Sanya Juu,active,1128,district,55,,9,55,,,,schemas/reference-data/TACATDP_RefWards.csv
tacatdp,ward,1129,Gararagua,Gararagua,active,1129,district,55,,9,55,,,,schemas/reference-data/TACATDP_RefWards.csv
tacatdp,ward,1130,Karansi,Karansi,active,1130,district,55,,9,55,,,,schemas/reference-data/TACATDP_RefWards.csv
tacatdp,ward,1131,Biriri,Biriri,active,1131,district,55,,9,55,,,,schemas/reference-data/TACATDP_RefWards.csv
tacatdp,ward,1132,Songu,Songu,active,1132,district,55,,9,55,,,,schemas/reference-data/TACATDP_RefWards.csv
tacatdp,ward,1133,Makiwaru,Makiwaru,active,1133,district,55,,9,55,,,,schemas/reference-data/TACATDP_RefWards.csv
tacatdp,ward,1134,Olkolili,Olkolili,active,1134,district,55,,9,55,,,,schemas/reference-data/TACATDP_RefWards.csv
tacatdp,ward,1135,Ormelili,Ormelili,active,1135,district,55,,9,55,,,,schemas/reference-data/TACATDP_RefWards.csv
tacatdp,ward,1136,Donyomurwak,Donyomurwak,active,1136,district,55,,9,55,,,,schemas/reference-data/TACATDP_RefWards.csv
tacatdp,ward,1137,Ngarenairobi,Ngarenairobi,active,1137,district,55,,9,55,,,,schemas/reference-data/TACATDP_RefWards.csv
tacatdp,ward,1138,Ndumeti,Ndumeti,active,1138,district,55,,9,55,,,,schemas/reference-data/TACATDP_RefWards.csv
tacatdp,ward,1139,Miti  Mirefu,Miti  Mirefu,active,1139,district,55,,9,55,,,,schemas/reference-data/TACATDP_RefWards.csv
tacatdp,ward,1140,Livishi,Livishi,active,1140,district,55,,9,55,,,,schemas/reference-data/TACATDP_RefWards.csv
tacatdp,ward,1141,Nasai,Nasai,active,1141,district,55,,9,55,,,,schemas/reference-data/TACATDP_RefWards.csv
tacatdp,ward,1142,Ivaeny,Ivaeny,active,1142,district,55,,9,55,,,,schemas/reference-data/TACATDP_RefWards.csv
tacatdp,ward,1143,Kirua,Kirua,active,1143,district,55,,9,55,,,,schemas/reference-data/TACATDP_RefWards.csv
tacatdp,ward,1144,Kashashi,Kashashi,active,1144,district,55,,9,55,,,,schemas/reference-data/TACATDP_RefWards.csv
tacatdp,ward,1145,Old Moshi Mashariki,Old Moshi Mashariki,active,1145,district,56,,9,56,,,,schemas/reference-data/TACATDP_RefWards.csv
tacatdp,ward,1146,Old Moshi Magharibi,Old Moshi Magharibi,active,1146,district,56,,9,56,,,,schemas/reference-data/TACATDP_RefWards.csv
tacatdp,ward,1147,Kimochi,Kimochi,active,1147,district,56,,9,56,,,,schemas/reference-data/TACATDP_RefWards.csv
tacatdp,ward,1148,Mabogini,Mabogini,active,1148,district,56,,9,56,,,,schemas/reference-data/TACATDP_RefWards.csv
tacatdp,ward,1149,Arusha Chini,Arusha Chini,active,1149,district,56,,9,56,,,,schemas/reference-data/TACATDP_RefWards.csv
tacatdp,ward,1150,Uru Kaskazini,Uru Kaskazini,active,1150,district,56,,9,56,,,,schemas/reference-data/TACATDP_RefWards.csv
tacatdp,ward,1151,Uru Kusini,Uru Kusini,active,1151,district,56,,9,56,,,,schemas/reference-data/TACATDP_RefWards.csv
tacatdp,ward,1152,Mbokomu,Mbokomu,active,1152,district,56,,9,56,,,,schemas/reference-data/TACATDP_RefWards.csv
tacatdp,ward,1153,Uru Mashariki,Uru Mashariki,active,1153,district,56,,9,56,,,,schemas/reference-data/TACATDP_RefWards.csv
tacatdp,ward,1154,Uru Shimbwe,Uru Shimbwe,active,1154,district,56,,9,56,,,,schemas/reference-data/TACATDP_RefWards.csv
tacatdp,ward,1155,Kirua Vunjo Kusini,Kirua Vunjo Kusini,active,1155,district,56,,9,56,,,,schemas/reference-data/TACATDP_RefWards.csv
tacatdp,ward,1156,Kirua Vunjo Magharibi,Kirua Vunjo Magharibi,active,1156,district,56,,9,56,,,,schemas/reference-data/TACATDP_RefWards.csv
tacatdp,ward,1157,Kirua Vunjo Mashariki,Kirua Vunjo Mashariki,active,1157,district,56,,9,56,,,,schemas/reference-data/TACATDP_RefWards.csv
tacatdp,ward,1158,Kahe Mashariki,Kahe Mashariki,active,1158,district,56,,9,56,,,,schemas/reference-data/TACATDP_RefWards.csv
tacatdp,ward,1159,Kahe Magharibi,Kahe Magharibi,active,1159,district,56,,9,56,,,,schemas/reference-data/TACATDP_RefWards.csv
tacatdp,ward,1160,Kilema Kusini,Kilema Kusini,active,1160,district,56,,9,56,,,,schemas/reference-data/TACATDP_RefWards.csv
tacatdp,ward,1161,Kilema Kati,Kilema Kati,active,1161,district,56,,9,56,,,,schemas/reference-data/TACATDP_RefWards.csv
tacatdp,ward,1162,Kilema Kaskazini,Kilema Kaskazini,active,1162,district,56,,9,56,,,,schemas/reference-data/TACATDP_RefWards.csv
tacatdp,ward,1163,Mwika Kusini,Mwika Kusini,active,1163,district,56,,9,56,,,,schemas/reference-data/TACATDP_RefWards.csv
tacatdp,ward,1164,Mwika Kaskazini,Mwika Kaskazini,active,1164,district,56,,9,56,,,,schemas/reference-data/TACATDP_RefWards.csv
tacatdp,ward,1165,Mamba Kusini,Mamba Kusini,active,1165,district,56,,9,56,,,,schemas/reference-data/TACATDP_RefWards.csv
tacatdp,ward,1166,Mamba Kaskazini,Mamba Kaskazini,active,1166,district,56,,9,56,,,,schemas/reference-data/TACATDP_RefWards.csv
tacatdp,ward,1167,Marangu Mashariki,Marangu Mashariki,active,1167,district,56,,9,56,,,,schemas/reference-data/TACATDP_RefWards.csv
tacatdp,ward,1168,Marangu Magharibi,Marangu Magharibi,active,1168,district,56,,9,56,,,,schemas/reference-data/TACATDP_RefWards.csv
tacatdp,ward,1169,Kibosho Okaoni,Kibosho Okaoni,active,1169,district,56,,9,56,,,,schemas/reference-data/TACATDP_RefWards.csv
tacatdp,ward,1170,Kibosho Kati,Kibosho Kati,active,1170,district,56,,9,56,,,,schemas/reference-data/TACATDP_RefWards.csv
tacatdp,ward,1171,Kibosho Kirima,Kibosho Kirima,active,1171,district,56,,9,56,,,,schemas/reference-data/TACATDP_RefWards.csv
tacatdp,ward,1172,Kibosho Mashariki,Kibosho Mashariki,active,1172,district,56,,9,56,,,,schemas/reference-data/TACATDP_RefWards.csv
tacatdp,ward,1173,Kibosho Magharibi,Kibosho Magharibi,active,1173,district,56,,9,56,,,,schemas/reference-data/TACATDP_RefWards.csv
tacatdp,ward,1174,Kindi,Kindi,active,1174,district,56,,9,56,,,,schemas/reference-data/TACATDP_RefWards.csv
tacatdp,ward,1175,Makuyuni,Makuyuni,active,1175,district,56,,9,56,,,,schemas/reference-data/TACATDP_RefWards.csv
tacatdp,ward,1176,Njia Panda,Njia Panda,active,1176,district,56,,9,56,,,,schemas/reference-data/TACATDP_RefWards.csv
tacatdp,ward,1177,Jipe,Jipe,active,1177,district,57,,9,57,,,,schemas/reference-data/TACATDP_RefWards.csv
tacatdp,ward,1178,Kigonigoni,Kigonigoni,active,1178,district,57,,9,57,,,,schemas/reference-data/TACATDP_RefWards.csv
tacatdp,ward,1179,Kivisini,Kivisini,active,1179,district,57,,9,57,,,,schemas/reference-data/TACATDP_RefWards.csv
tacatdp,ward,1180,Kwakoa,Kwakoa,active,1180,district,57,,9,57,,,,schemas/reference-data/TACATDP_RefWards.csv
tacatdp,ward,1181,Toloha,Toloha,active,1181,district,57,,9,57,,,,schemas/reference-data/TACATDP_RefWards.csv
tacatdp,ward,1182,Msangeni,Msangeni,active,1182,district,57,,9,57,,,,schemas/reference-data/TACATDP_RefWards.csv
tacatdp,ward,1183,Kifula,Kifula,active,1183,district,57,,9,57,,,,schemas/reference-data/TACATDP_RefWards.csv
tacatdp,ward,1184,Mwaniko,Mwaniko,active,1184,district,57,,9,57,,,,schemas/reference-data/TACATDP_RefWards.csv
tacatdp,ward,1185,Shighatini,Shighatini,active,1185,district,57,,9,57,,,,schemas/reference-data/TACATDP_RefWards.csv
tacatdp,ward,1186,Lembeni,Lembeni,active,1186,district,57,,9,57,,,,schemas/reference-data/TACATDP_RefWards.csv
tacatdp,ward,1187,Mgagao,Mgagao,active,1187,district,57,,9,57,,,,schemas/reference-data/TACATDP_RefWards.csv
tacatdp,ward,1188,Ngujini,Ngujini,active,1188,district,57,,9,57,,,,schemas/reference-data/TACATDP_RefWards.csv
tacatdp,ward,1189,Kirya,Kirya,active,1189,district,57,,9,57,,,,schemas/reference-data/TACATDP_RefWards.csv
tacatdp,ward,1190,Kilomeni,Kilomeni,active,1190,district,57,,9,57,,,,schemas/reference-data/TACATDP_RefWards.csv
tacatdp,ward,1191,Kighare,Kighare,active,1191,district,57,,9,57,,,,schemas/reference-data/TACATDP_RefWards.csv
tacatdp,ward,1192,Chomvu,Chomvu,active,1192,district,57,,9,57,,,,schemas/reference-data/TACATDP_RefWards.csv
tacatdp,ward,1193,Kirongwe,Kirongwe,active,1193,district,57,,9,57,,,,schemas/reference-data/TACATDP_RefWards.csv
tacatdp,ward,1194,Kileo,Kileo,active,1194,district,57,,9,57,,,,schemas/reference-data/TACATDP_RefWards.csv
tacatdp,ward,1195,Lang’ata,Lang’ata,active,1195,district,57,,9,57,,,,schemas/reference-data/TACATDP_RefWards.csv
tacatdp,ward,1196,Mwanga,Mwanga,active,1196,district,57,,9,57,,,,schemas/reference-data/TACATDP_RefWards.csv
tacatdp,ward,1197,Holili,Holili,active,1197,district,58,,9,58,,,,schemas/reference-data/TACATDP_RefWards.csv
tacatdp,ward,1198,Mamsera,Mamsera,active,1198,district,58,,9,58,,,,schemas/reference-data/TACATDP_RefWards.csv
tacatdp,ward,1199,Ngoyoni,Ngoyoni,active,1199,district,58,,9,58,,,,schemas/reference-data/TACATDP_RefWards.csv
tacatdp,ward,1200,Manda,Manda,active,1200,district,58,,9,58,,,,schemas/reference-data/TACATDP_RefWards.csv
tacatdp,ward,1201,Mengwe,Mengwe,active,1201,district,58,,9,58,,,,schemas/reference-data/TACATDP_RefWards.csv
tacatdp,ward,1202,Mengeni,Mengeni,active,1202,district,58,,9,58,,,,schemas/reference-data/TACATDP_RefWards.csv
tacatdp,ward,1203,Aleni,Aleni,active,1203,district,58,,9,58,,,,schemas/reference-data/TACATDP_RefWards.csv
tacatdp,ward,1204,Chala,Chala,active,1204,district,58,,9,58,,,,schemas/reference-data/TACATDP_RefWards.csv
tacatdp,ward,1205,Mahida,Mahida,active,1205,district,58,,9,58,,,,schemas/reference-data/TACATDP_RefWards.csv
tacatdp,ward,1206,Mrao Keryo,Mrao Keryo,active,1206,district,58,,9,58,,,,schemas/reference-data/TACATDP_RefWards.csv
tacatdp,ward,1207,Kirwa Keni,Kirwa Keni,active,1207,district,58,,9,58,,,,schemas/reference-data/TACATDP_RefWards.csv
tacatdp,ward,1208,Katangara/Mrere,Katangara/Mrere,active,1208,district,58,,9,58,,,,schemas/reference-data/TACATDP_RefWards.csv
tacatdp,ward,1209,Kisale Msaranga,Kisale Msaranga,active,1209,district,58,,9,58,,,,schemas/reference-data/TACATDP_RefWards.csv
tacatdp,ward,1210,Olele,Olele,active,1210,district,58,,9,58,,,,schemas/reference-data/TACATDP_RefWards.csv
tacatdp,ward,1211,Marangu Kitowo,Marangu Kitowo,active,1211,district,58,,9,58,,,,schemas/reference-data/TACATDP_RefWards.csv
tacatdp,ward,1212,Kirongo Samanga,Kirongo Samanga,active,1212,district,58,,9,58,,,,schemas/reference-data/TACATDP_RefWards.csv
tacatdp,ward,1213,Kitirima,Kitirima,active,1213,district,58,,9,58,,,,schemas/reference-data/TACATDP_RefWards.csv
tacatdp,ward,1214,Kingachi,Kingachi,active,1214,district,58,,9,58,,,,schemas/reference-data/TACATDP_RefWards.csv
tacatdp,ward,1215,Ubetu Kahe,Ubetu Kahe,active,1215,district,58,,9,58,,,,schemas/reference-data/TACATDP_RefWards.csv
tacatdp,ward,1216,Nanjara,Nanjara,active,1216,district,58,,9,58,,,,schemas/reference-data/TACATDP_RefWards.csv
tacatdp,ward,1217,Reha,Reha,active,1217,district,58,,9,58,,,,schemas/reference-data/TACATDP_RefWards.csv
tacatdp,ward,1218,Tarakea Motamburu,Tarakea Motamburu,active,1218,district,58,,9,58,,,,schemas/reference-data/TACATDP_RefWards.csv
tacatdp,ward,1219,Makiidi,Makiidi,active,1219,district,58,,9,58,,,,schemas/reference-data/TACATDP_RefWards.csv
tacatdp,ward,1220,Shimbi,Shimbi,active,1220,district,58,,9,58,,,,schemas/reference-data/TACATDP_RefWards.csv
tacatdp,ward,1221,Shimbi Kwandele,Shimbi Kwandele,active,1221,district,58,,9,58,,,,schemas/reference-data/TACATDP_RefWards.csv
tacatdp,ward,1222,Ushiri/Ikuini,Ushiri/Ikuini,active,1222,district,58,,9,58,,,,schemas/reference-data/TACATDP_RefWards.csv
tacatdp,ward,1223,Kelamfua/Mokala,Kelamfua/Mokala,active,1223,district,58,,9,58,,,,schemas/reference-data/TACATDP_RefWards.csv
tacatdp,ward,1224,Mwembe,Mwembe,active,1224,district,59,,9,59,,,,schemas/reference-data/TACATDP_RefWards.csv
tacatdp,ward,1225,Bangalala,Bangalala,active,1225,district,59,,9,59,,,,schemas/reference-data/TACATDP_RefWards.csv
tacatdp,ward,1226,Mhezi,Mhezi,active,1226,district,59,,9,59,,,,schemas/reference-data/TACATDP_RefWards.csv
tacatdp,ward,1227,Vudee,Vudee,active,1227,district,59,,9,59,,,,schemas/reference-data/TACATDP_RefWards.csv
tacatdp,ward,1228,Mshewa,Mshewa,active,1228,district,59,,9,59,,,,schemas/reference-data/TACATDP_RefWards.csv
tacatdp,ward,1229,Msindo,Msindo,active,1229,district,59,,9,59,,,,schemas/reference-data/TACATDP_RefWards.csv
tacatdp,ward,1230,Kisiwani,Kisiwani,active,1230,district,59,,9,59,,,,schemas/reference-data/TACATDP_RefWards.csv
tacatdp,ward,1231,Hedaru,Hedaru,active,1231,district,59,,9,59,,,,schemas/reference-data/TACATDP_RefWards.csv
tacatdp,ward,1232,Gavao - saweni,Gavao - saweni,active,1232,district,59,,9,59,,,,schemas/reference-data/TACATDP_RefWards.csv
tacatdp,ward,1233,Mabilioni,Mabilioni,active,1233,district,59,,9,59,,,,schemas/reference-data/TACATDP_RefWards.csv
tacatdp,ward,1234,Chome,Chome,active,1234,district,59,,9,59,,,,schemas/reference-data/TACATDP_RefWards.csv
tacatdp,ward,1235,Makanya,Makanya,active,1235,district,59,,9,59,,,,schemas/reference-data/TACATDP_RefWards.csv
tacatdp,ward,1236,Tae,Tae,active,1236,district,59,,9,59,,,,schemas/reference-data/TACATDP_RefWards.csv
tacatdp,ward,1237,Suji,Suji,active,1237,district,59,,9,59,,,,schemas/reference-data/TACATDP_RefWards.csv
tacatdp,ward,1238,Vunta,Vunta,active,1238,district,59,,9,59,,,,schemas/reference-data/TACATDP_RefWards.csv
tacatdp,ward,1239,Kirangare,Kirangare,active,1239,district,59,,9,59,,,,schemas/reference-data/TACATDP_RefWards.csv
tacatdp,ward,1240,Bwambo,Bwambo,active,1240,district,59,,9,59,,,,schemas/reference-data/TACATDP_RefWards.csv
tacatdp,ward,1241,Myamba,Myamba,active,1241,district,59,,9,59,,,,schemas/reference-data/TACATDP_RefWards.csv
tacatdp,ward,1242,Mpinji,Mpinji,active,1242,district,59,,9,59,,,,schemas/reference-data/TACATDP_RefWards.csv
tacatdp,ward,1243,Ndungu,Ndungu,active,1243,district,59,,9,59,,,,schemas/reference-data/TACATDP_RefWards.csv
tacatdp,ward,1244,Kalemawe,Kalemawe,active,1244,district,59,,9,59,,,,schemas/reference-data/TACATDP_RefWards.csv
tacatdp,ward,1245,Maore,Maore,active,1245,district,59,,9,59,,,,schemas/reference-data/TACATDP_RefWards.csv
tacatdp,ward,1246,Kihurio,Kihurio,active,1246,district,59,,9,59,,,,schemas/reference-data/TACATDP_RefWards.csv
tacatdp,ward,1247,Bendera,Bendera,active,1247,district,59,,9,59,,,,schemas/reference-data/TACATDP_RefWards.csv
tacatdp,ward,1248,Mtii,Mtii,active,1248,district,59,,9,59,,,,schemas/reference-data/TACATDP_RefWards.csv
tacatdp,ward,1249,Lugulu,Lugulu,active,1249,district,59,,9,59,,,,schemas/reference-data/TACATDP_RefWards.csv
tacatdp,ward,1250,Bombo,Bombo,active,1250,district,59,,9,59,,,,schemas/reference-data/TACATDP_RefWards.csv
tacatdp,ward,1251,Vuje,Vuje,active,1251,district,59,,9,59,,,,schemas/reference-data/TACATDP_RefWards.csv
tacatdp,ward,1252,Ruvu,Ruvu,active,1252,district,59,,9,59,,,,schemas/reference-data/TACATDP_RefWards.csv
tacatdp,ward,1253,Njoro,Njoro,active,1253,district,59,,9,59,,,,schemas/reference-data/TACATDP_RefWards.csv
tacatdp,ward,1254,Vumari,Vumari,active,1254,district,59,,9,59,,,,schemas/reference-data/TACATDP_RefWards.csv
tacatdp,ward,1255,Stesheni,Stesheni,active,1255,district,59,,9,59,,,,schemas/reference-data/TACATDP_RefWards.csv
tacatdp,ward,1256,Same,Same,active,1256,district,59,,9,59,,,,schemas/reference-data/TACATDP_RefWards.csv
tacatdp,ward,1257,Kisima,Kisima,active,1257,district,59,,9,59,,,,schemas/reference-data/TACATDP_RefWards.csv
tacatdp,ward,1258,Makonde,Makonde,active,1258,district,60,,10,60,,,,schemas/reference-data/TACATDP_RefWards.csv
tacatdp,ward,1259,Mikumbi,Mikumbi,active,1259,district,60,,10,60,,,,schemas/reference-data/TACATDP_RefWards.csv
tacatdp,ward,1260,Mitandi,Mitandi,active,1260,district,60,,10,60,,,,schemas/reference-data/TACATDP_RefWards.csv
tacatdp,ward,1261,Matopeni,Matopeni,active,1261,district,60,,10,60,,,,schemas/reference-data/TACATDP_RefWards.csv
tacatdp,ward,1262,Mtanda,Mtanda,active,1262,district,60,,10,60,,,,schemas/reference-data/TACATDP_RefWards.csv
tacatdp,ward,1263,Mwenge,Mwenge,active,1263,district,60,,10,60,,,,schemas/reference-data/TACATDP_RefWards.csv
tacatdp,ward,1264,Nachingwea,Nachingwea,active,1264,district,60,,10,60,,,,schemas/reference-data/TACATDP_RefWards.csv
tacatdp,ward,1265,Ndoro,Ndoro,active,1265,district,60,,10,60,,,,schemas/reference-data/TACATDP_RefWards.csv
tacatdp,ward,1266,Wailes,Wailes,active,1266,district,60,,10,60,,,,schemas/reference-data/TACATDP_RefWards.csv
tacatdp,ward,1267,Rahaleo,Rahaleo,active,1267,district,60,,10,60,,,,schemas/reference-data/TACATDP_RefWards.csv
tacatdp,ward,1268,Rasbura,Rasbura,active,1268,district,60,,10,60,,,,schemas/reference-data/TACATDP_RefWards.csv
tacatdp,ward,1269,Jamhuri,Jamhuri,active,1269,district,60,,10,60,,,,schemas/reference-data/TACATDP_RefWards.csv
tacatdp,ward,1270,Msinjahili,Msinjahili,active,1270,district,60,,10,60,,,,schemas/reference-data/TACATDP_RefWards.csv
tacatdp,ward,1271,Kitumbikwela,Kitumbikwela,active,1271,district,60,,10,60,,,,schemas/reference-data/TACATDP_RefWards.csv
tacatdp,ward,1272,Mbanja,Mbanja,active,1272,district,60,,10,60,,,,schemas/reference-data/TACATDP_RefWards.csv
tacatdp,ward,1273,Ng'apa,Ng'apa,active,1273,district,60,,10,60,,,,schemas/reference-data/TACATDP_RefWards.csv
tacatdp,ward,1274,Chikonji,Chikonji,active,1274,district,60,,10,60,,,,schemas/reference-data/TACATDP_RefWards.csv
tacatdp,ward,1275,Tandangongoro,Tandangongoro,active,1275,district,60,,10,60,,,,schemas/reference-data/TACATDP_RefWards.csv
tacatdp,ward,1276,Mingoyo,Mingoyo,active,1276,district,60,,10,60,,,,schemas/reference-data/TACATDP_RefWards.csv
tacatdp,ward,1277,Mnazimmoja,Mnazimmoja,active,1277,district,60,,10,60,,,,schemas/reference-data/TACATDP_RefWards.csv
tacatdp,ward,1278,Nangaru,Nangaru,active,1278,district,60,,10,60,,,,schemas/reference-data/TACATDP_RefWards.csv
tacatdp,ward,1279,Matimba,Matimba,active,1279,district,60,,10,60,,,,schemas/reference-data/TACATDP_RefWards.csv
tacatdp,ward,1280,Mipingo,Mipingo,active,1280,district,60,,10,60,,,,schemas/reference-data/TACATDP_RefWards.csv
tacatdp,ward,1281,Kitomanga,Kitomanga,active,1281,district,60,,10,60,,,,schemas/reference-data/TACATDP_RefWards.csv
tacatdp,ward,1282,Milola,Milola,active,1282,district,60,,10,60,,,,schemas/reference-data/TACATDP_RefWards.csv
tacatdp,ward,1283,Rutamba,Rutamba,active,1283,district,60,,10,60,,,,schemas/reference-data/TACATDP_RefWards.csv
tacatdp,ward,1284,Kiwawa,Kiwawa,active,1284,district,60,,10,60,,,,schemas/reference-data/TACATDP_RefWards.csv
tacatdp,ward,1285,Kilolambwani,Kilolambwani,active,1285,district,60,,10,60,,,,schemas/reference-data/TACATDP_RefWards.csv
tacatdp,ward,1286,Mvuleni,Mvuleni,active,1286,district,60,,10,60,,,,schemas/reference-data/TACATDP_RefWards.csv
tacatdp,ward,1287,Kilangala,Kilangala,active,1287,district,60,,10,60,,,,schemas/reference-data/TACATDP_RefWards.csv
tacatdp,ward,1288,Mchinga,Mchinga,active,1288,district,60,,10,60,,,,schemas/reference-data/TACATDP_RefWards.csv
tacatdp,ward,1289,Sudi,Sudi,active,1289,district,61,,10,61,,,,schemas/reference-data/TACATDP_RefWards.csv
tacatdp,ward,1290,Pangatena,Pangatena,active,1290,district,61,,10,61,,,,schemas/reference-data/TACATDP_RefWards.csv
tacatdp,ward,1291,Nachunyu,Nachunyu,active,1291,district,61,,10,61,,,,schemas/reference-data/TACATDP_RefWards.csv
tacatdp,ward,1292,Navanga,Navanga,active,1292,district,61,,10,61,,,,schemas/reference-data/TACATDP_RefWards.csv
tacatdp,ward,1293,Mtama,Mtama,active,1293,district,61,,10,61,,,,schemas/reference-data/TACATDP_RefWards.csv
tacatdp,ward,1294,Majengo,Majengo,active,1294,district,61,,10,61,,,,schemas/reference-data/TACATDP_RefWards.csv
tacatdp,ward,1295,Nyangao,Nyangao,active,1295,district,61,,10,61,,,,schemas/reference-data/TACATDP_RefWards.csv
tacatdp,ward,1296,Namangale,Namangale,active,1296,district,61,,10,61,,,,schemas/reference-data/TACATDP_RefWards.csv
tacatdp,ward,1297,Namupa,Namupa,active,1297,district,61,,10,61,,,,schemas/reference-data/TACATDP_RefWards.csv
tacatdp,ward,1298,Mtua,Mtua,active,1298,district,61,,10,61,,,,schemas/reference-data/TACATDP_RefWards.csv
tacatdp,ward,1299,Longa,Longa,active,1299,district,61,,10,61,,,,schemas/reference-data/TACATDP_RefWards.csv
tacatdp,ward,1300,Mtumbya,Mtumbya,active,1300,district,61,,10,61,,,,schemas/reference-data/TACATDP_RefWards.csv
tacatdp,ward,1301,Nyengedi,Nyengedi,active,1301,district,61,,10,61,,,,schemas/reference-data/TACATDP_RefWards.csv
tacatdp,ward,1302,Mnolela,Mnolela,active,1302,district,61,,10,61,,,,schemas/reference-data/TACATDP_RefWards.csv
tacatdp,ward,1303,Kiwalala,Kiwalala,active,1303,district,61,,10,61,,,,schemas/reference-data/TACATDP_RefWards.csv
tacatdp,ward,1304,Chiponda,Chiponda,active,1304,district,61,,10,61,,,,schemas/reference-data/TACATDP_RefWards.csv
tacatdp,ward,1305,Mnara,Mnara,active,1305,district,61,,10,61,,,,schemas/reference-data/TACATDP_RefWards.csv
tacatdp,ward,1306,Nyangamara,Nyangamara,active,1306,district,61,,10,61,,,,schemas/reference-data/TACATDP_RefWards.csv
tacatdp,ward,1307,Mandwanga,Mandwanga,active,1307,district,61,,10,61,,,,schemas/reference-data/TACATDP_RefWards.csv
tacatdp,ward,1308,Nahukahuka,Nahukahuka,active,1308,district,61,,10,61,,,,schemas/reference-data/TACATDP_RefWards.csv
tacatdp,ward,1309,Nanjirinji,Nanjirinji,active,1309,district,62,,10,62,,,,schemas/reference-data/TACATDP_RefWards.csv
tacatdp,ward,1310,Likawage,Likawage,active,1310,district,62,,10,62,,,,schemas/reference-data/TACATDP_RefWards.csv
tacatdp,ward,1311,Pande,Pande,active,1311,district,62,,10,62,,,,schemas/reference-data/TACATDP_RefWards.csv
tacatdp,ward,1312,Mandawa,Mandawa,active,1312,district,62,,10,62,,,,schemas/reference-data/TACATDP_RefWards.csv
tacatdp,ward,1313,Lihimalyao,Lihimalyao,active,1313,district,62,,10,62,,,,schemas/reference-data/TACATDP_RefWards.csv
tacatdp,ward,1314,Kiranjeranje,Kiranjeranje,active,1314,district,62,,10,62,,,,schemas/reference-data/TACATDP_RefWards.csv
tacatdp,ward,1315,Njinjo,Njinjo,active,1315,district,62,,10,62,,,,schemas/reference-data/TACATDP_RefWards.csv
tacatdp,ward,1316,Mitole,Mitole,active,1316,district,62,,10,62,,,,schemas/reference-data/TACATDP_RefWards.csv
tacatdp,ward,1317,Miguruwe,Miguruwe,active,1317,district,62,,10,62,,,,schemas/reference-data/TACATDP_RefWards.csv
tacatdp,ward,1318,Kipatimu,Kipatimu,active,1318,district,62,,10,62,,,,schemas/reference-data/TACATDP_RefWards.csv
tacatdp,ward,1319,Kibata,Kibata,active,1319,district,62,,10,62,,,,schemas/reference-data/TACATDP_RefWards.csv
tacatdp,ward,1320,Chumo,Chumo,active,1320,district,62,,10,62,,,,schemas/reference-data/TACATDP_RefWards.csv
tacatdp,ward,1321,Namayuni,Namayuni,active,1321,district,62,,10,62,,,,schemas/reference-data/TACATDP_RefWards.csv
tacatdp,ward,1322,Kandawale,Kandawale,active,1322,district,62,,10,62,,,,schemas/reference-data/TACATDP_RefWards.csv
tacatdp,ward,1323,Kinjumbi,Kinjumbi,active,1323,district,62,,10,62,,,,schemas/reference-data/TACATDP_RefWards.csv
tacatdp,ward,1324,Somanga,Somanga,active,1324,district,62,,10,62,,,,schemas/reference-data/TACATDP_RefWards.csv
tacatdp,ward,1325,Miteja,Miteja,active,1325,district,62,,10,62,,,,schemas/reference-data/TACATDP_RefWards.csv
tacatdp,ward,1326,Tingi,Tingi,active,1326,district,62,,10,62,,,,schemas/reference-data/TACATDP_RefWards.csv
tacatdp,ward,1327,Mingumbi,Mingumbi,active,1327,district,62,,10,62,,,,schemas/reference-data/TACATDP_RefWards.csv
tacatdp,ward,1328,Songosongo,Songosongo,active,1328,district,62,,10,62,,,,schemas/reference-data/TACATDP_RefWards.csv
tacatdp,ward,1329,Kikole,Kikole,active,1329,district,62,,10,62,,,,schemas/reference-data/TACATDP_RefWards.csv
tacatdp,ward,1330,Masoko,Masoko,active,1330,district,62,,10,62,,,,schemas/reference-data/TACATDP_RefWards.csv
tacatdp,ward,1331,Kivinje,Kivinje,active,1331,district,62,,10,62,,,,schemas/reference-data/TACATDP_RefWards.csv
tacatdp,ward,1332,Luchelegwa,Luchelegwa,active,1332,district,63,,10,63,,,,schemas/reference-data/TACATDP_RefWards.csv
tacatdp,ward,1333,Chinongwe,Chinongwe,active,1333,district,63,,10,63,,,,schemas/reference-data/TACATDP_RefWards.csv
tacatdp,ward,1334,Chienjele,Chienjele,active,1334,district,63,,10,63,,,,schemas/reference-data/TACATDP_RefWards.csv
tacatdp,ward,1335,Mnacho,Mnacho,active,1335,district,63,,10,63,,,,schemas/reference-data/TACATDP_RefWards.csv
tacatdp,ward,1336,Nandagala,Nandagala,active,1336,district,63,,10,63,,,,schemas/reference-data/TACATDP_RefWards.csv
tacatdp,ward,1337,Malolo,Malolo,active,1337,district,63,,10,63,,,,schemas/reference-data/TACATDP_RefWards.csv
tacatdp,ward,1338,Nanganga,Nanganga,active,1338,district,63,,10,63,,,,schemas/reference-data/TACATDP_RefWards.csv
tacatdp,ward,1339,Nkowe,Nkowe,active,1339,district,63,,10,63,,,,schemas/reference-data/TACATDP_RefWards.csv
tacatdp,ward,1340,Ruangwa,Ruangwa,active,1340,district,63,,10,63,,,,schemas/reference-data/TACATDP_RefWards.csv
tacatdp,ward,1341,Nachingwea,Nachingwea,active,1341,district,63,,10,63,,,,schemas/reference-data/TACATDP_RefWards.csv
tacatdp,ward,1342,Makanjiro,Makanjiro,active,1342,district,63,,10,63,,,,schemas/reference-data/TACATDP_RefWards.csv
tacatdp,ward,1343,Narungombe,Narungombe,active,1343,district,63,,10,63,,,,schemas/reference-data/TACATDP_RefWards.csv
tacatdp,ward,1344,Mbwemkuru (Machang'anja),Mbwemkuru (Machang'anja),active,1344,district,63,,10,63,,,,schemas/reference-data/TACATDP_RefWards.csv
tacatdp,ward,1345,Likunja,Likunja,active,1345,district,63,,10,63,,,,schemas/reference-data/TACATDP_RefWards.csv
tacatdp,ward,1346,Mbekenyera,Mbekenyera,active,1346,district,63,,10,63,,,,schemas/reference-data/TACATDP_RefWards.csv
tacatdp,ward,1347,Mandarawe,Mandarawe,active,1347,district,63,,10,63,,,,schemas/reference-data/TACATDP_RefWards.csv
tacatdp,ward,1348,Chunyu,Chunyu,active,1348,district,63,,10,63,,,,schemas/reference-data/TACATDP_RefWards.csv
tacatdp,ward,1349,Namichiga,Namichiga,active,1349,district,63,,10,63,,,,schemas/reference-data/TACATDP_RefWards.csv
tacatdp,ward,1350,Matambarale,Matambarale,active,1350,district,63,,10,63,,,,schemas/reference-data/TACATDP_RefWards.csv
tacatdp,ward,1351,Mandawa,Mandawa,active,1351,district,63,,10,63,,,,schemas/reference-data/TACATDP_RefWards.csv
tacatdp,ward,1352,Chibula,Chibula,active,1352,district,63,,10,63,,,,schemas/reference-data/TACATDP_RefWards.csv
tacatdp,ward,1353,Nambilanje,Nambilanje,active,1353,district,63,,10,63,,,,schemas/reference-data/TACATDP_RefWards.csv
tacatdp,ward,1354,Barikiwa,Barikiwa,active,1354,district,64,,10,64,,,,schemas/reference-data/TACATDP_RefWards.csv
tacatdp,ward,1355,Makata,Makata,active,1355,district,64,,10,64,,,,schemas/reference-data/TACATDP_RefWards.csv
tacatdp,ward,1356,Mlembwe,Mlembwe,active,1356,district,64,,10,64,,,,schemas/reference-data/TACATDP_RefWards.csv
tacatdp,ward,1357,Mkutano,Mkutano,active,1357,district,64,,10,64,,,,schemas/reference-data/TACATDP_RefWards.csv
tacatdp,ward,1358,Kimambi,Kimambi,active,1358,district,64,,10,64,,,,schemas/reference-data/TACATDP_RefWards.csv
tacatdp,ward,1359,Mbaya,Mbaya,active,1359,district,64,,10,64,,,,schemas/reference-data/TACATDP_RefWards.csv
tacatdp,ward,1360,Kichonda,Kichonda,active,1360,district,64,,10,64,,,,schemas/reference-data/TACATDP_RefWards.csv
tacatdp,ward,1361,Mangirikiti,Mangirikiti,active,1361,district,64,,10,64,,,,schemas/reference-data/TACATDP_RefWards.csv
tacatdp,ward,1362,Mpigamiti,Mpigamiti,active,1362,district,64,,10,64,,,,schemas/reference-data/TACATDP_RefWards.csv
tacatdp,ward,1363,Liwale 'B',Liwale 'B',active,1363,district,64,,10,64,,,,schemas/reference-data/TACATDP_RefWards.csv
tacatdp,ward,1364,Liwale Mjini,Liwale Mjini,active,1364,district,64,,10,64,,,,schemas/reference-data/TACATDP_RefWards.csv
tacatdp,ward,1365,Nangando,Nangando,active,1365,district,64,,10,64,,,,schemas/reference-data/TACATDP_RefWards.csv
tacatdp,ward,1366,Likongowele,Likongowele,active,1366,district,64,,10,64,,,,schemas/reference-data/TACATDP_RefWards.csv
tacatdp,ward,1367,Mihumo,Mihumo,active,1367,district,64,,10,64,,,,schemas/reference-data/TACATDP_RefWards.csv
tacatdp,ward,1368,Ngongowele,Ngongowele,active,1368,district,64,,10,64,,,,schemas/reference-data/TACATDP_RefWards.csv
tacatdp,ward,1369,Lilombe,Lilombe,active,1369,district,64,,10,64,,,,schemas/reference-data/TACATDP_RefWards.csv
tacatdp,ward,1370,Kiangara,Kiangara,active,1370,district,64,,10,64,,,,schemas/reference-data/TACATDP_RefWards.csv
tacatdp,ward,1371,Mirui,Mirui,active,1371,district,64,,10,64,,,,schemas/reference-data/TACATDP_RefWards.csv
tacatdp,ward,1372,Kibutuka,Kibutuka,active,1372,district,64,,10,64,,,,schemas/reference-data/TACATDP_RefWards.csv
tacatdp,ward,1373,Nangano,Nangano,active,1373,district,64,,10,64,,,,schemas/reference-data/TACATDP_RefWards.csv
tacatdp,ward,1374,Mbondo,Mbondo,active,1374,district,65,,10,65,,,,schemas/reference-data/TACATDP_RefWards.csv
tacatdp,ward,1375,Kilimarondo,Kilimarondo,active,1375,district,65,,10,65,,,,schemas/reference-data/TACATDP_RefWards.csv
tacatdp,ward,1376,Matekwe,Matekwe,active,1376,district,65,,10,65,,,,schemas/reference-data/TACATDP_RefWards.csv
tacatdp,ward,1377,Kiegei,Kiegei,active,1377,district,65,,10,65,,,,schemas/reference-data/TACATDP_RefWards.csv
tacatdp,ward,1378,Naipingo,Naipingo,active,1378,district,65,,10,65,,,,schemas/reference-data/TACATDP_RefWards.csv
tacatdp,ward,1379,Mchonda,Mchonda,active,1379,district,65,,10,65,,,,schemas/reference-data/TACATDP_RefWards.csv
tacatdp,ward,1380,Nang'ondo,Nang'ondo,active,1380,district,65,,10,65,,,,schemas/reference-data/TACATDP_RefWards.csv
tacatdp,ward,1381,Ndomoni,Ndomoni,active,1381,district,65,,10,65,,,,schemas/reference-data/TACATDP_RefWards.csv
tacatdp,ward,1382,Naipanga,Naipanga,active,1382,district,65,,10,65,,,,schemas/reference-data/TACATDP_RefWards.csv
tacatdp,ward,1383,Chiumbati shuleni,Chiumbati shuleni,active,1383,district,65,,10,65,,,,schemas/reference-data/TACATDP_RefWards.csv
tacatdp,ward,1384,Raha leo,Raha leo,active,1384,district,65,,10,65,,,,schemas/reference-data/TACATDP_RefWards.csv
tacatdp,ward,1385,Mtua,Mtua,active,1385,district,65,,10,65,,,,schemas/reference-data/TACATDP_RefWards.csv
tacatdp,ward,1386,Kipara Mtua,Kipara Mtua,active,1386,district,65,,10,65,,,,schemas/reference-data/TACATDP_RefWards.csv
tacatdp,ward,1387,Mkotokuyana,Mkotokuyana,active,1387,district,65,,10,65,,,,schemas/reference-data/TACATDP_RefWards.csv
tacatdp,ward,1388,Mpiruka,Mpiruka,active,1388,district,65,,10,65,,,,schemas/reference-data/TACATDP_RefWards.csv
tacatdp,ward,1389,Marambo,Marambo,active,1389,district,65,,10,65,,,,schemas/reference-data/TACATDP_RefWards.csv
tacatdp,ward,1390,Mkoka,Mkoka,active,1390,district,65,,10,65,,,,schemas/reference-data/TACATDP_RefWards.csv
tacatdp,ward,1391,Ruponda,Ruponda,active,1391,district,65,,10,65,,,,schemas/reference-data/TACATDP_RefWards.csv
tacatdp,ward,1392,Chiola,Chiola,active,1392,district,65,,10,65,,,,schemas/reference-data/TACATDP_RefWards.csv
tacatdp,ward,1393,Mnero Miembeni,Mnero Miembeni,active,1393,district,65,,10,65,,,,schemas/reference-data/TACATDP_RefWards.csv
tacatdp,ward,1394,Mnero Ngongo,Mnero Ngongo,active,1394,district,65,,10,65,,,,schemas/reference-data/TACATDP_RefWards.csv
tacatdp,ward,1395,Kipara Mnero,Kipara Mnero,active,1395,district,65,,10,65,,,,schemas/reference-data/TACATDP_RefWards.csv
tacatdp,ward,1396,Namapwia,Namapwia,active,1396,district,65,,10,65,,,,schemas/reference-data/TACATDP_RefWards.csv
tacatdp,ward,1397,Lionja,Lionja,active,1397,district,65,,10,65,,,,schemas/reference-data/TACATDP_RefWards.csv
tacatdp,ward,1398,Ngunichile,Ngunichile,active,1398,district,65,,10,65,,,,schemas/reference-data/TACATDP_RefWards.csv
tacatdp,ward,1399,Namikango,Namikango,active,1399,district,65,,10,65,,,,schemas/reference-data/TACATDP_RefWards.csv
tacatdp,ward,1400,Nditi,Nditi,active,1400,district,65,,10,65,,,,schemas/reference-data/TACATDP_RefWards.csv
tacatdp,ward,1401,Nangowe,Nangowe,active,1401,district,65,,10,65,,,,schemas/reference-data/TACATDP_RefWards.csv
tacatdp,ward,1402,Mitumbati,Mitumbati,active,1402,district,65,,10,65,,,,schemas/reference-data/TACATDP_RefWards.csv
tacatdp,ward,1403,Kilimanihewa,Kilimanihewa,active,1403,district,65,,10,65,,,,schemas/reference-data/TACATDP_RefWards.csv
tacatdp,ward,1404,Namatula,Namatula,active,1404,district,65,,10,65,,,,schemas/reference-data/TACATDP_RefWards.csv
tacatdp,ward,1405,Stesheni,Stesheni,active,1405,district,65,,10,65,,,,schemas/reference-data/TACATDP_RefWards.csv
tacatdp,ward,1406,Nambambo,Nambambo,active,1406,district,65,,10,65,,,,schemas/reference-data/TACATDP_RefWards.csv
tacatdp,ward,1407,Nachingwea Mjini,Nachingwea Mjini,active,1407,district,65,,10,65,,,,schemas/reference-data/TACATDP_RefWards.csv
tacatdp,ward,1408,Boma,Boma,active,1408,district,65,,10,65,,,,schemas/reference-data/TACATDP_RefWards.csv
tacatdp,ward,1409,Ugawaji,Ugawaji,active,1409,district,65,,10,65,,,,schemas/reference-data/TACATDP_RefWards.csv
tacatdp,ward,1410,Singe,Singe,active,1410,district,66,,11,66,,,,schemas/reference-data/TACATDP_RefWards.csv
tacatdp,ward,1411,Bonga,Bonga,active,1411,district,66,,11,66,,,,schemas/reference-data/TACATDP_RefWards.csv
tacatdp,ward,1412,Nangara,Nangara,active,1412,district,66,,11,66,,,,schemas/reference-data/TACATDP_RefWards.csv
tacatdp,ward,1413,Babati,Babati,active,1413,district,66,,11,66,,,,schemas/reference-data/TACATDP_RefWards.csv
tacatdp,ward,1414,Bagara,Bagara,active,1414,district,66,,11,66,,,,schemas/reference-data/TACATDP_RefWards.csv
tacatdp,ward,1415,Maisaka,Maisaka,active,1415,district,66,,11,66,,,,schemas/reference-data/TACATDP_RefWards.csv
tacatdp,ward,1416,Mutuka,Mutuka,active,1416,district,66,,11,66,,,,schemas/reference-data/TACATDP_RefWards.csv
tacatdp,ward,1417,Sigino,Sigino,active,1417,district,66,,11,66,,,,schemas/reference-data/TACATDP_RefWards.csv
tacatdp,ward,1418,Ayamohe,Ayamohe,active,1418,district,67,,11,67,,,,schemas/reference-data/TACATDP_RefWards.csv
tacatdp,ward,1419,Sanu Baray,Sanu Baray,active,1419,district,67,,11,67,,,,schemas/reference-data/TACATDP_RefWards.csv
tacatdp,ward,1420,Imboru,Imboru,active,1420,district,67,,11,67,,,,schemas/reference-data/TACATDP_RefWards.csv
tacatdp,ward,1421,Ayamaami,Ayamaami,active,1421,district,67,,11,67,,,,schemas/reference-data/TACATDP_RefWards.csv
tacatdp,ward,1422,Silaloda,Silaloda,active,1422,district,67,,11,67,,,,schemas/reference-data/TACATDP_RefWards.csv
tacatdp,ward,1423,Uhuru,Uhuru,active,1423,district,67,,11,67,,,,schemas/reference-data/TACATDP_RefWards.csv
tacatdp,ward,1424,Endagikot,Endagikot,active,1424,district,67,,11,67,,,,schemas/reference-data/TACATDP_RefWards.csv
tacatdp,ward,1425,Kainam,Kainam,active,1425,district,67,,11,67,,,,schemas/reference-data/TACATDP_RefWards.csv
tacatdp,ward,1426,Murray,Murray,active,1426,district,67,,11,67,,,,schemas/reference-data/TACATDP_RefWards.csv
tacatdp,ward,1427,Nahasey,Nahasey,active,1427,district,67,,11,67,,,,schemas/reference-data/TACATDP_RefWards.csv
tacatdp,ward,1428,Nambis,Nambis,active,1428,district,67,,11,67,,,,schemas/reference-data/TACATDP_RefWards.csv
tacatdp,ward,1429,Marang,Marang,active,1429,district,67,,11,67,,,,schemas/reference-data/TACATDP_RefWards.csv
tacatdp,ward,1430,Gunyoda,Gunyoda,active,1430,district,67,,11,67,,,,schemas/reference-data/TACATDP_RefWards.csv
tacatdp,ward,1431,Bargish,Bargish,active,1431,district,67,,11,67,,,,schemas/reference-data/TACATDP_RefWards.csv
tacatdp,ward,1432,Daudi,Daudi,active,1432,district,67,,11,67,,,,schemas/reference-data/TACATDP_RefWards.csv
tacatdp,ward,1433,Gehandu,Gehandu,active,1433,district,67,,11,67,,,,schemas/reference-data/TACATDP_RefWards.csv
tacatdp,ward,1434,Tlawi,Tlawi,active,1434,district,67,,11,67,,,,schemas/reference-data/TACATDP_RefWards.csv
tacatdp,ward,1435,Arri,Arri,active,1435,district,68,,11,68,,,,schemas/reference-data/TACATDP_RefWards.csv
tacatdp,ward,1436,Bashnet,Bashnet,active,1436,district,68,,11,68,,,,schemas/reference-data/TACATDP_RefWards.csv
tacatdp,ward,1437,Nar,Nar,active,1437,district,68,,11,68,,,,schemas/reference-data/TACATDP_RefWards.csv
tacatdp,ward,1438,Dabil,Dabil,active,1438,district,68,,11,68,,,,schemas/reference-data/TACATDP_RefWards.csv
tacatdp,ward,1439,Dareda,Dareda,active,1439,district,68,,11,68,,,,schemas/reference-data/TACATDP_RefWards.csv
tacatdp,ward,1440,Ayalagaya,Ayalagaya,active,1440,district,68,,11,68,,,,schemas/reference-data/TACATDP_RefWards.csv
tacatdp,ward,1441,Ufana,Ufana,active,1441,district,68,,11,68,,,,schemas/reference-data/TACATDP_RefWards.csv
tacatdp,ward,1442,Secheda,Secheda,active,1442,district,68,,11,68,,,,schemas/reference-data/TACATDP_RefWards.csv
tacatdp,ward,1443,Madunga,Madunga,active,1443,district,68,,11,68,,,,schemas/reference-data/TACATDP_RefWards.csv
tacatdp,ward,1444,Qameyu,Qameyu,active,1444,district,68,,11,68,,,,schemas/reference-data/TACATDP_RefWards.csv
tacatdp,ward,1445,Ayasanda,Ayasanda,active,1445,district,68,,11,68,,,,schemas/reference-data/TACATDP_RefWards.csv
tacatdp,ward,1446,Duru,Duru,active,1446,district,68,,11,68,,,,schemas/reference-data/TACATDP_RefWards.csv
tacatdp,ward,1447,Gidas,Gidas,active,1447,district,68,,11,68,,,,schemas/reference-data/TACATDP_RefWards.csv
tacatdp,ward,1448,Boay,Boay,active,1448,district,68,,11,68,,,,schemas/reference-data/TACATDP_RefWards.csv
tacatdp,ward,1449,Riroda,Riroda,active,1449,district,68,,11,68,,,,schemas/reference-data/TACATDP_RefWards.csv
tacatdp,ward,1450,Gallapo,Gallapo,active,1450,district,68,,11,68,,,,schemas/reference-data/TACATDP_RefWards.csv
tacatdp,ward,1451,Mamire,Mamire,active,1451,district,68,,11,68,,,,schemas/reference-data/TACATDP_RefWards.csv
tacatdp,ward,1452,Endakiso,Endakiso,active,1452,district,68,,11,68,,,,schemas/reference-data/TACATDP_RefWards.csv
tacatdp,ward,1453,Qash,Qash,active,1453,district,68,,11,68,,,,schemas/reference-data/TACATDP_RefWards.csv
tacatdp,ward,1454,Nkaiti,Nkaiti,active,1454,district,68,,11,68,,,,schemas/reference-data/TACATDP_RefWards.csv
tacatdp,ward,1455,Magara,Magara,active,1455,district,68,,11,68,,,,schemas/reference-data/TACATDP_RefWards.csv
tacatdp,ward,1456,Magugu,Magugu,active,1456,district,68,,11,68,,,,schemas/reference-data/TACATDP_RefWards.csv
tacatdp,ward,1457,Mwada,Mwada,active,1457,district,68,,11,68,,,,schemas/reference-data/TACATDP_RefWards.csv
tacatdp,ward,1458,Kisangaji,Kisangaji,active,1458,district,68,,11,68,,,,schemas/reference-data/TACATDP_RefWards.csv
tacatdp,ward,1459,Kiru,Kiru,active,1459,district,68,,11,68,,,,schemas/reference-data/TACATDP_RefWards.csv
tacatdp,ward,1460,Songambele,Songambele,active,1460,district,69,,11,69,,,,schemas/reference-data/TACATDP_RefWards.csv
tacatdp,ward,1461,Magungu,Magungu,active,1461,district,69,,11,69,,,,schemas/reference-data/TACATDP_RefWards.csv
tacatdp,ward,1462,Dosidosi,Dosidosi,active,1462,district,69,,11,69,,,,schemas/reference-data/TACATDP_RefWards.csv
tacatdp,ward,1463,Makame,Makame,active,1463,district,69,,11,69,,,,schemas/reference-data/TACATDP_RefWards.csv
tacatdp,ward,1464,Ndedo,Ndedo,active,1464,district,69,,11,69,,,,schemas/reference-data/TACATDP_RefWards.csv
tacatdp,ward,1465,Engusero,Engusero,active,1465,district,69,,11,69,,,,schemas/reference-data/TACATDP_RefWards.csv
tacatdp,ward,1466,Ndirgishi,Ndirgishi,active,1466,district,69,,11,69,,,,schemas/reference-data/TACATDP_RefWards.csv
tacatdp,ward,1467,Chapakazi,Chapakazi,active,1467,district,69,,11,69,,,,schemas/reference-data/TACATDP_RefWards.csv
tacatdp,ward,1468,Sunya,Sunya,active,1468,district,69,,11,69,,,,schemas/reference-data/TACATDP_RefWards.csv
tacatdp,ward,1469,Dongo,Dongo,active,1469,district,69,,11,69,,,,schemas/reference-data/TACATDP_RefWards.csv
tacatdp,ward,1470,Laiseri,Laiseri,active,1470,district,69,,11,69,,,,schemas/reference-data/TACATDP_RefWards.csv
tacatdp,ward,1471,Kijungu,Kijungu,active,1471,district,69,,11,69,,,,schemas/reference-data/TACATDP_RefWards.csv
tacatdp,ward,1472,Loolera,Loolera,active,1472,district,69,,11,69,,,,schemas/reference-data/TACATDP_RefWards.csv
tacatdp,ward,1473,Lengatei,Lengatei,active,1473,district,69,,11,69,,,,schemas/reference-data/TACATDP_RefWards.csv
tacatdp,ward,1474,Njoro,Njoro,active,1474,district,69,,11,69,,,,schemas/reference-data/TACATDP_RefWards.csv
tacatdp,ward,1475,Olboloti,Olboloti,active,1475,district,69,,11,69,,,,schemas/reference-data/TACATDP_RefWards.csv
tacatdp,ward,1476,Partimbo,Partimbo,active,1476,district,69,,11,69,,,,schemas/reference-data/TACATDP_RefWards.csv
tacatdp,ward,1477,Namelock,Namelock,active,1477,district,69,,11,69,,,,schemas/reference-data/TACATDP_RefWards.csv
tacatdp,ward,1478,Kibaya,Kibaya,active,1478,district,69,,11,69,,,,schemas/reference-data/TACATDP_RefWards.csv
tacatdp,ward,1479,Bwagamoyo,Bwagamoyo,active,1479,district,69,,11,69,,,,schemas/reference-data/TACATDP_RefWards.csv
tacatdp,ward,1480,Kaloleni,Kaloleni,active,1480,district,69,,11,69,,,,schemas/reference-data/TACATDP_RefWards.csv
tacatdp,ward,1481,Matui,Matui,active,1481,district,69,,11,69,,,,schemas/reference-data/TACATDP_RefWards.csv
tacatdp,ward,1482,Bwawani,Bwawani,active,1482,district,69,,11,69,,,,schemas/reference-data/TACATDP_RefWards.csv
tacatdp,ward,1483,Gehandu,Gehandu,active,1483,district,70,,11,70,,,,schemas/reference-data/TACATDP_RefWards.csv
tacatdp,ward,1484,Ishponga,Ishponga,active,1484,district,70,,11,70,,,,schemas/reference-data/TACATDP_RefWards.csv
tacatdp,ward,1485,Laghanga,Laghanga,active,1485,district,70,,11,70,,,,schemas/reference-data/TACATDP_RefWards.csv
tacatdp,ward,1486,Balang'dalalu,Balang'dalalu,active,1486,district,70,,11,70,,,,schemas/reference-data/TACATDP_RefWards.csv
tacatdp,ward,1487,Lalaji,Lalaji,active,1487,district,70,,11,70,,,,schemas/reference-data/TACATDP_RefWards.csv
tacatdp,ward,1488,Bassotu,Bassotu,active,1488,district,70,,11,70,,,,schemas/reference-data/TACATDP_RefWards.csv
tacatdp,ward,1489,Mulbadaw,Mulbadaw,active,1489,district,70,,11,70,,,,schemas/reference-data/TACATDP_RefWards.csv
tacatdp,ward,1490,Bassodesh,Bassodesh,active,1490,district,70,,11,70,,,,schemas/reference-data/TACATDP_RefWards.csv
tacatdp,ward,1491,Garawja,Garawja,active,1491,district,70,,11,70,,,,schemas/reference-data/TACATDP_RefWards.csv
tacatdp,ward,1492,Hirbadaw,Hirbadaw,active,1492,district,70,,11,70,,,,schemas/reference-data/TACATDP_RefWards.csv
tacatdp,ward,1493,Getanuwas,Getanuwas,active,1493,district,70,,11,70,,,,schemas/reference-data/TACATDP_RefWards.csv
tacatdp,ward,1494,Endasak,Endasak,active,1494,district,70,,11,70,,,,schemas/reference-data/TACATDP_RefWards.csv
tacatdp,ward,1495,Endagaw,Endagaw,active,1495,district,70,,11,70,,,,schemas/reference-data/TACATDP_RefWards.csv
tacatdp,ward,1496,Endasiwold,Endasiwold,active,1496,district,70,,11,70,,,,schemas/reference-data/TACATDP_RefWards.csv
tacatdp,ward,1497,Gidahababieg,Gidahababieg,active,1497,district,70,,11,70,,,,schemas/reference-data/TACATDP_RefWards.csv
tacatdp,ward,1498,Masakta,Masakta,active,1498,district,70,,11,70,,,,schemas/reference-data/TACATDP_RefWards.csv
tacatdp,ward,1499,Measkron,Measkron,active,1499,district,70,,11,70,,,,schemas/reference-data/TACATDP_RefWards.csv
tacatdp,ward,1500,Gitting,Gitting,active,1500,district,70,,11,70,,,,schemas/reference-data/TACATDP_RefWards.csv
tacatdp,ward,1501,Masqaroda,Masqaroda,active,1501,district,70,,11,70,,,,schemas/reference-data/TACATDP_RefWards.csv
tacatdp,ward,1502,Simbay,Simbay,active,1502,district,70,,11,70,,,,schemas/reference-data/TACATDP_RefWards.csv
tacatdp,ward,1503,Gisambalang,Gisambalang,active,1503,district,70,,11,70,,,,schemas/reference-data/TACATDP_RefWards.csv
tacatdp,ward,1504,Sirop,Sirop,active,1504,district,70,,11,70,,,,schemas/reference-data/TACATDP_RefWards.csv
tacatdp,ward,1505,Hidet,Hidet,active,1505,district,70,,11,70,,,,schemas/reference-data/TACATDP_RefWards.csv
tacatdp,ward,1506,Mogitu,Mogitu,active,1506,district,70,,11,70,,,,schemas/reference-data/TACATDP_RefWards.csv
tacatdp,ward,1507,Dirma,Dirma,active,1507,district,70,,11,70,,,,schemas/reference-data/TACATDP_RefWards.csv
tacatdp,ward,1508,Nangwa,Nangwa,active,1508,district,70,,11,70,,,,schemas/reference-data/TACATDP_RefWards.csv
tacatdp,ward,1509,Wareta,Wareta,active,1509,district,70,,11,70,,,,schemas/reference-data/TACATDP_RefWards.csv
tacatdp,ward,1510,Gendabi,Gendabi,active,1510,district,70,,11,70,,,,schemas/reference-data/TACATDP_RefWards.csv
tacatdp,ward,1511,Dawar,Dawar,active,1511,district,70,,11,70,,,,schemas/reference-data/TACATDP_RefWards.csv
tacatdp,ward,1512,Katesh,Katesh,active,1512,district,70,,11,70,,,,schemas/reference-data/TACATDP_RefWards.csv
tacatdp,ward,1513,Ganana,Ganana,active,1513,district,70,,11,70,,,,schemas/reference-data/TACATDP_RefWards.csv
tacatdp,ward,1514,Dumbeta,Dumbeta,active,1514,district,70,,11,70,,,,schemas/reference-data/TACATDP_RefWards.csv
tacatdp,ward,1515,Jorodom,Jorodom,active,1515,district,70,,11,70,,,,schemas/reference-data/TACATDP_RefWards.csv
tacatdp,ward,1516,Yaeda Ampa,Yaeda Ampa,active,1516,district,71,,11,71,,,,schemas/reference-data/TACATDP_RefWards.csv
tacatdp,ward,1517,Bashay,Bashay,active,1517,district,71,,11,71,,,,schemas/reference-data/TACATDP_RefWards.csv
tacatdp,ward,1518,Dongobesh,Dongobesh,active,1518,district,71,,11,71,,,,schemas/reference-data/TACATDP_RefWards.csv
tacatdp,ward,1519,Gidhim,Gidhim,active,1519,district,71,,11,71,,,,schemas/reference-data/TACATDP_RefWards.csv
tacatdp,ward,1520,Tumati,Tumati,active,1520,district,71,,11,71,,,,schemas/reference-data/TACATDP_RefWards.csv
tacatdp,ward,1521,Dinamu,Dinamu,active,1521,district,71,,11,71,,,,schemas/reference-data/TACATDP_RefWards.csv
tacatdp,ward,1522,Maghang,Maghang,active,1522,district,71,,11,71,,,,schemas/reference-data/TACATDP_RefWards.csv
tacatdp,ward,1523,Labay,Labay,active,1523,district,71,,11,71,,,,schemas/reference-data/TACATDP_RefWards.csv
tacatdp,ward,1524,Maretadu,Maretadu,active,1524,district,71,,11,71,,,,schemas/reference-data/TACATDP_RefWards.csv
tacatdp,ward,1525,Haydom,Haydom,active,1525,district,71,,11,71,,,,schemas/reference-data/TACATDP_RefWards.csv
tacatdp,ward,1526,Geterer,Geterer,active,1526,district,71,,11,71,,,,schemas/reference-data/TACATDP_RefWards.csv
tacatdp,ward,1527,Haydarer,Haydarer,active,1527,district,71,,11,71,,,,schemas/reference-data/TACATDP_RefWards.csv
tacatdp,ward,1528,Endamilay,Endamilay,active,1528,district,71,,11,71,,,,schemas/reference-data/TACATDP_RefWards.csv
tacatdp,ward,1529,Yaeda Chini,Yaeda Chini,active,1529,district,71,,11,71,,,,schemas/reference-data/TACATDP_RefWards.csv
tacatdp,ward,1530,Eshkesh,Eshkesh,active,1530,district,71,,11,71,,,,schemas/reference-data/TACATDP_RefWards.csv
tacatdp,ward,1531,Masieda,Masieda,active,1531,district,71,,11,71,,,,schemas/reference-data/TACATDP_RefWards.csv
tacatdp,ward,1532,Endahagichan,Endahagichan,active,1532,district,71,,11,71,,,,schemas/reference-data/TACATDP_RefWards.csv
tacatdp,ward,1533,Masqaroda,Masqaroda,active,1533,district,71,,11,71,,,,schemas/reference-data/TACATDP_RefWards.csv
tacatdp,ward,1534,Langai,Langai,active,1534,district,72,,11,72,,,,schemas/reference-data/TACATDP_RefWards.csv
tacatdp,ward,1535,Endonyongijape,Endonyongijape,active,1535,district,72,,11,72,,,,schemas/reference-data/TACATDP_RefWards.csv
tacatdp,ward,1536,Kitwai,Kitwai,active,1536,district,72,,11,72,,,,schemas/reference-data/TACATDP_RefWards.csv
tacatdp,ward,1537,Naberera,Naberera,active,1537,district,72,,11,72,,,,schemas/reference-data/TACATDP_RefWards.csv
tacatdp,ward,1538,Terrat,Terrat,active,1538,district,72,,11,72,,,,schemas/reference-data/TACATDP_RefWards.csv
tacatdp,ward,1539,Oljoro Na.5,Oljoro Na.5,active,1539,district,72,,11,72,,,,schemas/reference-data/TACATDP_RefWards.csv
tacatdp,ward,1540,Komolo,Komolo,active,1540,district,72,,11,72,,,,schemas/reference-data/TACATDP_RefWards.csv
tacatdp,ward,1541,Emboreet,Emboreet,active,1541,district,72,,11,72,,,,schemas/reference-data/TACATDP_RefWards.csv
tacatdp,ward,1542,Loiborsiret,Loiborsiret,active,1542,district,72,,11,72,,,,schemas/reference-data/TACATDP_RefWards.csv
tacatdp,ward,1543,Ruvu Remit,Ruvu Remit,active,1543,district,72,,11,72,,,,schemas/reference-data/TACATDP_RefWards.csv
tacatdp,ward,1544,Loiborsoit,Loiborsoit,active,1544,district,72,,11,72,,,,schemas/reference-data/TACATDP_RefWards.csv
tacatdp,ward,1545,Msitu wa Tembo,Msitu wa Tembo,active,1545,district,72,,11,72,,,,schemas/reference-data/TACATDP_RefWards.csv
tacatdp,ward,1546,Ngorika,Ngorika,active,1546,district,72,,11,72,,,,schemas/reference-data/TACATDP_RefWards.csv
tacatdp,ward,1547,Naisinyai,Naisinyai,active,1547,district,72,,11,72,,,,schemas/reference-data/TACATDP_RefWards.csv
tacatdp,ward,1548,Shambarai,Shambarai,active,1548,district,72,,11,72,,,,schemas/reference-data/TACATDP_RefWards.csv
tacatdp,ward,1549,Mirerani,Mirerani,active,1549,district,72,,11,72,,,,schemas/reference-data/TACATDP_RefWards.csv
tacatdp,ward,1550,Endiamutu,Endiamutu,active,1550,district,72,,11,72,,,,schemas/reference-data/TACATDP_RefWards.csv
tacatdp,ward,1551,Orkesumet,Orkesumet,active,1551,district,72,,11,72,,,,schemas/reference-data/TACATDP_RefWards.csv
tacatdp,ward,1552,Bunda Mjini,Bunda Mjini,active,1552,district,73,,12,73,,,,schemas/reference-data/TACATDP_RefWards.csv
tacatdp,ward,1553,Kabarimu,Kabarimu,active,1553,district,73,,12,73,,,,schemas/reference-data/TACATDP_RefWards.csv
tacatdp,ward,1554,Sazira,Sazira,active,1554,district,73,,12,73,,,,schemas/reference-data/TACATDP_RefWards.csv
tacatdp,ward,1555,Guta,Guta,active,1555,district,73,,12,73,,,,schemas/reference-data/TACATDP_RefWards.csv
tacatdp,ward,1556,Kabasa,Kabasa,active,1556,district,73,,12,73,,,,schemas/reference-data/TACATDP_RefWards.csv
tacatdp,ward,1557,Bunda Stoo,Bunda Stoo,active,1557,district,73,,12,73,,,,schemas/reference-data/TACATDP_RefWards.csv
tacatdp,ward,1558,Kunzugu,Kunzugu,active,1558,district,73,,12,73,,,,schemas/reference-data/TACATDP_RefWards.csv
tacatdp,ward,1559,Nyatwali,Nyatwali,active,1559,district,73,,12,73,,,,schemas/reference-data/TACATDP_RefWards.csv
tacatdp,ward,1560,Balili,Balili,active,1560,district,73,,12,73,,,,schemas/reference-data/TACATDP_RefWards.csv
tacatdp,ward,1561,Nyamakokoto,Nyamakokoto,active,1561,district,73,,12,73,,,,schemas/reference-data/TACATDP_RefWards.csv
tacatdp,ward,1562,Nyasura,Nyasura,active,1562,district,73,,12,73,,,,schemas/reference-data/TACATDP_RefWards.csv
tacatdp,ward,1563,Manyamanyama,Manyamanyama,active,1563,district,73,,12,73,,,,schemas/reference-data/TACATDP_RefWards.csv
tacatdp,ward,1564,Mcharo,Mcharo,active,1564,district,73,,12,73,,,,schemas/reference-data/TACATDP_RefWards.csv
tacatdp,ward,1565,Wariku,Wariku,active,1565,district,73,,12,73,,,,schemas/reference-data/TACATDP_RefWards.csv
tacatdp,ward,1566,Bweri,Bweri,active,1566,district,74,,12,74,,,,schemas/reference-data/TACATDP_RefWards.csv
tacatdp,ward,1567,Rwamlimi,Rwamlimi,active,1567,district,74,,12,74,,,,schemas/reference-data/TACATDP_RefWards.csv
tacatdp,ward,1568,Kigera,Kigera,active,1568,district,74,,12,74,,,,schemas/reference-data/TACATDP_RefWards.csv
tacatdp,ward,1569,Kwangwa,Kwangwa,active,1569,district,74,,12,74,,,,schemas/reference-data/TACATDP_RefWards.csv
tacatdp,ward,1570,Makoko,Makoko,active,1570,district,74,,12,74,,,,schemas/reference-data/TACATDP_RefWards.csv
tacatdp,ward,1571,Mwisenge,Mwisenge,active,1571,district,74,,12,74,,,,schemas/reference-data/TACATDP_RefWards.csv
tacatdp,ward,1572,Nyakato,Nyakato,active,1572,district,74,,12,74,,,,schemas/reference-data/TACATDP_RefWards.csv
tacatdp,ward,1573,Mshikamano,Mshikamano,active,1573,district,74,,12,74,,,,schemas/reference-data/TACATDP_RefWards.csv
tacatdp,ward,1574,Buhare,Buhare,active,1574,district,74,,12,74,,,,schemas/reference-data/TACATDP_RefWards.csv
tacatdp,ward,1575,Iringo,Iringo,active,1575,district,74,,12,74,,,,schemas/reference-data/TACATDP_RefWards.csv
tacatdp,ward,1576,Kamunyonge,Kamunyonge,active,1576,district,74,,12,74,,,,schemas/reference-data/TACATDP_RefWards.csv
tacatdp,ward,1577,Kitaji,Kitaji,active,1577,district,74,,12,74,,,,schemas/reference-data/TACATDP_RefWards.csv
tacatdp,ward,1578,Mukendo,Mukendo,active,1578,district,74,,12,74,,,,schemas/reference-data/TACATDP_RefWards.csv
tacatdp,ward,1579,Mwigobero,Mwigobero,active,1579,district,74,,12,74,,,,schemas/reference-data/TACATDP_RefWards.csv
tacatdp,ward,1580,Nyamatare,Nyamatare,active,1580,district,74,,12,74,,,,schemas/reference-data/TACATDP_RefWards.csv
tacatdp,ward,1581,Nyasho,Nyasho,active,1581,district,74,,12,74,,,,schemas/reference-data/TACATDP_RefWards.csv
tacatdp,ward,1582,Bomani,Bomani,active,1582,district,75,,12,75,,,,schemas/reference-data/TACATDP_RefWards.csv
tacatdp,ward,1583,Nyamisangura,Nyamisangura,active,1583,district,75,,12,75,,,,schemas/reference-data/TACATDP_RefWards.csv
tacatdp,ward,1584,Sabasaba,Sabasaba,active,1584,district,75,,12,75,,,,schemas/reference-data/TACATDP_RefWards.csv
tacatdp,ward,1585,Turwa,Turwa,active,1585,district,75,,12,75,,,,schemas/reference-data/TACATDP_RefWards.csv
tacatdp,ward,1586,Nkende,Nkende,active,1586,district,75,,12,75,,,,schemas/reference-data/TACATDP_RefWards.csv
tacatdp,ward,1587,Kenyamanyori,Kenyamanyori,active,1587,district,75,,12,75,,,,schemas/reference-data/TACATDP_RefWards.csv
tacatdp,ward,1588,Ketare,Ketare,active,1588,district,75,,12,75,,,,schemas/reference-data/TACATDP_RefWards.csv
tacatdp,ward,1589,Nyandoto,Nyandoto,active,1589,district,75,,12,75,,,,schemas/reference-data/TACATDP_RefWards.csv
tacatdp,ward,1590,Mihingo,Mihingo,active,1590,district,76,,12,76,,,,schemas/reference-data/TACATDP_RefWards.csv
tacatdp,ward,1591,Mugeta,Mugeta,active,1591,district,76,,12,76,,,,schemas/reference-data/TACATDP_RefWards.csv
tacatdp,ward,1592,Salama,Salama,active,1592,district,76,,12,76,,,,schemas/reference-data/TACATDP_RefWards.csv
tacatdp,ward,1593,Hunyari,Hunyari,active,1593,district,76,,12,76,,,,schemas/reference-data/TACATDP_RefWards.csv
tacatdp,ward,1594,Nyamang'uta,Nyamang'uta,active,1594,district,76,,12,76,,,,schemas/reference-data/TACATDP_RefWards.csv
tacatdp,ward,1595,Ketare,Ketare,active,1595,district,76,,12,76,,,,schemas/reference-data/TACATDP_RefWards.csv
tacatdp,ward,1596,Nyamuswa,Nyamuswa,active,1596,district,76,,12,76,,,,schemas/reference-data/TACATDP_RefWards.csv
tacatdp,ward,1597,Butimba,Butimba,active,1597,district,76,,12,76,,,,schemas/reference-data/TACATDP_RefWards.csv
tacatdp,ward,1598,Kasuguti,Kasuguti,active,1598,district,76,,12,76,,,,schemas/reference-data/TACATDP_RefWards.csv
tacatdp,ward,1599,Neruma,Neruma,active,1599,district,76,,12,76,,,,schemas/reference-data/TACATDP_RefWards.csv
tacatdp,ward,1600,Nyamihyoro,Nyamihyoro,active,1600,district,76,,12,76,,,,schemas/reference-data/TACATDP_RefWards.csv
tacatdp,ward,1601,Namhula,Namhula,active,1601,district,76,,12,76,,,,schemas/reference-data/TACATDP_RefWards.csv
tacatdp,ward,1602,Iramba,Iramba,active,1602,district,76,,12,76,,,,schemas/reference-data/TACATDP_RefWards.csv
tacatdp,ward,1603,Igundu,Igundu,active,1603,district,76,,12,76,,,,schemas/reference-data/TACATDP_RefWards.csv
tacatdp,ward,1604,Chitengule,Chitengule,active,1604,district,76,,12,76,,,,schemas/reference-data/TACATDP_RefWards.csv
tacatdp,ward,1605,Nampindi,Nampindi,active,1605,district,76,,12,76,,,,schemas/reference-data/TACATDP_RefWards.csv
tacatdp,ward,1606,Kibara,Kibara,active,1606,district,76,,12,76,,,,schemas/reference-data/TACATDP_RefWards.csv
tacatdp,ward,1607,Kisorya,Kisorya,active,1607,district,76,,12,76,,,,schemas/reference-data/TACATDP_RefWards.csv
tacatdp,ward,1608,Nansimo,Nansimo,active,1608,district,76,,12,76,,,,schemas/reference-data/TACATDP_RefWards.csv
tacatdp,ward,1609,Butiama,Butiama,active,1609,district,77,,12,77,,,,schemas/reference-data/TACATDP_RefWards.csv
tacatdp,ward,1610,Buhemba,Buhemba,active,1610,district,77,,12,77,,,,schemas/reference-data/TACATDP_RefWards.csv
tacatdp,ward,1611,Nyankanga,Nyankanga,active,1611,district,77,,12,77,,,,schemas/reference-data/TACATDP_RefWards.csv
tacatdp,ward,1612,Muriaza,Muriaza,active,1612,district,77,,12,77,,,,schemas/reference-data/TACATDP_RefWards.csv
tacatdp,ward,1613,Kyanyari,Kyanyari,active,1613,district,77,,12,77,,,,schemas/reference-data/TACATDP_RefWards.csv
tacatdp,ward,1614,Masaba,Masaba,active,1614,district,77,,12,77,,,,schemas/reference-data/TACATDP_RefWards.csv
tacatdp,ward,1615,Butuguri,Butuguri,active,1615,district,77,,12,77,,,,schemas/reference-data/TACATDP_RefWards.csv
tacatdp,ward,1616,Bukabwa,Bukabwa,active,1616,district,77,,12,77,,,,schemas/reference-data/TACATDP_RefWards.csv
tacatdp,ward,1617,Kukirango,Kukirango,active,1617,district,77,,12,77,,,,schemas/reference-data/TACATDP_RefWards.csv
tacatdp,ward,1618,Kamugegi,Kamugegi,active,1618,district,77,,12,77,,,,schemas/reference-data/TACATDP_RefWards.csv
tacatdp,ward,1619,Buruma,Buruma,active,1619,district,77,,12,77,,,,schemas/reference-data/TACATDP_RefWards.csv
tacatdp,ward,1620,Mirwa,Mirwa,active,1620,district,77,,12,77,,,,schemas/reference-data/TACATDP_RefWards.csv
tacatdp,ward,1621,Busegwe,Busegwe,active,1621,district,77,,12,77,,,,schemas/reference-data/TACATDP_RefWards.csv
tacatdp,ward,1622,Bisumwa,Bisumwa,active,1622,district,77,,12,77,,,,schemas/reference-data/TACATDP_RefWards.csv
tacatdp,ward,1623,Nyamimange,Nyamimange,active,1623,district,77,,12,77,,,,schemas/reference-data/TACATDP_RefWards.csv
tacatdp,ward,1624,Bwiregi,Bwiregi,active,1624,district,77,,12,77,,,,schemas/reference-data/TACATDP_RefWards.csv
tacatdp,ward,1625,Buswahili,Buswahili,active,1625,district,77,,12,77,,,,schemas/reference-data/TACATDP_RefWards.csv
tacatdp,ward,1626,Sirorisimba,Sirorisimba,active,1626,district,77,,12,77,,,,schemas/reference-data/TACATDP_RefWards.csv
tacatdp,ward,1627,Mugango,Mugango,active,1627,district,78,,12,78,,,,schemas/reference-data/TACATDP_RefWards.csv
tacatdp,ward,1628,Nyamrandirira,Nyamrandirira,active,1628,district,78,,12,78,,,,schemas/reference-data/TACATDP_RefWards.csv
tacatdp,ward,1629,Nyambono,Nyambono,active,1629,district,78,,12,78,,,,schemas/reference-data/TACATDP_RefWards.csv
tacatdp,ward,1630,Bugoji,Bugoji,active,1630,district,78,,12,78,,,,schemas/reference-data/TACATDP_RefWards.csv
tacatdp,ward,1631,Bwasi,Bwasi,active,1631,district,78,,12,78,,,,schemas/reference-data/TACATDP_RefWards.csv
tacatdp,ward,1632,Suguti,Suguti,active,1632,district,78,,12,78,,,,schemas/reference-data/TACATDP_RefWards.csv
tacatdp,ward,1633,Bukumi,Bukumi,active,1633,district,78,,12,78,,,,schemas/reference-data/TACATDP_RefWards.csv
tacatdp,ward,1634,Makojo,Makojo,active,1634,district,78,,12,78,,,,schemas/reference-data/TACATDP_RefWards.csv
tacatdp,ward,1635,Tegeruka,Tegeruka,active,1635,district,78,,12,78,,,,schemas/reference-data/TACATDP_RefWards.csv
tacatdp,ward,1636,Bugwema,Bugwema,active,1636,district,78,,12,78,,,,schemas/reference-data/TACATDP_RefWards.csv
tacatdp,ward,1637,Kiriba,Kiriba,active,1637,district,78,,12,78,,,,schemas/reference-data/TACATDP_RefWards.csv
tacatdp,ward,1638,Murangi,Murangi,active,1638,district,78,,12,78,,,,schemas/reference-data/TACATDP_RefWards.csv
tacatdp,ward,1639,Musanja,Musanja,active,1639,district,78,,12,78,,,,schemas/reference-data/TACATDP_RefWards.csv
tacatdp,ward,1640,Bukima,Bukima,active,1640,district,78,,12,78,,,,schemas/reference-data/TACATDP_RefWards.csv
tacatdp,ward,1641,Rusoli,Rusoli,active,1641,district,78,,12,78,,,,schemas/reference-data/TACATDP_RefWards.csv
tacatdp,ward,1642,Busambara,Busambara,active,1642,district,78,,12,78,,,,schemas/reference-data/TACATDP_RefWards.csv
tacatdp,ward,1643,Bulinga,Bulinga,active,1643,district,78,,12,78,,,,schemas/reference-data/TACATDP_RefWards.csv
tacatdp,ward,1644,Ifulifu,Ifulifu,active,1644,district,78,,12,78,,,,schemas/reference-data/TACATDP_RefWards.csv
tacatdp,ward,1645,Etaro,Etaro,active,1645,district,78,,12,78,,,,schemas/reference-data/TACATDP_RefWards.csv
tacatdp,ward,1646,Nyegina,Nyegina,active,1646,district,78,,12,78,,,,schemas/reference-data/TACATDP_RefWards.csv
tacatdp,ward,1647,Nyakatende,Nyakatende,active,1647,district,78,,12,78,,,,schemas/reference-data/TACATDP_RefWards.csv
tacatdp,ward,1648,Ikoma,Ikoma,active,1648,district,79,,12,79,,,,schemas/reference-data/TACATDP_RefWards.csv
tacatdp,ward,1649,Natta,Natta,active,1649,district,79,,12,79,,,,schemas/reference-data/TACATDP_RefWards.csv
tacatdp,ward,1650,Kyambahi,Kyambahi,active,1650,district,79,,12,79,,,,schemas/reference-data/TACATDP_RefWards.csv
tacatdp,ward,1651,Issenye,Issenye,active,1651,district,79,,12,79,,,,schemas/reference-data/TACATDP_RefWards.csv
tacatdp,ward,1652,Nagusi,Nagusi,active,1652,district,79,,12,79,,,,schemas/reference-data/TACATDP_RefWards.csv
tacatdp,ward,1653,Rigicha,Rigicha,active,1653,district,79,,12,79,,,,schemas/reference-data/TACATDP_RefWards.csv
tacatdp,ward,1654,Rung’abure,Rung’abure,active,1654,district,79,,12,79,,,,schemas/reference-data/TACATDP_RefWards.csv
tacatdp,ward,1655,Kebanchabancha,Kebanchabancha,active,1655,district,79,,12,79,,,,schemas/reference-data/TACATDP_RefWards.csv
tacatdp,ward,1656,Ring’wani,Ring’wani,active,1656,district,79,,12,79,,,,schemas/reference-data/TACATDP_RefWards.csv
tacatdp,ward,1657,Magange,Magange,active,1657,district,79,,12,79,,,,schemas/reference-data/TACATDP_RefWards.csv
tacatdp,ward,1658,Nyambureti,Nyambureti,active,1658,district,79,,12,79,,,,schemas/reference-data/TACATDP_RefWards.csv
tacatdp,ward,1659,Nyamatare,Nyamatare,active,1659,district,79,,12,79,,,,schemas/reference-data/TACATDP_RefWards.csv
tacatdp,ward,1660,Mosongo,Mosongo,active,1660,district,79,,12,79,,,,schemas/reference-data/TACATDP_RefWards.csv
tacatdp,ward,1661,Nyansurura,Nyansurura,active,1661,district,79,,12,79,,,,schemas/reference-data/TACATDP_RefWards.csv
tacatdp,ward,1662,Kenyamonta,Kenyamonta,active,1662,district,79,,12,79,,,,schemas/reference-data/TACATDP_RefWards.csv
tacatdp,ward,1663,Busawe,Busawe,active,1663,district,79,,12,79,,,,schemas/reference-data/TACATDP_RefWards.csv
tacatdp,ward,1664,Majimoto,Majimoto,active,1664,district,79,,12,79,,,,schemas/reference-data/TACATDP_RefWards.csv
tacatdp,ward,1665,Kisaka,Kisaka,active,1665,district,79,,12,79,,,,schemas/reference-data/TACATDP_RefWards.csv
tacatdp,ward,1666,Manchira,Manchira,active,1666,district,79,,12,79,,,,schemas/reference-data/TACATDP_RefWards.csv
tacatdp,ward,1667,Nyamoko,Nyamoko,active,1667,district,79,,12,79,,,,schemas/reference-data/TACATDP_RefWards.csv
tacatdp,ward,1668,Sedeco,Sedeco,active,1668,district,79,,12,79,,,,schemas/reference-data/TACATDP_RefWards.csv
tacatdp,ward,1669,Mbalibali,Mbalibali,active,1669,district,79,,12,79,,,,schemas/reference-data/TACATDP_RefWards.csv
tacatdp,ward,1670,Machochwe,Machochwe,active,1670,district,79,,12,79,,,,schemas/reference-data/TACATDP_RefWards.csv
tacatdp,ward,1671,Mugumu,Mugumu,active,1671,district,79,,12,79,,,,schemas/reference-data/TACATDP_RefWards.csv
tacatdp,ward,1672,Stendi kuu,Stendi kuu,active,1672,district,79,,12,79,,,,schemas/reference-data/TACATDP_RefWards.csv
tacatdp,ward,1673,Geitasamo,Geitasamo,active,1673,district,79,,12,79,,,,schemas/reference-data/TACATDP_RefWards.csv
tacatdp,ward,1674,Matare,Matare,active,1674,district,79,,12,79,,,,schemas/reference-data/TACATDP_RefWards.csv
tacatdp,ward,1675,Kisangura,Kisangura,active,1675,district,79,,12,79,,,,schemas/reference-data/TACATDP_RefWards.csv
tacatdp,ward,1676,Morotonga,Morotonga,active,1676,district,79,,12,79,,,,schemas/reference-data/TACATDP_RefWards.csv
tacatdp,ward,1677,Uwanja wa Ndege,Uwanja wa Ndege,active,1677,district,79,,12,79,,,,schemas/reference-data/TACATDP_RefWards.csv
tacatdp,ward,1678,Komuge,Komuge,active,1678,district,80,,12,80,,,,schemas/reference-data/TACATDP_RefWards.csv
tacatdp,ward,1679,Kisumwa,Kisumwa,active,1679,district,80,,12,80,,,,schemas/reference-data/TACATDP_RefWards.csv
tacatdp,ward,1680,Kyang'ombe,Kyang'ombe,active,1680,district,80,,12,80,,,,schemas/reference-data/TACATDP_RefWards.csv
tacatdp,ward,1681,Baraki,Baraki,active,1681,district,80,,12,80,,,,schemas/reference-data/TACATDP_RefWards.csv
tacatdp,ward,1682,Nyamunga,Nyamunga,active,1682,district,80,,12,80,,,,schemas/reference-data/TACATDP_RefWards.csv
tacatdp,ward,1683,Mirare,Mirare,active,1683,district,80,,12,80,,,,schemas/reference-data/TACATDP_RefWards.csv
tacatdp,ward,1684,Bukwe,Bukwe,active,1684,district,80,,12,80,,,,schemas/reference-data/TACATDP_RefWards.csv
tacatdp,ward,1685,Koryo,Koryo,active,1685,district,80,,12,80,,,,schemas/reference-data/TACATDP_RefWards.csv
tacatdp,ward,1686,Ikoma,Ikoma,active,1686,district,80,,12,80,,,,schemas/reference-data/TACATDP_RefWards.csv
tacatdp,ward,1687,Goribe,Goribe,active,1687,district,80,,12,80,,,,schemas/reference-data/TACATDP_RefWards.csv
tacatdp,ward,1688,Roche,Roche,active,1688,district,80,,12,80,,,,schemas/reference-data/TACATDP_RefWards.csv
tacatdp,ward,1689,Kitembe,Kitembe,active,1689,district,80,,12,80,,,,schemas/reference-data/TACATDP_RefWards.csv
tacatdp,ward,1690,Nyathorogo,Nyathorogo,active,1690,district,80,,12,80,,,,schemas/reference-data/TACATDP_RefWards.csv
tacatdp,ward,1691,Nyaburongo,Nyaburongo,active,1691,district,80,,12,80,,,,schemas/reference-data/TACATDP_RefWards.csv
tacatdp,ward,1692,Rabour,Rabour,active,1692,district,80,,12,80,,,,schemas/reference-data/TACATDP_RefWards.csv
tacatdp,ward,1693,Bukura,Bukura,active,1693,district,80,,12,80,,,,schemas/reference-data/TACATDP_RefWards.csv
tacatdp,ward,1694,Nyahongo,Nyahongo,active,1694,district,80,,12,80,,,,schemas/reference-data/TACATDP_RefWards.csv
tacatdp,ward,1695,Kinyenche,Kinyenche,active,1695,district,80,,12,80,,,,schemas/reference-data/TACATDP_RefWards.csv
tacatdp,ward,1696,Tai,Tai,active,1696,district,80,,12,80,,,,schemas/reference-data/TACATDP_RefWards.csv
tacatdp,ward,1697,Nyamagaro,Nyamagaro,active,1697,district,80,,12,80,,,,schemas/reference-data/TACATDP_RefWards.csv
tacatdp,ward,1698,Kyangasaga,Kyangasaga,active,1698,district,80,,12,80,,,,schemas/reference-data/TACATDP_RefWards.csv
tacatdp,ward,1699,Kirogo,Kirogo,active,1699,district,80,,12,80,,,,schemas/reference-data/TACATDP_RefWards.csv
tacatdp,ward,1700,Kigunga,Kigunga,active,1700,district,80,,12,80,,,,schemas/reference-data/TACATDP_RefWards.csv
tacatdp,ward,1701,Nyamtinga,Nyamtinga,active,1701,district,80,,12,80,,,,schemas/reference-data/TACATDP_RefWards.csv
tacatdp,ward,1702,Mkoma,Mkoma,active,1702,district,80,,12,80,,,,schemas/reference-data/TACATDP_RefWards.csv
tacatdp,ward,1703,Raranya,Raranya,active,1703,district,80,,12,80,,,,schemas/reference-data/TACATDP_RefWards.csv
tacatdp,ward,1704,Mwema,Mwema,active,1704,district,81,,12,81,,,,schemas/reference-data/TACATDP_RefWards.csv
tacatdp,ward,1705,Susuni,Susuni,active,1705,district,81,,12,81,,,,schemas/reference-data/TACATDP_RefWards.csv
tacatdp,ward,1706,Sirari,Sirari,active,1706,district,81,,12,81,,,,schemas/reference-data/TACATDP_RefWards.csv
tacatdp,ward,1707,Regicheri,Regicheri,active,1707,district,81,,12,81,,,,schemas/reference-data/TACATDP_RefWards.csv
tacatdp,ward,1708,Gwitiryo,Gwitiryo,active,1708,district,81,,12,81,,,,schemas/reference-data/TACATDP_RefWards.csv
tacatdp,ward,1709,Pemba,Pemba,active,1709,district,81,,12,81,,,,schemas/reference-data/TACATDP_RefWards.csv
tacatdp,ward,1710,Mbogi,Mbogi,active,1710,district,81,,12,81,,,,schemas/reference-data/TACATDP_RefWards.csv
tacatdp,ward,1711,Bumera,Bumera,active,1711,district,81,,12,81,,,,schemas/reference-data/TACATDP_RefWards.csv
tacatdp,ward,1712,Kiore,Kiore,active,1712,district,81,,12,81,,,,schemas/reference-data/TACATDP_RefWards.csv
tacatdp,ward,1713,Manga,Manga,active,1713,district,81,,12,81,,,,schemas/reference-data/TACATDP_RefWards.csv
tacatdp,ward,1714,Komaswa,Komaswa,active,1714,district,81,,12,81,,,,schemas/reference-data/TACATDP_RefWards.csv
tacatdp,ward,1715,Gorong'a,Gorong'a,active,1715,district,81,,12,81,,,,schemas/reference-data/TACATDP_RefWards.csv
tacatdp,ward,1716,Kemambo,Kemambo,active,1716,district,81,,12,81,,,,schemas/reference-data/TACATDP_RefWards.csv
tacatdp,ward,1717,Matongo,Matongo,active,1717,district,81,,12,81,,,,schemas/reference-data/TACATDP_RefWards.csv
tacatdp,ward,1718,Nyamwaga,Nyamwaga,active,1718,district,81,,12,81,,,,schemas/reference-data/TACATDP_RefWards.csv
tacatdp,ward,1719,Nyarokoba,Nyarokoba,active,1719,district,81,,12,81,,,,schemas/reference-data/TACATDP_RefWards.csv
tacatdp,ward,1720,Kwihancha,Kwihancha,active,1720,district,81,,12,81,,,,schemas/reference-data/TACATDP_RefWards.csv
tacatdp,ward,1721,Muriba,Muriba,active,1721,district,81,,12,81,,,,schemas/reference-data/TACATDP_RefWards.csv
tacatdp,ward,1722,Nyansincha,Nyansincha,active,1722,district,81,,12,81,,,,schemas/reference-data/TACATDP_RefWards.csv
tacatdp,ward,1723,Nyanungu,Nyanungu,active,1723,district,81,,12,81,,,,schemas/reference-data/TACATDP_RefWards.csv
tacatdp,ward,1724,Itiryo,Itiryo,active,1724,district,81,,12,81,,,,schemas/reference-data/TACATDP_RefWards.csv
tacatdp,ward,1725,Nyarero,Nyarero,active,1725,district,81,,12,81,,,,schemas/reference-data/TACATDP_RefWards.csv
tacatdp,ward,1726,Kibasuka,Kibasuka,active,1726,district,81,,12,81,,,,schemas/reference-data/TACATDP_RefWards.csv
tacatdp,ward,1727,Binagi,Binagi,active,1727,district,81,,12,81,,,,schemas/reference-data/TACATDP_RefWards.csv
tacatdp,ward,1728,Nyakonga,Nyakonga,active,1728,district,81,,12,81,,,,schemas/reference-data/TACATDP_RefWards.csv
tacatdp,ward,1729,Ganyange,Ganyange,active,1729,district,81,,12,81,,,,schemas/reference-data/TACATDP_RefWards.csv
tacatdp,ward,1730,Forest,Forest,active,1730,district,82,,13,82,,,,schemas/reference-data/TACATDP_RefWards.csv
tacatdp,ward,1731,Iduda,Iduda,active,1731,district,82,,13,82,,,,schemas/reference-data/TACATDP_RefWards.csv
tacatdp,ward,1732,Iganjo,Iganjo,active,1732,district,82,,13,82,,,,schemas/reference-data/TACATDP_RefWards.csv
tacatdp,ward,1733,Igawilo,Igawilo,active,1733,district,82,,13,82,,,,schemas/reference-data/TACATDP_RefWards.csv
tacatdp,ward,1734,Ilomba,Ilomba,active,1734,district,82,,13,82,,,,schemas/reference-data/TACATDP_RefWards.csv
tacatdp,ward,1735,Itezi,Itezi,active,1735,district,82,,13,82,,,,schemas/reference-data/TACATDP_RefWards.csv
tacatdp,ward,1736,Iwambi,Iwambi,active,1736,district,82,,13,82,,,,schemas/reference-data/TACATDP_RefWards.csv
tacatdp,ward,1737,Iyela,Iyela,active,1737,district,82,,13,82,,,,schemas/reference-data/TACATDP_RefWards.csv
tacatdp,ward,1738,Iyunga,Iyunga,active,1738,district,82,,13,82,,,,schemas/reference-data/TACATDP_RefWards.csv
tacatdp,ward,1739,Kalobe,Kalobe,active,1739,district,82,,13,82,,,,schemas/reference-data/TACATDP_RefWards.csv
tacatdp,ward,1740,Maanga,Maanga,active,1740,district,82,,13,82,,,,schemas/reference-data/TACATDP_RefWards.csv
tacatdp,ward,1741,Mabatini,Mabatini,active,1741,district,82,,13,82,,,,schemas/reference-data/TACATDP_RefWards.csv
tacatdp,ward,1742,Mbalizi Road,Mbalizi Road,active,1742,district,82,,13,82,,,,schemas/reference-data/TACATDP_RefWards.csv
tacatdp,ward,1743,Mwakibete,Mwakibete,active,1743,district,82,,13,82,,,,schemas/reference-data/TACATDP_RefWards.csv
tacatdp,ward,1744,Mwasanga,Mwasanga,active,1744,district,82,,13,82,,,,schemas/reference-data/TACATDP_RefWards.csv
tacatdp,ward,1745,Nsalaga,Nsalaga,active,1745,district,82,,13,82,,,,schemas/reference-data/TACATDP_RefWards.csv
tacatdp,ward,1746,Nzovwe,Nzovwe,active,1746,district,82,,13,82,,,,schemas/reference-data/TACATDP_RefWards.csv
tacatdp,ward,1747,Ruanda,Ruanda,active,1747,district,82,,13,82,,,,schemas/reference-data/TACATDP_RefWards.csv
tacatdp,ward,1748,Sinde,Sinde,active,1748,district,82,,13,82,,,,schemas/reference-data/TACATDP_RefWards.csv
tacatdp,ward,1749,Tembela,Tembela,active,1749,district,82,,13,82,,,,schemas/reference-data/TACATDP_RefWards.csv
tacatdp,ward,1750,Uyole,Uyole,active,1750,district,82,,13,82,,,,schemas/reference-data/TACATDP_RefWards.csv
tacatdp,ward,1751,Ghana,Ghana,active,1751,district,82,,13,82,,,,schemas/reference-data/TACATDP_RefWards.csv
tacatdp,ward,1752,Iganzo,Iganzo,active,1752,district,82,,13,82,,,,schemas/reference-data/TACATDP_RefWards.csv
tacatdp,ward,1753,Ilemi,Ilemi,active,1753,district,82,,13,82,,,,schemas/reference-data/TACATDP_RefWards.csv
tacatdp,ward,1754,Isanga,Isanga,active,1754,district,82,,13,82,,,,schemas/reference-data/TACATDP_RefWards.csv
tacatdp,ward,1755,Isyesye,Isyesye,active,1755,district,82,,13,82,,,,schemas/reference-data/TACATDP_RefWards.csv
tacatdp,ward,1756,Itagano,Itagano,active,1756,district,82,,13,82,,,,schemas/reference-data/TACATDP_RefWards.csv
tacatdp,ward,1757,Itende,Itende,active,1757,district,82,,13,82,,,,schemas/reference-data/TACATDP_RefWards.csv
tacatdp,ward,1758,Itiji,Itiji,active,1758,district,82,,13,82,,,,schemas/reference-data/TACATDP_RefWards.csv
tacatdp,ward,1759,Iziwa,Iziwa,active,1759,district,82,,13,82,,,,schemas/reference-data/TACATDP_RefWards.csv
tacatdp,ward,1760,Majengo,Majengo,active,1760,district,82,,13,82,,,,schemas/reference-data/TACATDP_RefWards.csv
tacatdp,ward,1761,Maendeleo,Maendeleo,active,1761,district,82,,13,82,,,,schemas/reference-data/TACATDP_RefWards.csv
tacatdp,ward,1762,Mwasenkwa,Mwasenkwa,active,1762,district,82,,13,82,,,,schemas/reference-data/TACATDP_RefWards.csv
tacatdp,ward,1763,Nonde,Nonde,active,1763,district,82,,13,82,,,,schemas/reference-data/TACATDP_RefWards.csv
tacatdp,ward,1764,Nsoho,Nsoho,active,1764,district,82,,13,82,,,,schemas/reference-data/TACATDP_RefWards.csv
tacatdp,ward,1765,Sisimba,Sisimba,active,1765,district,82,,13,82,,,,schemas/reference-data/TACATDP_RefWards.csv
tacatdp,ward,1766,Lufilyo,Lufilyo,active,1766,district,83,,13,83,,,,schemas/reference-data/TACATDP_RefWards.csv
tacatdp,ward,1767,Luteba,Luteba,active,1767,district,83,,13,83,,,,schemas/reference-data/TACATDP_RefWards.csv
tacatdp,ward,1768,Kambasegela,Kambasegela,active,1768,district,83,,13,83,,,,schemas/reference-data/TACATDP_RefWards.csv
tacatdp,ward,1769,Ntaba,Ntaba,active,1769,district,83,,13,83,,,,schemas/reference-data/TACATDP_RefWards.csv
tacatdp,ward,1770,Lwangwa,Lwangwa,active,1770,district,83,,13,83,,,,schemas/reference-data/TACATDP_RefWards.csv
tacatdp,ward,1771,Isange,Isange,active,1771,district,83,,13,83,,,,schemas/reference-data/TACATDP_RefWards.csv
tacatdp,ward,1772,Itete,Itete,active,1772,district,83,,13,83,,,,schemas/reference-data/TACATDP_RefWards.csv
tacatdp,ward,1773,Kisegese,Kisegese,active,1773,district,83,,13,83,,,,schemas/reference-data/TACATDP_RefWards.csv
tacatdp,ward,1774,Kabula,Kabula,active,1774,district,83,,13,83,,,,schemas/reference-data/TACATDP_RefWards.csv
tacatdp,ward,1775,Mpata,Mpata,active,1775,district,83,,13,83,,,,schemas/reference-data/TACATDP_RefWards.csv
tacatdp,ward,1776,Lupata,Lupata,active,1776,district,83,,13,83,,,,schemas/reference-data/TACATDP_RefWards.csv
tacatdp,ward,1777,Kandete,Kandete,active,1777,district,83,,13,83,,,,schemas/reference-data/TACATDP_RefWards.csv
tacatdp,ward,1778,Mpombo,Mpombo,active,1778,district,83,,13,83,,,,schemas/reference-data/TACATDP_RefWards.csv
tacatdp,ward,1779,Mamba,Mamba,active,1779,district,84,,13,84,,,,schemas/reference-data/TACATDP_RefWards.csv
tacatdp,ward,1780,Upendo,Upendo,active,1780,district,84,,13,84,,,,schemas/reference-data/TACATDP_RefWards.csv
tacatdp,ward,1781,Lupa,Lupa,active,1781,district,84,,13,84,,,,schemas/reference-data/TACATDP_RefWards.csv
tacatdp,ward,1782,Nkung’ungu,Nkung’ungu,active,1782,district,84,,13,84,,,,schemas/reference-data/TACATDP_RefWards.csv
tacatdp,ward,1783,Lualaje,Lualaje,active,1783,district,84,,13,84,,,,schemas/reference-data/TACATDP_RefWards.csv
tacatdp,ward,1784,Mtanila,Mtanila,active,1784,district,84,,13,84,,,,schemas/reference-data/TACATDP_RefWards.csv
tacatdp,ward,1785,Matwiga,Matwiga,active,1785,district,84,,13,84,,,,schemas/reference-data/TACATDP_RefWards.csv
tacatdp,ward,1786,Mafyeko,Mafyeko,active,1786,district,84,,13,84,,,,schemas/reference-data/TACATDP_RefWards.csv
tacatdp,ward,1787,Kambikatoto,Kambikatoto,active,1787,district,84,,13,84,,,,schemas/reference-data/TACATDP_RefWards.csv
tacatdp,ward,1788,Chalangwa,Chalangwa,active,1788,district,84,,13,84,,,,schemas/reference-data/TACATDP_RefWards.csv
tacatdp,ward,1789,Sangambi,Sangambi,active,1789,district,84,,13,84,,,,schemas/reference-data/TACATDP_RefWards.csv
tacatdp,ward,1790,Ifumbo,Ifumbo,active,1790,district,84,,13,84,,,,schemas/reference-data/TACATDP_RefWards.csv
tacatdp,ward,1791,Mbugani,Mbugani,active,1791,district,84,,13,84,,,,schemas/reference-data/TACATDP_RefWards.csv
tacatdp,ward,1792,Itewe,Itewe,active,1792,district,84,,13,84,,,,schemas/reference-data/TACATDP_RefWards.csv
tacatdp,ward,1793,Kasanga,Kasanga,active,1793,district,84,,13,84,,,,schemas/reference-data/TACATDP_RefWards.csv
tacatdp,ward,1794,Chokaa,Chokaa,active,1794,district,84,,13,84,,,,schemas/reference-data/TACATDP_RefWards.csv
tacatdp,ward,1795,Makongolosi,Makongolosi,active,1795,district,84,,13,84,,,,schemas/reference-data/TACATDP_RefWards.csv
tacatdp,ward,1796,Bwawani,Bwawani,active,1796,district,84,,13,84,,,,schemas/reference-data/TACATDP_RefWards.csv
tacatdp,ward,1797,Matundasi,Matundasi,active,1797,district,84,,13,84,,,,schemas/reference-data/TACATDP_RefWards.csv
tacatdp,ward,1798,Mkola,Mkola,active,1798,district,84,,13,84,,,,schemas/reference-data/TACATDP_RefWards.csv
tacatdp,ward,1799,Ikama,Ikama,active,1799,district,85,,13,85,,,,schemas/reference-data/TACATDP_RefWards.csv
tacatdp,ward,1800,Talatala,Talatala,active,1800,district,85,,13,85,,,,schemas/reference-data/TACATDP_RefWards.csv
tacatdp,ward,1801,Ipande,Ipande,active,1801,district,85,,13,85,,,,schemas/reference-data/TACATDP_RefWards.csv
tacatdp,ward,1802,Muungano,Muungano,active,1802,district,85,,13,85,,,,schemas/reference-data/TACATDP_RefWards.csv
tacatdp,ward,1803,Ipinda,Ipinda,active,1803,district,85,,13,85,,,,schemas/reference-data/TACATDP_RefWards.csv
tacatdp,ward,1804,Lusungo,Lusungo,active,1804,district,85,,13,85,,,,schemas/reference-data/TACATDP_RefWards.csv
tacatdp,ward,1805,Makwale,Makwale,active,1805,district,85,,13,85,,,,schemas/reference-data/TACATDP_RefWards.csv
tacatdp,ward,1806,Ndobo,Ndobo,active,1806,district,85,,13,85,,,,schemas/reference-data/TACATDP_RefWards.csv
tacatdp,ward,1807,Matema,Matema,active,1807,district,85,,13,85,,,,schemas/reference-data/TACATDP_RefWards.csv
tacatdp,ward,1808,Mababu,Mababu,active,1808,district,85,,13,85,,,,schemas/reference-data/TACATDP_RefWards.csv
tacatdp,ward,1809,Nkokwa,Nkokwa,active,1809,district,85,,13,85,,,,schemas/reference-data/TACATDP_RefWards.csv
tacatdp,ward,1810,Mwaya,Mwaya,active,1810,district,85,,13,85,,,,schemas/reference-data/TACATDP_RefWards.csv
tacatdp,ward,1811,Bujonde,Bujonde,active,1811,district,85,,13,85,,,,schemas/reference-data/TACATDP_RefWards.csv
tacatdp,ward,1812,Busale,Busale,active,1812,district,85,,13,85,,,,schemas/reference-data/TACATDP_RefWards.csv
tacatdp,ward,1813,Ikolo,Ikolo,active,1813,district,85,,13,85,,,,schemas/reference-data/TACATDP_RefWards.csv
tacatdp,ward,1814,Kajunjumele,Kajunjumele,active,1814,district,85,,13,85,,,,schemas/reference-data/TACATDP_RefWards.csv
tacatdp,ward,1815,Katumbasongwe,Katumbasongwe,active,1815,district,85,,13,85,,,,schemas/reference-data/TACATDP_RefWards.csv
tacatdp,ward,1816,Ngana,Ngana,active,1816,district,85,,13,85,,,,schemas/reference-data/TACATDP_RefWards.csv
tacatdp,ward,1817,Ngonga,Ngonga,active,1817,district,85,,13,85,,,,schemas/reference-data/TACATDP_RefWards.csv
tacatdp,ward,1818,Kyela,Kyela,active,1818,district,85,,13,85,,,,schemas/reference-data/TACATDP_RefWards.csv
tacatdp,ward,1819,Mikoroshoni,Mikoroshoni,active,1819,district,85,,13,85,,,,schemas/reference-data/TACATDP_RefWards.csv
tacatdp,ward,1820,Mbugani,Mbugani,active,1820,district,85,,13,85,,,,schemas/reference-data/TACATDP_RefWards.csv
tacatdp,ward,1821,Mwanganyanga,Mwanganyanga,active,1821,district,85,,13,85,,,,schemas/reference-data/TACATDP_RefWards.csv
tacatdp,ward,1822,Serengeti,Serengeti,active,1822,district,85,,13,85,,,,schemas/reference-data/TACATDP_RefWards.csv
tacatdp,ward,1823,Itunge,Itunge,active,1823,district,85,,13,85,,,,schemas/reference-data/TACATDP_RefWards.csv
tacatdp,ward,1824,Nkuyu,Nkuyu,active,1824,district,85,,13,85,,,,schemas/reference-data/TACATDP_RefWards.csv
tacatdp,ward,1825,Ndandalo,Ndandalo,active,1825,district,85,,13,85,,,,schemas/reference-data/TACATDP_RefWards.csv
tacatdp,ward,1826,Ipyana,Ipyana,active,1826,district,85,,13,85,,,,schemas/reference-data/TACATDP_RefWards.csv
tacatdp,ward,1827,Bondeni,Bondeni,active,1827,district,85,,13,85,,,,schemas/reference-data/TACATDP_RefWards.csv
tacatdp,ward,1828,Ikimba,Ikimba,active,1828,district,85,,13,85,,,,schemas/reference-data/TACATDP_RefWards.csv
tacatdp,ward,1829,Itope,Itope,active,1829,district,85,,13,85,,,,schemas/reference-data/TACATDP_RefWards.csv
tacatdp,ward,1830,Ibanda,Ibanda,active,1830,district,85,,13,85,,,,schemas/reference-data/TACATDP_RefWards.csv
tacatdp,ward,1831,Njisi,Njisi,active,1831,district,85,,13,85,,,,schemas/reference-data/TACATDP_RefWards.csv
tacatdp,ward,1832,Chimala,Chimala,active,1832,district,86,,13,86,,,,schemas/reference-data/TACATDP_RefWards.csv
tacatdp,ward,1833,Ihahi,Ihahi,active,1833,district,86,,13,86,,,,schemas/reference-data/TACATDP_RefWards.csv
tacatdp,ward,1834,Igurusi,Igurusi,active,1834,district,86,,13,86,,,,schemas/reference-data/TACATDP_RefWards.csv
tacatdp,ward,1835,Itamboleo,Itamboleo,active,1835,district,86,,13,86,,,,schemas/reference-data/TACATDP_RefWards.csv
tacatdp,ward,1836,Kongolo,Kongolo,active,1836,district,86,,13,86,,,,schemas/reference-data/TACATDP_RefWards.csv
tacatdp,ward,1837,Luhanga,Luhanga,active,1837,district,86,,13,86,,,,schemas/reference-data/TACATDP_RefWards.csv
tacatdp,ward,1838,Mahongole,Mahongole,active,1838,district,86,,13,86,,,,schemas/reference-data/TACATDP_RefWards.csv
tacatdp,ward,1839,Ruiwa,Ruiwa,active,1839,district,86,,13,86,,,,schemas/reference-data/TACATDP_RefWards.csv
tacatdp,ward,1840,Utengule Usangu,Utengule Usangu,active,1840,district,86,,13,86,,,,schemas/reference-data/TACATDP_RefWards.csv
tacatdp,ward,1841,Mwatenga,Mwatenga,active,1841,district,86,,13,86,,,,schemas/reference-data/TACATDP_RefWards.csv
tacatdp,ward,1842,Igava,Igava,active,1842,district,86,,13,86,,,,schemas/reference-data/TACATDP_RefWards.csv
tacatdp,ward,1843,Imalilo Songwe,Imalilo Songwe,active,1843,district,86,,13,86,,,,schemas/reference-data/TACATDP_RefWards.csv
tacatdp,ward,1844,Ipwani,Ipwani,active,1844,district,86,,13,86,,,,schemas/reference-data/TACATDP_RefWards.csv
tacatdp,ward,1845,Mawindi,Mawindi,active,1845,district,86,,13,86,,,,schemas/reference-data/TACATDP_RefWards.csv
tacatdp,ward,1846,Madibira,Madibira,active,1846,district,86,,13,86,,,,schemas/reference-data/TACATDP_RefWards.csv
tacatdp,ward,1847,Mapogoro,Mapogoro,active,1847,district,86,,13,86,,,,schemas/reference-data/TACATDP_RefWards.csv
tacatdp,ward,1848,Miyombweni,Miyombweni,active,1848,district,86,,13,86,,,,schemas/reference-data/TACATDP_RefWards.csv
tacatdp,ward,1849,Ubaruku,Ubaruku,active,1849,district,86,,13,86,,,,schemas/reference-data/TACATDP_RefWards.csv
tacatdp,ward,1850,Rujewa,Rujewa,active,1850,district,86,,13,86,,,,schemas/reference-data/TACATDP_RefWards.csv
tacatdp,ward,1851,Lugelele,Lugelele,active,1851,district,86,,13,86,,,,schemas/reference-data/TACATDP_RefWards.csv
tacatdp,ward,1852,Tembela,Tembela,active,1852,district,87,,13,87,,,,schemas/reference-data/TACATDP_RefWards.csv
tacatdp,ward,1853,Maendeleo,Maendeleo,active,1853,district,87,,13,87,,,,schemas/reference-data/TACATDP_RefWards.csv
tacatdp,ward,1854,Ulenje,Ulenje,active,1854,district,87,,13,87,,,,schemas/reference-data/TACATDP_RefWards.csv
tacatdp,ward,1855,Igoma,Igoma,active,1855,district,87,,13,87,,,,schemas/reference-data/TACATDP_RefWards.csv
tacatdp,ward,1856,Inyala,Inyala,active,1856,district,87,,13,87,,,,schemas/reference-data/TACATDP_RefWards.csv
tacatdp,ward,1857,Itewe,Itewe,active,1857,district,87,,13,87,,,,schemas/reference-data/TACATDP_RefWards.csv
tacatdp,ward,1858,Ilungu,Ilungu,active,1858,district,87,,13,87,,,,schemas/reference-data/TACATDP_RefWards.csv
tacatdp,ward,1859,Ihango,Ihango,active,1859,district,87,,13,87,,,,schemas/reference-data/TACATDP_RefWards.csv
tacatdp,ward,1860,Lwanjilo,Lwanjilo,active,1860,district,87,,13,87,,,,schemas/reference-data/TACATDP_RefWards.csv
tacatdp,ward,1861,Ijombe,Ijombe,active,1861,district,87,,13,87,,,,schemas/reference-data/TACATDP_RefWards.csv
tacatdp,ward,1862,Ilembo,Ilembo,active,1862,district,87,,13,87,,,,schemas/reference-data/TACATDP_RefWards.csv
tacatdp,ward,1863,Shizuvi,Shizuvi,active,1863,district,87,,13,87,,,,schemas/reference-data/TACATDP_RefWards.csv
tacatdp,ward,1864,Masoko,Masoko,active,1864,district,87,,13,87,,,,schemas/reference-data/TACATDP_RefWards.csv
tacatdp,ward,1865,Iwiji,Iwiji,active,1865,district,87,,13,87,,,,schemas/reference-data/TACATDP_RefWards.csv
tacatdp,ward,1866,Izyra,Izyra,active,1866,district,87,,13,87,,,,schemas/reference-data/TACATDP_RefWards.csv
tacatdp,ward,1867,Isuto,Isuto,active,1867,district,87,,13,87,,,,schemas/reference-data/TACATDP_RefWards.csv
tacatdp,ward,1868,Itawa,Itawa,active,1868,district,87,,13,87,,,,schemas/reference-data/TACATDP_RefWards.csv
tacatdp,ward,1869,Iyunga Mapinduzi,Iyunga Mapinduzi,active,1869,district,87,,13,87,,,,schemas/reference-data/TACATDP_RefWards.csv
tacatdp,ward,1870,Santilya,Santilya,active,1870,district,87,,13,87,,,,schemas/reference-data/TACATDP_RefWards.csv
tacatdp,ward,1871,Bonde la Songwe,Bonde la Songwe,active,1871,district,87,,13,87,,,,schemas/reference-data/TACATDP_RefWards.csv
tacatdp,ward,1872,Mshewe,Mshewe,active,1872,district,87,,13,87,,,,schemas/reference-data/TACATDP_RefWards.csv
tacatdp,ward,1873,Mjele,Mjele,active,1873,district,87,,13,87,,,,schemas/reference-data/TACATDP_RefWards.csv
tacatdp,ward,1874,Ikukwa,Ikukwa,active,1874,district,87,,13,87,,,,schemas/reference-data/TACATDP_RefWards.csv
tacatdp,ward,1875,Igale,Igale,active,1875,district,87,,13,87,,,,schemas/reference-data/TACATDP_RefWards.csv
tacatdp,ward,1876,Swaya,Swaya,active,1876,district,87,,13,87,,,,schemas/reference-data/TACATDP_RefWards.csv
tacatdp,ward,1877,Iwindi,Iwindi,active,1877,district,87,,13,87,,,,schemas/reference-data/TACATDP_RefWards.csv
tacatdp,ward,1878,Utengule/Usongwe,Utengule/Usongwe,active,1878,district,87,,13,87,,,,schemas/reference-data/TACATDP_RefWards.csv
tacatdp,ward,1879,Nsalala,Nsalala,active,1879,district,87,,13,87,,,,schemas/reference-data/TACATDP_RefWards.csv
tacatdp,ward,1880,Kisondela,Kisondela,active,1880,district,88,,13,88,,,,schemas/reference-data/TACATDP_RefWards.csv
tacatdp,ward,1881,Mpuguso,Mpuguso,active,1881,district,88,,13,88,,,,schemas/reference-data/TACATDP_RefWards.csv
tacatdp,ward,1882,Masoko,Masoko,active,1882,district,88,,13,88,,,,schemas/reference-data/TACATDP_RefWards.csv
tacatdp,ward,1883,Ilima,Ilima,active,1883,district,88,,13,88,,,,schemas/reference-data/TACATDP_RefWards.csv
tacatdp,ward,1884,Masukulu,Masukulu,active,1884,district,88,,13,88,,,,schemas/reference-data/TACATDP_RefWards.csv
tacatdp,ward,1885,Matwebe,Matwebe,active,1885,district,88,,13,88,,,,schemas/reference-data/TACATDP_RefWards.csv
tacatdp,ward,1886,Kisiba,Kisiba,active,1886,district,88,,13,88,,,,schemas/reference-data/TACATDP_RefWards.csv
tacatdp,ward,1887,Bujela,Bujela,active,1887,district,88,,13,88,,,,schemas/reference-data/TACATDP_RefWards.csv
tacatdp,ward,1888,Malindo,Malindo,active,1888,district,88,,13,88,,,,schemas/reference-data/TACATDP_RefWards.csv
tacatdp,ward,1889,Lufingo,Lufingo,active,1889,district,88,,13,88,,,,schemas/reference-data/TACATDP_RefWards.csv
tacatdp,ward,1890,Iponjola,Iponjola,active,1890,district,88,,13,88,,,,schemas/reference-data/TACATDP_RefWards.csv
tacatdp,ward,1891,Ikuti,Ikuti,active,1891,district,88,,13,88,,,,schemas/reference-data/TACATDP_RefWards.csv
tacatdp,ward,1892,Kiwira,Kiwira,active,1892,district,88,,13,88,,,,schemas/reference-data/TACATDP_RefWards.csv
tacatdp,ward,1893,Swaya,Swaya,active,1893,district,88,,13,88,,,,schemas/reference-data/TACATDP_RefWards.csv
tacatdp,ward,1894,Kinyala,Kinyala,active,1894,district,88,,13,88,,,,schemas/reference-data/TACATDP_RefWards.csv
tacatdp,ward,1895,Nkunga,Nkunga,active,1895,district,88,,13,88,,,,schemas/reference-data/TACATDP_RefWards.csv
tacatdp,ward,1896,Lupepo,Lupepo,active,1896,district,88,,13,88,,,,schemas/reference-data/TACATDP_RefWards.csv
tacatdp,ward,1897,Suma,Suma,active,1897,district,88,,13,88,,,,schemas/reference-data/TACATDP_RefWards.csv
tacatdp,ward,1898,Masebe,Masebe,active,1898,district,88,,13,88,,,,schemas/reference-data/TACATDP_RefWards.csv
tacatdp,ward,1899,Isongole,Isongole,active,1899,district,88,,13,88,,,,schemas/reference-data/TACATDP_RefWards.csv
tacatdp,ward,1900,Ndanto,Ndanto,active,1900,district,88,,13,88,,,,schemas/reference-data/TACATDP_RefWards.csv
tacatdp,ward,1901,Makandana,Makandana,active,1901,district,88,,13,88,,,,schemas/reference-data/TACATDP_RefWards.csv
tacatdp,ward,1902,Ibighi,Ibighi,active,1902,district,88,,13,88,,,,schemas/reference-data/TACATDP_RefWards.csv
tacatdp,ward,1903,Kawetele,Kawetele,active,1903,district,88,,13,88,,,,schemas/reference-data/TACATDP_RefWards.csv
tacatdp,ward,1904,Itagata,Itagata,active,1904,district,88,,13,88,,,,schemas/reference-data/TACATDP_RefWards.csv
tacatdp,ward,1905,Kyimo,Kyimo,active,1905,district,88,,13,88,,,,schemas/reference-data/TACATDP_RefWards.csv
tacatdp,ward,1906,Bulyaga,Bulyaga,active,1906,district,88,,13,88,,,,schemas/reference-data/TACATDP_RefWards.csv
tacatdp,ward,1907,Msasani,Msasani,active,1907,district,88,,13,88,,,,schemas/reference-data/TACATDP_RefWards.csv
tacatdp,ward,1908,Bagamoyo,Bagamoyo,active,1908,district,88,,13,88,,,,schemas/reference-data/TACATDP_RefWards.csv
tacatdp,ward,1909,Mwembesongo,Mwembesongo,active,1909,district,89,,14,89,,,,schemas/reference-data/TACATDP_RefWards.csv
tacatdp,ward,1910,Mafisa,Mafisa,active,1910,district,89,,14,89,,,,schemas/reference-data/TACATDP_RefWards.csv
tacatdp,ward,1911,Kingolwira,Kingolwira,active,1911,district,89,,14,89,,,,schemas/reference-data/TACATDP_RefWards.csv
tacatdp,ward,1912,Tungi,Tungi,active,1912,district,89,,14,89,,,,schemas/reference-data/TACATDP_RefWards.csv
tacatdp,ward,1913,Mzinga,Mzinga,active,1913,district,89,,14,89,,,,schemas/reference-data/TACATDP_RefWards.csv
tacatdp,ward,1914,Luhungo,Luhungo,active,1914,district,89,,14,89,,,,schemas/reference-data/TACATDP_RefWards.csv
tacatdp,ward,1915,Kauzeni,Kauzeni,active,1915,district,89,,14,89,,,,schemas/reference-data/TACATDP_RefWards.csv
tacatdp,ward,1916,Magadu,Magadu,active,1916,district,89,,14,89,,,,schemas/reference-data/TACATDP_RefWards.csv
tacatdp,ward,1917,Mbuyuni,Mbuyuni,active,1917,district,89,,14,89,,,,schemas/reference-data/TACATDP_RefWards.csv
tacatdp,ward,1918,Lukobe,Lukobe,active,1918,district,89,,14,89,,,,schemas/reference-data/TACATDP_RefWards.csv
tacatdp,ward,1919,Mkundi,Mkundi,active,1919,district,89,,14,89,,,,schemas/reference-data/TACATDP_RefWards.csv
tacatdp,ward,1920,Kihonda,Kihonda,active,1920,district,89,,14,89,,,,schemas/reference-data/TACATDP_RefWards.csv
tacatdp,ward,1921,Chamwino,Chamwino,active,1921,district,89,,14,89,,,,schemas/reference-data/TACATDP_RefWards.csv
tacatdp,ward,1922,Kihonda Maghorofani,Kihonda Maghorofani,active,1922,district,89,,14,89,,,,schemas/reference-data/TACATDP_RefWards.csv
tacatdp,ward,1923,Mindu,Mindu,active,1923,district,89,,14,89,,,,schemas/reference-data/TACATDP_RefWards.csv
tacatdp,ward,1924,Mazimbu,Mazimbu,active,1924,district,89,,14,89,,,,schemas/reference-data/TACATDP_RefWards.csv
tacatdp,ward,1925,Uwanja wa Taifa,Uwanja wa Taifa,active,1925,district,89,,14,89,,,,schemas/reference-data/TACATDP_RefWards.csv
tacatdp,ward,1926,Mji Mpya,Mji Mpya,active,1926,district,89,,14,89,,,,schemas/reference-data/TACATDP_RefWards.csv
tacatdp,ward,1927,Saba Saba,Saba Saba,active,1927,district,89,,14,89,,,,schemas/reference-data/TACATDP_RefWards.csv
tacatdp,ward,1928,Boma,Boma,active,1928,district,89,,14,89,,,,schemas/reference-data/TACATDP_RefWards.csv
tacatdp,ward,1929,Kiwanja cha Ndege,Kiwanja cha Ndege,active,1929,district,89,,14,89,,,,schemas/reference-data/TACATDP_RefWards.csv
tacatdp,ward,1930,Sultan Area,Sultan Area,active,1930,district,89,,14,89,,,,schemas/reference-data/TACATDP_RefWards.csv
tacatdp,ward,1931,Mafiga,Mafiga,active,1931,district,89,,14,89,,,,schemas/reference-data/TACATDP_RefWards.csv
tacatdp,ward,1932,Bigwa,Bigwa,active,1932,district,89,,14,89,,,,schemas/reference-data/TACATDP_RefWards.csv
tacatdp,ward,1933,Mlimani,Mlimani,active,1933,district,89,,14,89,,,,schemas/reference-data/TACATDP_RefWards.csv
tacatdp,ward,1934,Kingo,Kingo,active,1934,district,89,,14,89,,,,schemas/reference-data/TACATDP_RefWards.csv
tacatdp,ward,1935,Kichangani,Kichangani,active,1935,district,89,,14,89,,,,schemas/reference-data/TACATDP_RefWards.csv
tacatdp,ward,1936,Kilakala,Kilakala,active,1936,district,89,,14,89,,,,schemas/reference-data/TACATDP_RefWards.csv
tacatdp,ward,1937,Mji Mkuu,Mji Mkuu,active,1937,district,89,,14,89,,,,schemas/reference-data/TACATDP_RefWards.csv
tacatdp,ward,1938,Ifakara,Ifakara,active,1938,district,90,,14,90,,,,schemas/reference-data/TACATDP_RefWards.csv
tacatdp,ward,1939,Katindiuka,Katindiuka,active,1939,district,90,,14,90,,,,schemas/reference-data/TACATDP_RefWards.csv
tacatdp,ward,1940,Lipangalala,Lipangalala,active,1940,district,90,,14,90,,,,schemas/reference-data/TACATDP_RefWards.csv
tacatdp,ward,1941,Mlabani,Mlabani,active,1941,district,90,,14,90,,,,schemas/reference-data/TACATDP_RefWards.csv
tacatdp,ward,1942,Viwanjasitini,Viwanjasitini,active,1942,district,90,,14,90,,,,schemas/reference-data/TACATDP_RefWards.csv
tacatdp,ward,1943,Michenga,Michenga,active,1943,district,90,,14,90,,,,schemas/reference-data/TACATDP_RefWards.csv
tacatdp,ward,1944,Lumemo,Lumemo,active,1944,district,90,,14,90,,,,schemas/reference-data/TACATDP_RefWards.csv
tacatdp,ward,1945,Kibaoni,Kibaoni,active,1945,district,90,,14,90,,,,schemas/reference-data/TACATDP_RefWards.csv
tacatdp,ward,1946,Mbasa,Mbasa,active,1946,district,90,,14,90,,,,schemas/reference-data/TACATDP_RefWards.csv
tacatdp,ward,1947,Mkula,Mkula,active,1947,district,90,,14,90,,,,schemas/reference-data/TACATDP_RefWards.csv
tacatdp,ward,1948,"Mang'ula ""B""","Mang'ula ""B""",active,1948,district,90,,14,90,,,,schemas/reference-data/TACATDP_RefWards.csv
tacatdp,ward,1949,Mang'ula,Mang'ula,active,1949,district,90,,14,90,,,,schemas/reference-data/TACATDP_RefWards.csv
tacatdp,ward,1950,Kisawasawa,Kisawasawa,active,1950,district,90,,14,90,,,,schemas/reference-data/TACATDP_RefWards.csv
tacatdp,ward,1951,Kiberege,Kiberege,active,1951,district,90,,14,90,,,,schemas/reference-data/TACATDP_RefWards.csv
tacatdp,ward,1952,Signal,Signal,active,1952,district,90,,14,90,,,,schemas/reference-data/TACATDP_RefWards.csv
tacatdp,ward,1953,Mwaya,Mwaya,active,1953,district,90,,14,90,,,,schemas/reference-data/TACATDP_RefWards.csv
tacatdp,ward,1954,Kidatu,Kidatu,active,1954,district,90,,14,90,,,,schemas/reference-data/TACATDP_RefWards.csv
tacatdp,ward,1955,Msolwa Station,Msolwa Station,active,1955,district,90,,14,90,,,,schemas/reference-data/TACATDP_RefWards.csv
tacatdp,ward,1956,Sanje,Sanje,active,1956,district,90,,14,90,,,,schemas/reference-data/TACATDP_RefWards.csv
tacatdp,ward,1957,Chanjale,Chanjale,active,1957,district,91,,14,91,,,,schemas/reference-data/TACATDP_RefWards.csv
tacatdp,ward,1958,Nongwe,Nongwe,active,1958,district,91,,14,91,,,,schemas/reference-data/TACATDP_RefWards.csv
tacatdp,ward,1959,Mandege,Mandege,active,1959,district,91,,14,91,,,,schemas/reference-data/TACATDP_RefWards.csv
tacatdp,ward,1960,Chagongwe,Chagongwe,active,1960,district,91,,14,91,,,,schemas/reference-data/TACATDP_RefWards.csv
tacatdp,ward,1961,Kibedya,Kibedya,active,1961,district,91,,14,91,,,,schemas/reference-data/TACATDP_RefWards.csv
tacatdp,ward,1962,Chigela,Chigela,active,1962,district,91,,14,91,,,,schemas/reference-data/TACATDP_RefWards.csv
tacatdp,ward,1963,Chakwale,Chakwale,active,1963,district,91,,14,91,,,,schemas/reference-data/TACATDP_RefWards.csv
tacatdp,ward,1964,Madege,Madege,active,1964,district,91,,14,91,,,,schemas/reference-data/TACATDP_RefWards.csv
tacatdp,ward,1965,Idibo,Idibo,active,1965,district,91,,14,91,,,,schemas/reference-data/TACATDP_RefWards.csv
tacatdp,ward,1966,Leshata,Leshata,active,1966,district,91,,14,91,,,,schemas/reference-data/TACATDP_RefWards.csv
tacatdp,ward,1967,Iyogwe,Iyogwe,active,1967,district,91,,14,91,,,,schemas/reference-data/TACATDP_RefWards.csv
tacatdp,ward,1968,Italagwe,Italagwe,active,1968,district,91,,14,91,,,,schemas/reference-data/TACATDP_RefWards.csv
tacatdp,ward,1969,Rubeho,Rubeho,active,1969,district,91,,14,91,,,,schemas/reference-data/TACATDP_RefWards.csv
tacatdp,ward,1970,Gairo,Gairo,active,1970,district,91,,14,91,,,,schemas/reference-data/TACATDP_RefWards.csv
tacatdp,ward,1971,Magoweko,Magoweko,active,1971,district,91,,14,91,,,,schemas/reference-data/TACATDP_RefWards.csv
tacatdp,ward,1972,Mkalama,Mkalama,active,1972,district,91,,14,91,,,,schemas/reference-data/TACATDP_RefWards.csv
tacatdp,ward,1973,Ukwamani,Ukwamani,active,1973,district,91,,14,91,,,,schemas/reference-data/TACATDP_RefWards.csv
tacatdp,ward,1974,Msingisi,Msingisi,active,1974,district,91,,14,91,,,,schemas/reference-data/TACATDP_RefWards.csv
tacatdp,ward,1975,Chita,Chita,active,1975,district,92,,14,92,,,,schemas/reference-data/TACATDP_RefWards.csv
tacatdp,ward,1976,Ching'anda,Ching'anda,active,1976,district,92,,14,92,,,,schemas/reference-data/TACATDP_RefWards.csv
tacatdp,ward,1977,Mngeta,Mngeta,active,1977,district,92,,14,92,,,,schemas/reference-data/TACATDP_RefWards.csv
tacatdp,ward,1978,Mchombe,Mchombe,active,1978,district,92,,14,92,,,,schemas/reference-data/TACATDP_RefWards.csv
tacatdp,ward,1979,Mbingu,Mbingu,active,1979,district,92,,14,92,,,,schemas/reference-data/TACATDP_RefWards.csv
tacatdp,ward,1980,Igima,Igima,active,1980,district,92,,14,92,,,,schemas/reference-data/TACATDP_RefWards.csv
tacatdp,ward,1981,Mofu,Mofu,active,1981,district,92,,14,92,,,,schemas/reference-data/TACATDP_RefWards.csv
tacatdp,ward,1982,Masagati,Masagati,active,1982,district,92,,14,92,,,,schemas/reference-data/TACATDP_RefWards.csv
tacatdp,ward,1983,Utengule,Utengule,active,1983,district,92,,14,92,,,,schemas/reference-data/TACATDP_RefWards.csv
tacatdp,ward,1984,Uchindile,Uchindile,active,1984,district,92,,14,92,,,,schemas/reference-data/TACATDP_RefWards.csv
tacatdp,ward,1985,Mlimba,Mlimba,active,1985,district,92,,14,92,,,,schemas/reference-data/TACATDP_RefWards.csv
tacatdp,ward,1986,Kalengakelu,Kalengakelu,active,1986,district,92,,14,92,,,,schemas/reference-data/TACATDP_RefWards.csv
tacatdp,ward,1987,Kamwene,Kamwene,active,1987,district,92,,14,92,,,,schemas/reference-data/TACATDP_RefWards.csv
tacatdp,ward,1988,Chisano,Chisano,active,1988,district,92,,14,92,,,,schemas/reference-data/TACATDP_RefWards.csv
tacatdp,ward,1989,Idete,Idete,active,1989,district,92,,14,92,,,,schemas/reference-data/TACATDP_RefWards.csv
tacatdp,ward,1990,Namwawala,Namwawala,active,1990,district,92,,14,92,,,,schemas/reference-data/TACATDP_RefWards.csv
tacatdp,ward,1991,Kimamba A,Kimamba A,active,1991,district,93,,14,93,,,,schemas/reference-data/TACATDP_RefWards.csv
tacatdp,ward,1992,Kimamba  B,Kimamba  B,active,1992,district,93,,14,93,,,,schemas/reference-data/TACATDP_RefWards.csv
tacatdp,ward,1993,Rudewa,Rudewa,active,1993,district,93,,14,93,,,,schemas/reference-data/TACATDP_RefWards.csv
tacatdp,ward,1994,Lumbiji,Lumbiji,active,1994,district,93,,14,93,,,,schemas/reference-data/TACATDP_RefWards.csv
tacatdp,ward,1995,Chanzuru,Chanzuru,active,1995,district,93,,14,93,,,,schemas/reference-data/TACATDP_RefWards.csv
tacatdp,ward,1996,Madoto,Madoto,active,1996,district,93,,14,93,,,,schemas/reference-data/TACATDP_RefWards.csv
tacatdp,ward,1997,Magole,Magole,active,1997,district,93,,14,93,,,,schemas/reference-data/TACATDP_RefWards.csv
tacatdp,ward,1998,Mbigiri,Mbigiri,active,1998,district,93,,14,93,,,,schemas/reference-data/TACATDP_RefWards.csv
tacatdp,ward,1999,Dumila,Dumila,active,1999,district,93,,14,93,,,,schemas/reference-data/TACATDP_RefWards.csv
tacatdp,ward,2000,Kitete,Kitete,active,2000,district,93,,14,93,,,,schemas/reference-data/TACATDP_RefWards.csv
tacatdp,ward,2001,Msowero,Msowero,active,2001,district,93,,14,93,,,,schemas/reference-data/TACATDP_RefWards.csv
tacatdp,ward,2002,Mvumi,Mvumi,active,2002,district,93,,14,93,,,,schemas/reference-data/TACATDP_RefWards.csv
tacatdp,ward,2003,Magubike,Magubike,active,2003,district,93,,14,93,,,,schemas/reference-data/TACATDP_RefWards.csv
tacatdp,ward,2004,Maguha,Maguha,active,2004,district,93,,14,93,,,,schemas/reference-data/TACATDP_RefWards.csv
tacatdp,ward,2005,Berega,Berega,active,2005,district,93,,14,93,,,,schemas/reference-data/TACATDP_RefWards.csv
tacatdp,ward,2006,Mabula,Mabula,active,2006,district,93,,14,93,,,,schemas/reference-data/TACATDP_RefWards.csv
tacatdp,ward,2007,Mamboya,Mamboya,active,2007,district,93,,14,93,,,,schemas/reference-data/TACATDP_RefWards.csv
tacatdp,ward,2008,Mtumbatu,Mtumbatu,active,2008,district,93,,14,93,,,,schemas/reference-data/TACATDP_RefWards.csv
tacatdp,ward,2009,Kidete,Kidete,active,2009,district,93,,14,93,,,,schemas/reference-data/TACATDP_RefWards.csv
tacatdp,ward,2010,Lumuma,Lumuma,active,2010,district,93,,14,93,,,,schemas/reference-data/TACATDP_RefWards.csv
tacatdp,ward,2011,Ulaya,Ulaya,active,2011,district,93,,14,93,,,,schemas/reference-data/TACATDP_RefWards.csv
tacatdp,ward,2012,Mhenda,Mhenda,active,2012,district,93,,14,93,,,,schemas/reference-data/TACATDP_RefWards.csv
tacatdp,ward,2013,Zombo,Zombo,active,2013,district,93,,14,93,,,,schemas/reference-data/TACATDP_RefWards.csv
tacatdp,ward,2014,Parakuyo,Parakuyo,active,2014,district,93,,14,93,,,,schemas/reference-data/TACATDP_RefWards.csv
tacatdp,ward,2015,Mabwerebwere,Mabwerebwere,active,2015,district,93,,14,93,,,,schemas/reference-data/TACATDP_RefWards.csv
tacatdp,ward,2016,Tindiga,Tindiga,active,2016,district,93,,14,93,,,,schemas/reference-data/TACATDP_RefWards.csv
tacatdp,ward,2017,Masanze,Masanze,active,2017,district,93,,14,93,,,,schemas/reference-data/TACATDP_RefWards.csv
tacatdp,ward,2018,Kilangali,Kilangali,active,2018,district,93,,14,93,,,,schemas/reference-data/TACATDP_RefWards.csv
tacatdp,ward,2019,Kidodi,Kidodi,active,2019,district,93,,14,93,,,,schemas/reference-data/TACATDP_RefWards.csv
tacatdp,ward,2020,Ruaha,Ruaha,active,2020,district,93,,14,93,,,,schemas/reference-data/TACATDP_RefWards.csv
tacatdp,ward,2021,Malolo,Malolo,active,2021,district,93,,14,93,,,,schemas/reference-data/TACATDP_RefWards.csv
tacatdp,ward,2022,Vidunda,Vidunda,active,2022,district,93,,14,93,,,,schemas/reference-data/TACATDP_RefWards.csv
tacatdp,ward,2023,Kisanga,Kisanga,active,2023,district,93,,14,93,,,,schemas/reference-data/TACATDP_RefWards.csv
tacatdp,ward,2024,Ruhembe,Ruhembe,active,2024,district,93,,14,93,,,,schemas/reference-data/TACATDP_RefWards.csv
tacatdp,ward,2025,Uleling'ombe,Uleling'ombe,active,2025,district,93,,14,93,,,,schemas/reference-data/TACATDP_RefWards.csv
tacatdp,ward,2026,Mikumi,Mikumi,active,2026,district,93,,14,93,,,,schemas/reference-data/TACATDP_RefWards.csv
tacatdp,ward,2027,Magomeni,Magomeni,active,2027,district,93,,14,93,,,,schemas/reference-data/TACATDP_RefWards.csv
tacatdp,ward,2028,Kasiki,Kasiki,active,2028,district,93,,14,93,,,,schemas/reference-data/TACATDP_RefWards.csv
tacatdp,ward,2029,Mkwatani,Mkwatani,active,2029,district,93,,14,93,,,,schemas/reference-data/TACATDP_RefWards.csv
tacatdp,ward,2030,Mbumi,Mbumi,active,2030,district,93,,14,93,,,,schemas/reference-data/TACATDP_RefWards.csv
tacatdp,ward,2031,Itete,Itete,active,2031,district,94,,14,94,,,,schemas/reference-data/TACATDP_RefWards.csv
tacatdp,ward,2032,Njiwa,Njiwa,active,2032,district,94,,14,94,,,,schemas/reference-data/TACATDP_RefWards.csv
tacatdp,ward,2033,Mtimbira,Mtimbira,active,2033,district,94,,14,94,,,,schemas/reference-data/TACATDP_RefWards.csv
tacatdp,ward,2034,Usangule,Usangule,active,2034,district,94,,14,94,,,,schemas/reference-data/TACATDP_RefWards.csv
tacatdp,ward,2035,Sofi,Sofi,active,2035,district,94,,14,94,,,,schemas/reference-data/TACATDP_RefWards.csv
tacatdp,ward,2036,Malinyi,Malinyi,active,2036,district,94,,14,94,,,,schemas/reference-data/TACATDP_RefWards.csv
tacatdp,ward,2037,Igawa,Igawa,active,2037,district,94,,14,94,,,,schemas/reference-data/TACATDP_RefWards.csv
tacatdp,ward,2038,Biro,Biro,active,2038,district,94,,14,94,,,,schemas/reference-data/TACATDP_RefWards.csv
tacatdp,ward,2039,Ngoheranga,Ngoheranga,active,2039,district,94,,14,94,,,,schemas/reference-data/TACATDP_RefWards.csv
tacatdp,ward,2040,Kilosa Mpepo,Kilosa Mpepo,active,2040,district,94,,14,94,,,,schemas/reference-data/TACATDP_RefWards.csv
tacatdp,ward,2041,Mkambalani,Mkambalani,active,2041,district,95,,14,95,,,,schemas/reference-data/TACATDP_RefWards.csv
tacatdp,ward,2042,Mikese,Mikese,active,2042,district,95,,14,95,,,,schemas/reference-data/TACATDP_RefWards.csv
tacatdp,ward,2043,Gwata,Gwata,active,2043,district,95,,14,95,,,,schemas/reference-data/TACATDP_RefWards.csv
tacatdp,ward,2044,Ngerengere,Ngerengere,active,2044,district,95,,14,95,,,,schemas/reference-data/TACATDP_RefWards.csv
tacatdp,ward,2045,Matuli,Matuli,active,2045,district,95,,14,95,,,,schemas/reference-data/TACATDP_RefWards.csv
tacatdp,ward,2046,Kidugalo,Kidugalo,active,2046,district,95,,14,95,,,,schemas/reference-data/TACATDP_RefWards.csv
tacatdp,ward,2047,Mkulazi,Mkulazi,active,2047,district,95,,14,95,,,,schemas/reference-data/TACATDP_RefWards.csv
tacatdp,ward,2048,Tununguo,Tununguo,active,2048,district,95,,14,95,,,,schemas/reference-data/TACATDP_RefWards.csv
tacatdp,ward,2049,Mkuyuni,Mkuyuni,active,2049,district,95,,14,95,,,,schemas/reference-data/TACATDP_RefWards.csv
tacatdp,ward,2050,Kibuko,Kibuko,active,2050,district,95,,14,95,,,,schemas/reference-data/TACATDP_RefWards.csv
tacatdp,ward,2051,Kinole,Kinole,active,2051,district,95,,14,95,,,,schemas/reference-data/TACATDP_RefWards.csv
tacatdp,ward,2052,Tegetero,Tegetero,active,2052,district,95,,14,95,,,,schemas/reference-data/TACATDP_RefWards.csv
tacatdp,ward,2053,Kiroka,Kiroka,active,2053,district,95,,14,95,,,,schemas/reference-data/TACATDP_RefWards.csv
tacatdp,ward,2054,Tomondo,Tomondo,active,2054,district,95,,14,95,,,,schemas/reference-data/TACATDP_RefWards.csv
tacatdp,ward,2055,Kibogwa,Kibogwa,active,2055,district,95,,14,95,,,,schemas/reference-data/TACATDP_RefWards.csv
tacatdp,ward,2056,Mtombozi,Mtombozi,active,2056,district,95,,14,95,,,,schemas/reference-data/TACATDP_RefWards.csv
tacatdp,ward,2057,Lundi,Lundi,active,2057,district,95,,14,95,,,,schemas/reference-data/TACATDP_RefWards.csv
tacatdp,ward,2058,Kibungo,Kibungo,active,2058,district,95,,14,95,,,,schemas/reference-data/TACATDP_RefWards.csv
tacatdp,ward,2059,Tawa,Tawa,active,2059,district,95,,14,95,,,,schemas/reference-data/TACATDP_RefWards.csv
tacatdp,ward,2060,Kisemu,Kisemu,active,2060,district,95,,14,95,,,,schemas/reference-data/TACATDP_RefWards.csv
tacatdp,ward,2061,Konde,Konde,active,2061,district,95,,14,95,,,,schemas/reference-data/TACATDP_RefWards.csv
tacatdp,ward,2062,Mvuha,Mvuha,active,2062,district,95,,14,95,,,,schemas/reference-data/TACATDP_RefWards.csv
tacatdp,ward,2063,Selembala,Selembala,active,2063,district,95,,14,95,,,,schemas/reference-data/TACATDP_RefWards.csv
tacatdp,ward,2064,Kasanga,Kasanga,active,2064,district,95,,14,95,,,,schemas/reference-data/TACATDP_RefWards.csv
tacatdp,ward,2065,Bungu,Bungu,active,2065,district,95,,14,95,,,,schemas/reference-data/TACATDP_RefWards.csv
tacatdp,ward,2066,Kolero,Kolero,active,2066,district,95,,14,95,,,,schemas/reference-data/TACATDP_RefWards.csv
tacatdp,ward,2067,Kisaki,Kisaki,active,2067,district,95,,14,95,,,,schemas/reference-data/TACATDP_RefWards.csv
tacatdp,ward,2068,Singisa,Singisa,active,2068,district,95,,14,95,,,,schemas/reference-data/TACATDP_RefWards.csv
tacatdp,ward,2069,Bwakira Juu,Bwakira Juu,active,2069,district,95,,14,95,,,,schemas/reference-data/TACATDP_RefWards.csv
tacatdp,ward,2070,Bwakira Chini,Bwakira Chini,active,2070,district,95,,14,95,,,,schemas/reference-data/TACATDP_RefWards.csv
tacatdp,ward,2071,Mngazi,Mngazi,active,2071,district,95,,14,95,,,,schemas/reference-data/TACATDP_RefWards.csv
tacatdp,ward,2072,Melela,Melela,active,2072,district,96,,14,96,,,,schemas/reference-data/TACATDP_RefWards.csv
tacatdp,ward,2073,Mangae,Mangae,active,2073,district,96,,14,96,,,,schemas/reference-data/TACATDP_RefWards.csv
tacatdp,ward,2074,Mlali,Mlali,active,2074,district,96,,14,96,,,,schemas/reference-data/TACATDP_RefWards.csv
tacatdp,ward,2075,Homboza,Homboza,active,2075,district,96,,14,96,,,,schemas/reference-data/TACATDP_RefWards.csv
tacatdp,ward,2076,Mzumbe,Mzumbe,active,2076,district,96,,14,96,,,,schemas/reference-data/TACATDP_RefWards.csv
tacatdp,ward,2077,Lubungo,Lubungo,active,2077,district,96,,14,96,,,,schemas/reference-data/TACATDP_RefWards.csv
tacatdp,ward,2078,Doma,Doma,active,2078,district,96,,14,96,,,,schemas/reference-data/TACATDP_RefWards.csv
tacatdp,ward,2079,Msongozi,Msongozi,active,2079,district,96,,14,96,,,,schemas/reference-data/TACATDP_RefWards.csv
tacatdp,ward,2080,Langali,Langali,active,2080,district,96,,14,96,,,,schemas/reference-data/TACATDP_RefWards.csv
tacatdp,ward,2081,Mgeta,Mgeta,active,2081,district,96,,14,96,,,,schemas/reference-data/TACATDP_RefWards.csv
tacatdp,ward,2082,Bunduki,Bunduki,active,2082,district,96,,14,96,,,,schemas/reference-data/TACATDP_RefWards.csv
tacatdp,ward,2083,Kikeo,Kikeo,active,2083,district,96,,14,96,,,,schemas/reference-data/TACATDP_RefWards.csv
tacatdp,ward,2084,Luale,Luale,active,2084,district,96,,14,96,,,,schemas/reference-data/TACATDP_RefWards.csv
tacatdp,ward,2085,Tchenzema,Tchenzema,active,2085,district,96,,14,96,,,,schemas/reference-data/TACATDP_RefWards.csv
tacatdp,ward,2086,Nyandira,Nyandira,active,2086,district,96,,14,96,,,,schemas/reference-data/TACATDP_RefWards.csv
tacatdp,ward,2087,Mvomero,Mvomero,active,2087,district,96,,14,96,,,,schemas/reference-data/TACATDP_RefWards.csv
tacatdp,ward,2088,Dakawa,Dakawa,active,2088,district,96,,14,96,,,,schemas/reference-data/TACATDP_RefWards.csv
tacatdp,ward,2089,Hembeti,Hembeti,active,2089,district,96,,14,96,,,,schemas/reference-data/TACATDP_RefWards.csv
tacatdp,ward,2090,Mkindo,Mkindo,active,2090,district,96,,14,96,,,,schemas/reference-data/TACATDP_RefWards.csv
tacatdp,ward,2091,Pemba,Pemba,active,2091,district,96,,14,96,,,,schemas/reference-data/TACATDP_RefWards.csv
tacatdp,ward,2092,Kibati,Kibati,active,2092,district,96,,14,96,,,,schemas/reference-data/TACATDP_RefWards.csv
tacatdp,ward,2093,Maskati,Maskati,active,2093,district,96,,14,96,,,,schemas/reference-data/TACATDP_RefWards.csv
tacatdp,ward,2094,Kinda,Kinda,active,2094,district,96,,14,96,,,,schemas/reference-data/TACATDP_RefWards.csv
tacatdp,ward,2095,Mhonda,Mhonda,active,2095,district,96,,14,96,,,,schemas/reference-data/TACATDP_RefWards.csv
tacatdp,ward,2096,Kweuma,Kweuma,active,2096,district,96,,14,96,,,,schemas/reference-data/TACATDP_RefWards.csv
tacatdp,ward,2097,Sungaji,Sungaji,active,2097,district,96,,14,96,,,,schemas/reference-data/TACATDP_RefWards.csv
tacatdp,ward,2098,Mtibwa,Mtibwa,active,2098,district,96,,14,96,,,,schemas/reference-data/TACATDP_RefWards.csv
tacatdp,ward,2099,Diongoya,Diongoya,active,2099,district,96,,14,96,,,,schemas/reference-data/TACATDP_RefWards.csv
tacatdp,ward,2100,Kanga,Kanga,active,2100,district,96,,14,96,,,,schemas/reference-data/TACATDP_RefWards.csv
tacatdp,ward,2101,Mziha,Mziha,active,2101,district,96,,14,96,,,,schemas/reference-data/TACATDP_RefWards.csv
tacatdp,ward,2102,Lupiro,Lupiro,active,2102,district,97,,14,97,,,,schemas/reference-data/TACATDP_RefWards.csv
tacatdp,ward,2103,Milola,Milola,active,2103,district,97,,14,97,,,,schemas/reference-data/TACATDP_RefWards.csv
tacatdp,ward,2104,Minepa,Minepa,active,2104,district,97,,14,97,,,,schemas/reference-data/TACATDP_RefWards.csv
tacatdp,ward,2105,Kichangani,Kichangani,active,2105,district,97,,14,97,,,,schemas/reference-data/TACATDP_RefWards.csv
tacatdp,ward,2106,Iragua,Iragua,active,2106,district,97,,14,97,,,,schemas/reference-data/TACATDP_RefWards.csv
tacatdp,ward,2107,Vigoi,Vigoi,active,2107,district,97,,14,97,,,,schemas/reference-data/TACATDP_RefWards.csv
tacatdp,ward,2108,Nawenge,Nawenge,active,2108,district,97,,14,97,,,,schemas/reference-data/TACATDP_RefWards.csv
tacatdp,ward,2109,Msogezi,Msogezi,active,2109,district,97,,14,97,,,,schemas/reference-data/TACATDP_RefWards.csv
tacatdp,ward,2110,Mahenge Mjini,Mahenge Mjini,active,2110,district,97,,14,97,,,,schemas/reference-data/TACATDP_RefWards.csv
tacatdp,ward,2111,Mawasiliano,Mawasiliano,active,2111,district,97,,14,97,,,,schemas/reference-data/TACATDP_RefWards.csv
tacatdp,ward,2112,Uponera,Uponera,active,2112,district,97,,14,97,,,,schemas/reference-data/TACATDP_RefWards.csv
tacatdp,ward,2113,Isongo,Isongo,active,2113,district,97,,14,97,,,,schemas/reference-data/TACATDP_RefWards.csv
tacatdp,ward,2114,Mwaya,Mwaya,active,2114,district,97,,14,97,,,,schemas/reference-data/TACATDP_RefWards.csv
tacatdp,ward,2115,Lukande,Lukande,active,2115,district,97,,14,97,,,,schemas/reference-data/TACATDP_RefWards.csv
tacatdp,ward,2116,Mbuga,Mbuga,active,2116,district,97,,14,97,,,,schemas/reference-data/TACATDP_RefWards.csv
tacatdp,ward,2117,Ilonga,Ilonga,active,2117,district,97,,14,97,,,,schemas/reference-data/TACATDP_RefWards.csv
tacatdp,ward,2118,Ketaketa,Ketaketa,active,2118,district,97,,14,97,,,,schemas/reference-data/TACATDP_RefWards.csv
tacatdp,ward,2119,Chilombola,Chilombola,active,2119,district,97,,14,97,,,,schemas/reference-data/TACATDP_RefWards.csv
tacatdp,ward,2120,Ruaha,Ruaha,active,2120,district,97,,14,97,,,,schemas/reference-data/TACATDP_RefWards.csv
tacatdp,ward,2121,Sali,Sali,active,2121,district,97,,14,97,,,,schemas/reference-data/TACATDP_RefWards.csv
tacatdp,ward,2122,Euga,Euga,active,2122,district,97,,14,97,,,,schemas/reference-data/TACATDP_RefWards.csv
tacatdp,ward,2123,Mtandi,Mtandi,active,2123,district,98,,15,98,,,,schemas/reference-data/TACATDP_RefWards.csv
tacatdp,ward,2124,Chanikanguo,Chanikanguo,active,2124,district,98,,15,98,,,,schemas/reference-data/TACATDP_RefWards.csv
tacatdp,ward,2125,Nyasa,Nyasa,active,2125,district,98,,15,98,,,,schemas/reference-data/TACATDP_RefWards.csv
tacatdp,ward,2126,Napupa,Napupa,active,2126,district,98,,15,98,,,,schemas/reference-data/TACATDP_RefWards.csv
tacatdp,ward,2127,Mkuti,Mkuti,active,2127,district,98,,15,98,,,,schemas/reference-data/TACATDP_RefWards.csv
tacatdp,ward,2128,Migongo,Migongo,active,2128,district,98,,15,98,,,,schemas/reference-data/TACATDP_RefWards.csv
tacatdp,ward,2129,Mkomaindo,Mkomaindo,active,2129,district,98,,15,98,,,,schemas/reference-data/TACATDP_RefWards.csv
tacatdp,ward,2130,Jida,Jida,active,2130,district,98,,15,98,,,,schemas/reference-data/TACATDP_RefWards.csv
tacatdp,ward,2131,Marika,Marika,active,2131,district,98,,15,98,,,,schemas/reference-data/TACATDP_RefWards.csv
tacatdp,ward,2132,Mumbaka,Mumbaka,active,2132,district,98,,15,98,,,,schemas/reference-data/TACATDP_RefWards.csv
tacatdp,ward,2133,Matawale,Matawale,active,2133,district,98,,15,98,,,,schemas/reference-data/TACATDP_RefWards.csv
tacatdp,ward,2134,Mwenge Mtapika,Mwenge Mtapika,active,2134,district,98,,15,98,,,,schemas/reference-data/TACATDP_RefWards.csv
tacatdp,ward,2135,Temeke,Temeke,active,2135,district,98,,15,98,,,,schemas/reference-data/TACATDP_RefWards.csv
tacatdp,ward,2136,Sululu,Sululu,active,2136,district,98,,15,98,,,,schemas/reference-data/TACATDP_RefWards.csv
tacatdp,ward,2137,Naliendele,Naliendele,active,2137,district,99,,15,99,,,,schemas/reference-data/TACATDP_RefWards.csv
tacatdp,ward,2138,Ufukoni,Ufukoni,active,2138,district,99,,15,99,,,,schemas/reference-data/TACATDP_RefWards.csv
tacatdp,ward,2139,Magomeni,Magomeni,active,2139,district,99,,15,99,,,,schemas/reference-data/TACATDP_RefWards.csv
tacatdp,ward,2140,Likombe,Likombe,active,2140,district,99,,15,99,,,,schemas/reference-data/TACATDP_RefWards.csv
tacatdp,ward,2141,Mtawanya,Mtawanya,active,2141,district,99,,15,99,,,,schemas/reference-data/TACATDP_RefWards.csv
tacatdp,ward,2142,Majengo,Majengo,active,2142,district,99,,15,99,,,,schemas/reference-data/TACATDP_RefWards.csv
tacatdp,ward,2143,Vigaeni,Vigaeni,active,2143,district,99,,15,99,,,,schemas/reference-data/TACATDP_RefWards.csv
tacatdp,ward,2144,Chikongola,Chikongola,active,2144,district,99,,15,99,,,,schemas/reference-data/TACATDP_RefWards.csv
tacatdp,ward,2145,Tandika,Tandika,active,2145,district,99,,15,99,,,,schemas/reference-data/TACATDP_RefWards.csv
tacatdp,ward,2146,Rahaleo,Rahaleo,active,2146,district,99,,15,99,,,,schemas/reference-data/TACATDP_RefWards.csv
tacatdp,ward,2147,Shangani,Shangani,active,2147,district,99,,15,99,,,,schemas/reference-data/TACATDP_RefWards.csv
tacatdp,ward,2148,Reli,Reli,active,2148,district,99,,15,99,,,,schemas/reference-data/TACATDP_RefWards.csv
tacatdp,ward,2149,Chuno,Chuno,active,2149,district,99,,15,99,,,,schemas/reference-data/TACATDP_RefWards.csv
tacatdp,ward,2150,Mitengo,Mitengo,active,2150,district,99,,15,99,,,,schemas/reference-data/TACATDP_RefWards.csv
tacatdp,ward,2151,Kisungule,Kisungule,active,2151,district,99,,15,99,,,,schemas/reference-data/TACATDP_RefWards.csv
tacatdp,ward,2152,Mtonya,Mtonya,active,2152,district,99,,15,99,,,,schemas/reference-data/TACATDP_RefWards.csv
tacatdp,ward,2153,Magengeni,Magengeni,active,2153,district,99,,15,99,,,,schemas/reference-data/TACATDP_RefWards.csv
tacatdp,ward,2154,Jangwani,Jangwani,active,2154,district,99,,15,99,,,,schemas/reference-data/TACATDP_RefWards.csv
tacatdp,ward,2155,Nanyamba,Nanyamba,active,2155,district,100,,15,100,,,,schemas/reference-data/TACATDP_RefWards.csv
tacatdp,ward,2156,Dinyecha,Dinyecha,active,2156,district,100,,15,100,,,,schemas/reference-data/TACATDP_RefWards.csv
tacatdp,ward,2157,Nyundo,Nyundo,active,2157,district,100,,15,100,,,,schemas/reference-data/TACATDP_RefWards.csv
tacatdp,ward,2158,Nitekela,Nitekela,active,2158,district,100,,15,100,,,,schemas/reference-data/TACATDP_RefWards.csv
tacatdp,ward,2159,Mbembaleo,Mbembaleo,active,2159,district,100,,15,100,,,,schemas/reference-data/TACATDP_RefWards.csv
tacatdp,ward,2160,Milangominne,Milangominne,active,2160,district,100,,15,100,,,,schemas/reference-data/TACATDP_RefWards.csv
tacatdp,ward,2161,Mnongodi,Mnongodi,active,2161,district,100,,15,100,,,,schemas/reference-data/TACATDP_RefWards.csv
tacatdp,ward,2162,Namtumbuka,Namtumbuka,active,2162,district,100,,15,100,,,,schemas/reference-data/TACATDP_RefWards.csv
tacatdp,ward,2163,Njengwa,Njengwa,active,2163,district,100,,15,100,,,,schemas/reference-data/TACATDP_RefWards.csv
tacatdp,ward,2164,Mtimbwilimbwi,Mtimbwilimbwi,active,2164,district,100,,15,100,,,,schemas/reference-data/TACATDP_RefWards.csv
tacatdp,ward,2165,Hinju,Hinju,active,2165,district,100,,15,100,,,,schemas/reference-data/TACATDP_RefWards.csv
tacatdp,ward,2166,Mtiniko,Mtiniko,active,2166,district,100,,15,100,,,,schemas/reference-data/TACATDP_RefWards.csv
tacatdp,ward,2167,Chawi,Chawi,active,2167,district,100,,15,100,,,,schemas/reference-data/TACATDP_RefWards.csv
tacatdp,ward,2168,Kiromba,Kiromba,active,2168,district,100,,15,100,,,,schemas/reference-data/TACATDP_RefWards.csv
tacatdp,ward,2169,Kiyanga,Kiyanga,active,2169,district,100,,15,100,,,,schemas/reference-data/TACATDP_RefWards.csv
tacatdp,ward,2170,Kitaya,Kitaya,active,2170,district,100,,15,100,,,,schemas/reference-data/TACATDP_RefWards.csv
tacatdp,ward,2171,Mnima,Mnima,active,2171,district,100,,15,100,,,,schemas/reference-data/TACATDP_RefWards.csv
tacatdp,ward,2172,Luchingu,Luchingu,active,2172,district,101,,15,101,,,,schemas/reference-data/TACATDP_RefWards.csv
tacatdp,ward,2173,Nangwala,Nangwala,active,2173,district,101,,15,101,,,,schemas/reference-data/TACATDP_RefWards.csv
tacatdp,ward,2174,Tulindane,Tulindane,active,2174,district,101,,15,101,,,,schemas/reference-data/TACATDP_RefWards.csv
tacatdp,ward,2175,Mtonya,Mtonya,active,2175,district,101,,15,101,,,,schemas/reference-data/TACATDP_RefWards.csv
tacatdp,ward,2176,Julia,Julia,active,2176,district,101,,15,101,,,,schemas/reference-data/TACATDP_RefWards.csv
tacatdp,ward,2177,Namiyonga,Namiyonga,active,2177,district,101,,15,101,,,,schemas/reference-data/TACATDP_RefWards.csv
tacatdp,ward,2178,Mkulung'ulu,Mkulung'ulu,active,2178,district,101,,15,101,,,,schemas/reference-data/TACATDP_RefWards.csv
tacatdp,ward,2179,Makote,Makote,active,2179,district,101,,15,101,,,,schemas/reference-data/TACATDP_RefWards.csv
tacatdp,ward,2180,Mahumbika,Mahumbika,active,2180,district,101,,15,101,,,,schemas/reference-data/TACATDP_RefWards.csv
tacatdp,ward,2181,Makonga,Makonga,active,2181,district,101,,15,101,,,,schemas/reference-data/TACATDP_RefWards.csv
tacatdp,ward,2182,Mnekachi,Mnekachi,active,2182,district,101,,15,101,,,,schemas/reference-data/TACATDP_RefWards.csv
tacatdp,ward,2183,Nanguruwe,Nanguruwe,active,2183,district,101,,15,101,,,,schemas/reference-data/TACATDP_RefWards.csv
tacatdp,ward,2184,Mkunya,Mkunya,active,2184,district,101,,15,101,,,,schemas/reference-data/TACATDP_RefWards.csv
tacatdp,ward,2185,Mcholi I,Mcholi I,active,2185,district,101,,15,101,,,,schemas/reference-data/TACATDP_RefWards.csv
tacatdp,ward,2186,Mtumachi,Mtumachi,active,2186,district,101,,15,101,,,,schemas/reference-data/TACATDP_RefWards.csv
tacatdp,ward,2187,Mcholi II,Mcholi II,active,2187,district,101,,15,101,,,,schemas/reference-data/TACATDP_RefWards.csv
tacatdp,ward,2188,Lulindi,Lulindi,active,2188,district,102,,15,102,,,,schemas/reference-data/TACATDP_RefWards.csv
tacatdp,ward,2189,Mkululu,Mkululu,active,2189,district,102,,15,102,,,,schemas/reference-data/TACATDP_RefWards.csv
tacatdp,ward,2190,Namwanga,Namwanga,active,2190,district,102,,15,102,,,,schemas/reference-data/TACATDP_RefWards.csv
tacatdp,ward,2191,Namalenga,Namalenga,active,2191,district,102,,15,102,,,,schemas/reference-data/TACATDP_RefWards.csv
tacatdp,ward,2192,Mitesa,Mitesa,active,2192,district,102,,15,102,,,,schemas/reference-data/TACATDP_RefWards.csv
tacatdp,ward,2193,Sindano,Sindano,active,2193,district,102,,15,102,,,,schemas/reference-data/TACATDP_RefWards.csv
tacatdp,ward,2194,Mchauru,Mchauru,active,2194,district,102,,15,102,,,,schemas/reference-data/TACATDP_RefWards.csv
tacatdp,ward,2195,Mnavira,Mnavira,active,2195,district,102,,15,102,,,,schemas/reference-data/TACATDP_RefWards.csv
tacatdp,ward,2196,Makong’onda,Makong’onda,active,2196,district,102,,15,102,,,,schemas/reference-data/TACATDP_RefWards.csv
tacatdp,ward,2197,Chikiropola,Chikiropola,active,2197,district,102,,15,102,,,,schemas/reference-data/TACATDP_RefWards.csv
tacatdp,ward,2198,Chiungutwa,Chiungutwa,active,2198,district,102,,15,102,,,,schemas/reference-data/TACATDP_RefWards.csv
tacatdp,ward,2199,Mpeta,Mpeta,active,2199,district,102,,15,102,,,,schemas/reference-data/TACATDP_RefWards.csv
tacatdp,ward,2200,Lipumburu,Lipumburu,active,2200,district,102,,15,102,,,,schemas/reference-data/TACATDP_RefWards.csv
tacatdp,ward,2201,Lupaso,Lupaso,active,2201,district,102,,15,102,,,,schemas/reference-data/TACATDP_RefWards.csv
tacatdp,ward,2202,Mbuyuni,Mbuyuni,active,2202,district,102,,15,102,,,,schemas/reference-data/TACATDP_RefWards.csv
tacatdp,ward,2203,Nanjota,Nanjota,active,2203,district,102,,15,102,,,,schemas/reference-data/TACATDP_RefWards.csv
tacatdp,ward,2204,Mijelejele,Mijelejele,active,2204,district,102,,15,102,,,,schemas/reference-data/TACATDP_RefWards.csv
tacatdp,ward,2205,Mpindimbi,Mpindimbi,active,2205,district,102,,15,102,,,,schemas/reference-data/TACATDP_RefWards.csv
tacatdp,ward,2206,Chigugu,Chigugu,active,2206,district,102,,15,102,,,,schemas/reference-data/TACATDP_RefWards.csv
tacatdp,ward,2207,Chikukwe,Chikukwe,active,2207,district,102,,15,102,,,,schemas/reference-data/TACATDP_RefWards.csv
tacatdp,ward,2208,Chiwata,Chiwata,active,2208,district,102,,15,102,,,,schemas/reference-data/TACATDP_RefWards.csv
tacatdp,ward,2209,Nanganga,Nanganga,active,2209,district,102,,15,102,,,,schemas/reference-data/TACATDP_RefWards.csv
tacatdp,ward,2210,Nangoo,Nangoo,active,2210,district,102,,15,102,,,,schemas/reference-data/TACATDP_RefWards.csv
tacatdp,ward,2211,Mwena,Mwena,active,2211,district,102,,15,102,,,,schemas/reference-data/TACATDP_RefWards.csv
tacatdp,ward,2212,Chikundi,Chikundi,active,2212,district,102,,15,102,,,,schemas/reference-data/TACATDP_RefWards.csv
tacatdp,ward,2213,Ndanda,Ndanda,active,2213,district,102,,15,102,,,,schemas/reference-data/TACATDP_RefWards.csv
tacatdp,ward,2214,Namatutwe,Namatutwe,active,2214,district,102,,15,102,,,,schemas/reference-data/TACATDP_RefWards.csv
tacatdp,ward,2215,Msikisi,Msikisi,active,2215,district,102,,15,102,,,,schemas/reference-data/TACATDP_RefWards.csv
tacatdp,ward,2216,Namajani,Namajani,active,2216,district,102,,15,102,,,,schemas/reference-data/TACATDP_RefWards.csv
tacatdp,ward,2217,Mlingula,Mlingula,active,2217,district,102,,15,102,,,,schemas/reference-data/TACATDP_RefWards.csv
tacatdp,ward,2218,Lukuledi,Lukuledi,active,2218,district,102,,15,102,,,,schemas/reference-data/TACATDP_RefWards.csv
tacatdp,ward,2219,Chikunja,Chikunja,active,2219,district,102,,15,102,,,,schemas/reference-data/TACATDP_RefWards.csv
tacatdp,ward,2220,Chiwale,Chiwale,active,2220,district,102,,15,102,,,,schemas/reference-data/TACATDP_RefWards.csv
tacatdp,ward,2221,Mpanyani,Mpanyani,active,2221,district,102,,15,102,,,,schemas/reference-data/TACATDP_RefWards.csv
tacatdp,ward,2222,Madimba,Madimba,active,2222,district,103,,15,103,,,,schemas/reference-data/TACATDP_RefWards.csv
tacatdp,ward,2223,Msimbati,Msimbati,active,2223,district,103,,15,103,,,,schemas/reference-data/TACATDP_RefWards.csv
tacatdp,ward,2224,Msangamkuu,Msangamkuu,active,2224,district,103,,15,103,,,,schemas/reference-data/TACATDP_RefWards.csv
tacatdp,ward,2225,Nalingu,Nalingu,active,2225,district,103,,15,103,,,,schemas/reference-data/TACATDP_RefWards.csv
tacatdp,ward,2226,Ziwani,Ziwani,active,2226,district,103,,15,103,,,,schemas/reference-data/TACATDP_RefWards.csv
tacatdp,ward,2227,Moma,Moma,active,2227,district,103,,15,103,,,,schemas/reference-data/TACATDP_RefWards.csv
tacatdp,ward,2228,Mbawala,Mbawala,active,2228,district,103,,15,103,,,,schemas/reference-data/TACATDP_RefWards.csv
tacatdp,ward,2229,Nanguruwe,Nanguruwe,active,2229,district,103,,15,103,,,,schemas/reference-data/TACATDP_RefWards.csv
tacatdp,ward,2230,Mahurunga,Mahurunga,active,2230,district,103,,15,103,,,,schemas/reference-data/TACATDP_RefWards.csv
tacatdp,ward,2231,Tangazo,Tangazo,active,2231,district,103,,15,103,,,,schemas/reference-data/TACATDP_RefWards.csv
tacatdp,ward,2232,Muungano,Muungano,active,2232,district,103,,15,103,,,,schemas/reference-data/TACATDP_RefWards.csv
tacatdp,ward,2233,Dihimba,Dihimba,active,2233,district,103,,15,103,,,,schemas/reference-data/TACATDP_RefWards.csv
tacatdp,ward,2234,Lipwidi,Lipwidi,active,2234,district,103,,15,103,,,,schemas/reference-data/TACATDP_RefWards.csv
tacatdp,ward,2235,Mangopachanne,Mangopachanne,active,2235,district,103,,15,103,,,,schemas/reference-data/TACATDP_RefWards.csv
tacatdp,ward,2236,Kitere,Kitere,active,2236,district,103,,15,103,,,,schemas/reference-data/TACATDP_RefWards.csv
tacatdp,ward,2237,Libobe,Libobe,active,2237,district,103,,15,103,,,,schemas/reference-data/TACATDP_RefWards.csv
tacatdp,ward,2238,Mpapura,Mpapura,active,2238,district,103,,15,103,,,,schemas/reference-data/TACATDP_RefWards.csv
tacatdp,ward,2239,Ndumbwe,Ndumbwe,active,2239,district,103,,15,103,,,,schemas/reference-data/TACATDP_RefWards.csv
tacatdp,ward,2240,Mayanga,Mayanga,active,2240,district,103,,15,103,,,,schemas/reference-data/TACATDP_RefWards.csv
tacatdp,ward,2241,Mkunwa,Mkunwa,active,2241,district,103,,15,103,,,,schemas/reference-data/TACATDP_RefWards.csv
tacatdp,ward,2242,Naumbu,Naumbu,active,2242,district,103,,15,103,,,,schemas/reference-data/TACATDP_RefWards.csv
tacatdp,ward,2243,Mkonona,Mkonona,active,2243,district,104,,15,104,,,,schemas/reference-data/TACATDP_RefWards.csv
tacatdp,ward,2244,Nanyumbu,Nanyumbu,active,2244,district,104,,15,104,,,,schemas/reference-data/TACATDP_RefWards.csv
tacatdp,ward,2245,Masuguru,Masuguru,active,2245,district,104,,15,104,,,,schemas/reference-data/TACATDP_RefWards.csv
tacatdp,ward,2246,Likokona,Likokona,active,2246,district,104,,15,104,,,,schemas/reference-data/TACATDP_RefWards.csv
tacatdp,ward,2247,Michiga,Michiga,active,2247,district,104,,15,104,,,,schemas/reference-data/TACATDP_RefWards.csv
tacatdp,ward,2248,Lumesule,Lumesule,active,2248,district,104,,15,104,,,,schemas/reference-data/TACATDP_RefWards.csv
tacatdp,ward,2249,Napacho,Napacho,active,2249,district,104,,15,104,,,,schemas/reference-data/TACATDP_RefWards.csv
tacatdp,ward,2250,Nandete,Nandete,active,2250,district,104,,15,104,,,,schemas/reference-data/TACATDP_RefWards.csv
tacatdp,ward,2251,Maratani,Maratani,active,2251,district,104,,15,104,,,,schemas/reference-data/TACATDP_RefWards.csv
tacatdp,ward,2252,Mnanje,Mnanje,active,2252,district,104,,15,104,,,,schemas/reference-data/TACATDP_RefWards.csv
tacatdp,ward,2253,Mikangaula,Mikangaula,active,2253,district,104,,15,104,,,,schemas/reference-data/TACATDP_RefWards.csv
tacatdp,ward,2254,Kamundi,Kamundi,active,2254,district,104,,15,104,,,,schemas/reference-data/TACATDP_RefWards.csv
tacatdp,ward,2255,Mangaka,Mangaka,active,2255,district,104,,15,104,,,,schemas/reference-data/TACATDP_RefWards.csv
tacatdp,ward,2256,Kilimanihewa,Kilimanihewa,active,2256,district,104,,15,104,,,,schemas/reference-data/TACATDP_RefWards.csv
tacatdp,ward,2257,Chipuputa,Chipuputa,active,2257,district,104,,15,104,,,,schemas/reference-data/TACATDP_RefWards.csv
tacatdp,ward,2258,Sengenya,Sengenya,active,2258,district,104,,15,104,,,,schemas/reference-data/TACATDP_RefWards.csv
tacatdp,ward,2259,Nangomba,Nangomba,active,2259,district,104,,15,104,,,,schemas/reference-data/TACATDP_RefWards.csv
tacatdp,ward,2260,Mkwedu,Mkwedu,active,2260,district,105,,15,105,,,,schemas/reference-data/TACATDP_RefWards.csv
tacatdp,ward,2261,Makukwe,Makukwe,active,2261,district,105,,15,105,,,,schemas/reference-data/TACATDP_RefWards.csv
tacatdp,ward,2262,Chitekete,Chitekete,active,2262,district,105,,15,105,,,,schemas/reference-data/TACATDP_RefWards.csv
tacatdp,ward,2263,Nakahako,Nakahako,active,2263,district,105,,15,105,,,,schemas/reference-data/TACATDP_RefWards.csv
tacatdp,ward,2264,Mdimba  Mpelepele,Mdimba  Mpelepele,active,2264,district,105,,15,105,,,,schemas/reference-data/TACATDP_RefWards.csv
tacatdp,ward,2265,Mtunguru,Mtunguru,active,2265,district,105,,15,105,,,,schemas/reference-data/TACATDP_RefWards.csv
tacatdp,ward,2266,Kitangali,Kitangali,active,2266,district,105,,15,105,,,,schemas/reference-data/TACATDP_RefWards.csv
tacatdp,ward,2267,Maputi,Maputi,active,2267,district,105,,15,105,,,,schemas/reference-data/TACATDP_RefWards.csv
tacatdp,ward,2268,,,active,2268,district,105,,15,105,,,,schemas/reference-data/TACATDP_RefWards.csv
tacatdp,ward,2269,Chiwonga,Chiwonga,active,2269,district,105,,15,105,,,,schemas/reference-data/TACATDP_RefWards.csv
tacatdp,ward,2270,Nandwahi,Nandwahi,active,2270,district,105,,15,105,,,,schemas/reference-data/TACATDP_RefWards.csv
tacatdp,ward,2271,Mnyeu,Mnyeu,active,2271,district,105,,15,105,,,,schemas/reference-data/TACATDP_RefWards.csv
tacatdp,ward,2272,Mchemo,Mchemo,active,2272,district,105,,15,105,,,,schemas/reference-data/TACATDP_RefWards.csv
tacatdp,ward,2273,Malatu,Malatu,active,2273,district,105,,15,105,,,,schemas/reference-data/TACATDP_RefWards.csv
tacatdp,ward,2274,Mpwapwa,Mpwapwa,active,2274,district,105,,15,105,,,,schemas/reference-data/TACATDP_RefWards.csv
tacatdp,ward,2275,Muungano,Muungano,active,2275,district,105,,15,105,,,,schemas/reference-data/TACATDP_RefWards.csv
tacatdp,ward,2276,Mtopwa,Mtopwa,active,2276,district,105,,15,105,,,,schemas/reference-data/TACATDP_RefWards.csv
tacatdp,ward,2277,Chilangala,Chilangala,active,2277,district,105,,15,105,,,,schemas/reference-data/TACATDP_RefWards.csv
tacatdp,ward,2278,Mikumbi,Mikumbi,active,2278,district,105,,15,105,,,,schemas/reference-data/TACATDP_RefWards.csv
tacatdp,ward,2279,Mnyambe,Mnyambe,active,2279,district,105,,15,105,,,,schemas/reference-data/TACATDP_RefWards.csv
tacatdp,ward,2280,Chihangu,Chihangu,active,2280,district,105,,15,105,,,,schemas/reference-data/TACATDP_RefWards.csv
tacatdp,ward,2281,Mkoma II,Mkoma II,active,2281,district,105,,15,105,,,,schemas/reference-data/TACATDP_RefWards.csv
tacatdp,ward,2282,Nambali,Nambali,active,2282,district,105,,15,105,,,,schemas/reference-data/TACATDP_RefWards.csv
tacatdp,ward,2283,Mnyawa,Mnyawa,active,2283,district,106,,15,106,,,,schemas/reference-data/TACATDP_RefWards.csv
tacatdp,ward,2284,Mchichira,Mchichira,active,2284,district,106,,15,106,,,,schemas/reference-data/TACATDP_RefWards.csv
tacatdp,ward,2285,Kwanyama,Kwanyama,active,2285,district,106,,15,106,,,,schemas/reference-data/TACATDP_RefWards.csv
tacatdp,ward,2286,Lukokoda,Lukokoda,active,2286,district,106,,15,106,,,,schemas/reference-data/TACATDP_RefWards.csv
tacatdp,ward,2287,Mdimba Mnyoma,Mdimba Mnyoma,active,2287,district,106,,15,106,,,,schemas/reference-data/TACATDP_RefWards.csv
tacatdp,ward,2288,Mndumbwe,Mndumbwe,active,2288,district,106,,15,106,,,,schemas/reference-data/TACATDP_RefWards.csv
tacatdp,ward,2289,Milongodi,Milongodi,active,2289,district,106,,15,106,,,,schemas/reference-data/TACATDP_RefWards.csv
tacatdp,ward,2290,Mkwedu,Mkwedu,active,2290,district,106,,15,106,,,,schemas/reference-data/TACATDP_RefWards.csv
tacatdp,ward,2291,Kitama 1,Kitama 1,active,2291,district,106,,15,106,,,,schemas/reference-data/TACATDP_RefWards.csv
tacatdp,ward,2292,Miuta,Miuta,active,2292,district,106,,15,106,,,,schemas/reference-data/TACATDP_RefWards.csv
tacatdp,ward,2293,Mihambwe,Mihambwe,active,2293,district,106,,15,106,,,,schemas/reference-data/TACATDP_RefWards.csv
tacatdp,ward,2294,Mkoreha,Mkoreha,active,2294,district,106,,15,106,,,,schemas/reference-data/TACATDP_RefWards.csv
tacatdp,ward,2295,Michenjele,Michenjele,active,2295,district,106,,15,106,,,,schemas/reference-data/TACATDP_RefWards.csv
tacatdp,ward,2296,Luagala,Luagala,active,2296,district,106,,15,106,,,,schemas/reference-data/TACATDP_RefWards.csv
tacatdp,ward,2297,Litehu,Litehu,active,2297,district,106,,15,106,,,,schemas/reference-data/TACATDP_RefWards.csv
tacatdp,ward,2298,Lyenje,Lyenje,active,2298,district,106,,15,106,,,,schemas/reference-data/TACATDP_RefWards.csv
tacatdp,ward,2299,Nambahu,Nambahu,active,2299,district,106,,15,106,,,,schemas/reference-data/TACATDP_RefWards.csv
tacatdp,ward,2300,Chaume,Chaume,active,2300,district,106,,15,106,,,,schemas/reference-data/TACATDP_RefWards.csv
tacatdp,ward,2301,Mkonjowano,Mkonjowano,active,2301,district,106,,15,106,,,,schemas/reference-data/TACATDP_RefWards.csv
tacatdp,ward,2302,Ngunja,Ngunja,active,2302,district,106,,15,106,,,,schemas/reference-data/TACATDP_RefWards.csv
tacatdp,ward,2303,Mkwiti,Mkwiti,active,2303,district,106,,15,106,,,,schemas/reference-data/TACATDP_RefWards.csv
tacatdp,ward,2304,Namikupa,Namikupa,active,2304,district,106,,15,106,,,,schemas/reference-data/TACATDP_RefWards.csv
tacatdp,ward,2305,Naputa,Naputa,active,2305,district,106,,15,106,,,,schemas/reference-data/TACATDP_RefWards.csv
tacatdp,ward,2306,Maundo,Maundo,active,2306,district,106,,15,106,,,,schemas/reference-data/TACATDP_RefWards.csv
tacatdp,ward,2307,Nanhyanga,Nanhyanga,active,2307,district,106,,15,106,,,,schemas/reference-data/TACATDP_RefWards.csv
tacatdp,ward,2308,Dinduma,Dinduma,active,2308,district,106,,15,106,,,,schemas/reference-data/TACATDP_RefWards.csv
tacatdp,ward,2309,Chingungwe,Chingungwe,active,2309,district,106,,15,106,,,,schemas/reference-data/TACATDP_RefWards.csv
tacatdp,ward,2310,Mkundi,Mkundi,active,2310,district,106,,15,106,,,,schemas/reference-data/TACATDP_RefWards.csv
tacatdp,ward,2311,Mahuta,Mahuta,active,2311,district,106,,15,106,,,,schemas/reference-data/TACATDP_RefWards.csv
tacatdp,ward,2312,Chikongola,Chikongola,active,2312,district,106,,15,106,,,,schemas/reference-data/TACATDP_RefWards.csv
tacatdp,ward,2313,Tandahimba,Tandahimba,active,2313,district,106,,15,106,,,,schemas/reference-data/TACATDP_RefWards.csv
tacatdp,ward,2314,Malopokelo,Malopokelo,active,2314,district,106,,15,106,,,,schemas/reference-data/TACATDP_RefWards.csv
tacatdp,ward,2315,Nyakato,Nyakato,active,2315,district,107,,16,107,,,,schemas/reference-data/TACATDP_RefWards.csv
tacatdp,ward,2316,Mecco,Mecco,active,2316,district,107,,16,107,,,,schemas/reference-data/TACATDP_RefWards.csv
tacatdp,ward,2317,Buzuruga,Buzuruga,active,2317,district,107,,16,107,,,,schemas/reference-data/TACATDP_RefWards.csv
tacatdp,ward,2318,Nyasaka,Nyasaka,active,2318,district,107,,16,107,,,,schemas/reference-data/TACATDP_RefWards.csv
tacatdp,ward,2319,Ilemela,Ilemela,active,2319,district,107,,16,107,,,,schemas/reference-data/TACATDP_RefWards.csv
tacatdp,ward,2320,Kahama,Kahama,active,2320,district,107,,16,107,,,,schemas/reference-data/TACATDP_RefWards.csv
tacatdp,ward,2321,Kiseke,Kiseke,active,2321,district,107,,16,107,,,,schemas/reference-data/TACATDP_RefWards.csv
tacatdp,ward,2322,Sangabuye,Sangabuye,active,2322,district,107,,16,107,,,,schemas/reference-data/TACATDP_RefWards.csv
tacatdp,ward,2323,Kayenze,Kayenze,active,2323,district,107,,16,107,,,,schemas/reference-data/TACATDP_RefWards.csv
tacatdp,ward,2324,Bugogwa,Bugogwa,active,2324,district,107,,16,107,,,,schemas/reference-data/TACATDP_RefWards.csv
tacatdp,ward,2325,Shibula,Shibula,active,2325,district,107,,16,107,,,,schemas/reference-data/TACATDP_RefWards.csv
tacatdp,ward,2326,Pasiansi,Pasiansi,active,2326,district,107,,16,107,,,,schemas/reference-data/TACATDP_RefWards.csv
tacatdp,ward,2327,Kawekamo,Kawekamo,active,2327,district,107,,16,107,,,,schemas/reference-data/TACATDP_RefWards.csv
tacatdp,ward,2328,Kitangiri,Kitangiri,active,2328,district,107,,16,107,,,,schemas/reference-data/TACATDP_RefWards.csv
tacatdp,ward,2329,Kirumba,Kirumba,active,2329,district,107,,16,107,,,,schemas/reference-data/TACATDP_RefWards.csv
tacatdp,ward,2330,Nyamanoro,Nyamanoro,active,2330,district,107,,16,107,,,,schemas/reference-data/TACATDP_RefWards.csv
tacatdp,ward,2331,Ibungilo,Ibungilo,active,2331,district,107,,16,107,,,,schemas/reference-data/TACATDP_RefWards.csv
tacatdp,ward,2332,Buswelu,Buswelu,active,2332,district,107,,16,107,,,,schemas/reference-data/TACATDP_RefWards.csv
tacatdp,ward,2333,Nyamhongolo,Nyamhongolo,active,2333,district,107,,16,107,,,,schemas/reference-data/TACATDP_RefWards.csv
tacatdp,ward,2334,Mkolani,Mkolani,active,2334,district,108,,16,108,,,,schemas/reference-data/TACATDP_RefWards.csv
tacatdp,ward,2335,Luchelele,Luchelele,active,2335,district,108,,16,108,,,,schemas/reference-data/TACATDP_RefWards.csv
tacatdp,ward,2336,Buhongwa,Buhongwa,active,2336,district,108,,16,108,,,,schemas/reference-data/TACATDP_RefWards.csv
tacatdp,ward,2337,Lwanhima,Lwanhima,active,2337,district,108,,16,108,,,,schemas/reference-data/TACATDP_RefWards.csv
tacatdp,ward,2338,Butimba,Butimba,active,2338,district,108,,16,108,,,,schemas/reference-data/TACATDP_RefWards.csv
tacatdp,ward,2339,Nyegezi,Nyegezi,active,2339,district,108,,16,108,,,,schemas/reference-data/TACATDP_RefWards.csv
tacatdp,ward,2340,Mkuyuni,Mkuyuni,active,2340,district,108,,16,108,,,,schemas/reference-data/TACATDP_RefWards.csv
tacatdp,ward,2341,Igogo,Igogo,active,2341,district,108,,16,108,,,,schemas/reference-data/TACATDP_RefWards.csv
tacatdp,ward,2342,Pamba,Pamba,active,2342,district,108,,16,108,,,,schemas/reference-data/TACATDP_RefWards.csv
tacatdp,ward,2343,Mirongo,Mirongo,active,2343,district,108,,16,108,,,,schemas/reference-data/TACATDP_RefWards.csv
tacatdp,ward,2344,Isamilo,Isamilo,active,2344,district,108,,16,108,,,,schemas/reference-data/TACATDP_RefWards.csv
tacatdp,ward,2345,Nyamagana,Nyamagana,active,2345,district,108,,16,108,,,,schemas/reference-data/TACATDP_RefWards.csv
tacatdp,ward,2346,Mbugani,Mbugani,active,2346,district,108,,16,108,,,,schemas/reference-data/TACATDP_RefWards.csv
tacatdp,ward,2347,Mabatini,Mabatini,active,2347,district,108,,16,108,,,,schemas/reference-data/TACATDP_RefWards.csv
tacatdp,ward,2348,Igoma,Igoma,active,2348,district,108,,16,108,,,,schemas/reference-data/TACATDP_RefWards.csv
tacatdp,ward,2349,Kishili,Kishili,active,2349,district,108,,16,108,,,,schemas/reference-data/TACATDP_RefWards.csv
tacatdp,ward,2350,Mahina,Mahina,active,2350,district,108,,16,108,,,,schemas/reference-data/TACATDP_RefWards.csv
tacatdp,ward,2351,Mhandu,Mhandu,active,2351,district,108,,16,108,,,,schemas/reference-data/TACATDP_RefWards.csv
tacatdp,ward,2352,Kalebezo,Kalebezo,active,2352,district,109,,16,109,,,,schemas/reference-data/TACATDP_RefWards.csv
tacatdp,ward,2353,Nyehunge,Nyehunge,active,2353,district,109,,16,109,,,,schemas/reference-data/TACATDP_RefWards.csv
tacatdp,ward,2354,Kafunzo,Kafunzo,active,2354,district,109,,16,109,,,,schemas/reference-data/TACATDP_RefWards.csv
tacatdp,ward,2355,Iligamba,Iligamba,active,2355,district,109,,16,109,,,,schemas/reference-data/TACATDP_RefWards.csv
tacatdp,ward,2356,Bupandwa,Bupandwa,active,2356,district,109,,16,109,,,,schemas/reference-data/TACATDP_RefWards.csv
tacatdp,ward,2357,Katwe,Katwe,active,2357,district,109,,16,109,,,,schemas/reference-data/TACATDP_RefWards.csv
tacatdp,ward,2358,Bangwe,Bangwe,active,2358,district,109,,16,109,,,,schemas/reference-data/TACATDP_RefWards.csv
tacatdp,ward,2359,Maisome,Maisome,active,2359,district,109,,16,109,,,,schemas/reference-data/TACATDP_RefWards.csv
tacatdp,ward,2360,Nyanzenda,Nyanzenda,active,2360,district,109,,16,109,,,,schemas/reference-data/TACATDP_RefWards.csv
tacatdp,ward,2361,Nyakasungwa,Nyakasungwa,active,2361,district,109,,16,109,,,,schemas/reference-data/TACATDP_RefWards.csv
tacatdp,ward,2362,Kasisa,Kasisa,active,2362,district,109,,16,109,,,,schemas/reference-data/TACATDP_RefWards.csv
tacatdp,ward,2363,Nyakaliro,Nyakaliro,active,2363,district,109,,16,109,,,,schemas/reference-data/TACATDP_RefWards.csv
tacatdp,ward,2364,Bukokwa,Bukokwa,active,2364,district,109,,16,109,,,,schemas/reference-data/TACATDP_RefWards.csv
tacatdp,ward,2365,Nyakasasa,Nyakasasa,active,2365,district,109,,16,109,,,,schemas/reference-data/TACATDP_RefWards.csv
tacatdp,ward,2366,Buhama,Buhama,active,2366,district,109,,16,109,,,,schemas/reference-data/TACATDP_RefWards.csv
tacatdp,ward,2367,Lugata,Lugata,active,2367,district,109,,16,109,,,,schemas/reference-data/TACATDP_RefWards.csv
tacatdp,ward,2368,Bugoro,Bugoro,active,2368,district,109,,16,109,,,,schemas/reference-data/TACATDP_RefWards.csv
tacatdp,ward,2369,Irenza,Irenza,active,2369,district,109,,16,109,,,,schemas/reference-data/TACATDP_RefWards.csv
tacatdp,ward,2370,Luharanyonga,Luharanyonga,active,2370,district,109,,16,109,,,,schemas/reference-data/TACATDP_RefWards.csv
tacatdp,ward,2371,kazunzu,kazunzu,active,2371,district,109,,16,109,,,,schemas/reference-data/TACATDP_RefWards.csv
tacatdp,ward,2372,Bulyaheke,Bulyaheke,active,2372,district,109,,16,109,,,,schemas/reference-data/TACATDP_RefWards.csv
tacatdp,ward,2373,Nyambiti,Nyambiti,active,2373,district,110,,16,110,,,,schemas/reference-data/TACATDP_RefWards.csv
tacatdp,ward,2374,Mwandu,Mwandu,active,2374,district,110,,16,110,,,,schemas/reference-data/TACATDP_RefWards.csv
tacatdp,ward,2375,Malya,Malya,active,2375,district,110,,16,110,,,,schemas/reference-data/TACATDP_RefWards.csv
tacatdp,ward,2376,Mwagi,Mwagi,active,2376,district,110,,16,110,,,,schemas/reference-data/TACATDP_RefWards.csv
tacatdp,ward,2377,Nkalalo,Nkalalo,active,2377,district,110,,16,110,,,,schemas/reference-data/TACATDP_RefWards.csv
tacatdp,ward,2378,Maligisu,Maligisu,active,2378,district,110,,16,110,,,,schemas/reference-data/TACATDP_RefWards.csv
tacatdp,ward,2379,Iseni,Iseni,active,2379,district,110,,16,110,,,,schemas/reference-data/TACATDP_RefWards.csv
tacatdp,ward,2380,Bugando,Bugando,active,2380,district,110,,16,110,,,,schemas/reference-data/TACATDP_RefWards.csv
tacatdp,ward,2381,Lyoma,Lyoma,active,2381,district,110,,16,110,,,,schemas/reference-data/TACATDP_RefWards.csv
tacatdp,ward,2382,Sumve,Sumve,active,2382,district,110,,16,110,,,,schemas/reference-data/TACATDP_RefWards.csv
tacatdp,ward,2383,Mwabomba,Mwabomba,active,2383,district,110,,16,110,,,,schemas/reference-data/TACATDP_RefWards.csv
tacatdp,ward,2384,Ngulla,Ngulla,active,2384,district,110,,16,110,,,,schemas/reference-data/TACATDP_RefWards.csv
tacatdp,ward,2385,Mantare,Mantare,active,2385,district,110,,16,110,,,,schemas/reference-data/TACATDP_RefWards.csv
tacatdp,ward,2386,Walla,Walla,active,2386,district,110,,16,110,,,,schemas/reference-data/TACATDP_RefWards.csv
tacatdp,ward,2387,Bungulwa,Bungulwa,active,2387,district,110,,16,110,,,,schemas/reference-data/TACATDP_RefWards.csv
tacatdp,ward,2388,Fukalo,Fukalo,active,2388,district,110,,16,110,,,,schemas/reference-data/TACATDP_RefWards.csv
tacatdp,ward,2389,Bupamwa,Bupamwa,active,2389,district,110,,16,110,,,,schemas/reference-data/TACATDP_RefWards.csv
tacatdp,ward,2390,Mwamala,Mwamala,active,2390,district,110,,16,110,,,,schemas/reference-data/TACATDP_RefWards.csv
tacatdp,ward,2391,Shilembo,Shilembo,active,2391,district,110,,16,110,,,,schemas/reference-data/TACATDP_RefWards.csv
tacatdp,ward,2392,Mhande,Mhande,active,2392,district,110,,16,110,,,,schemas/reference-data/TACATDP_RefWards.csv
tacatdp,ward,2393,Kikubiji,Kikubiji,active,2393,district,110,,16,110,,,,schemas/reference-data/TACATDP_RefWards.csv
tacatdp,ward,2394,Hungumalwa,Hungumalwa,active,2394,district,110,,16,110,,,,schemas/reference-data/TACATDP_RefWards.csv
tacatdp,ward,2395,Ilula,Ilula,active,2395,district,110,,16,110,,,,schemas/reference-data/TACATDP_RefWards.csv
tacatdp,ward,2396,Mwakilyambiti,Mwakilyambiti,active,2396,district,110,,16,110,,,,schemas/reference-data/TACATDP_RefWards.csv
tacatdp,ward,2397,Ng'hundi,Ng'hundi,active,2397,district,110,,16,110,,,,schemas/reference-data/TACATDP_RefWards.csv
tacatdp,ward,2398,Nyamilama,Nyamilama,active,2398,district,110,,16,110,,,,schemas/reference-data/TACATDP_RefWards.csv
tacatdp,ward,2399,Mwankulwe,Mwankulwe,active,2399,district,110,,16,110,,,,schemas/reference-data/TACATDP_RefWards.csv
tacatdp,ward,2400,Mwang'halanga,Mwang'halanga,active,2400,district,110,,16,110,,,,schemas/reference-data/TACATDP_RefWards.csv
tacatdp,ward,2401,Igongwa,Igongwa,active,2401,district,110,,16,110,,,,schemas/reference-data/TACATDP_RefWards.csv
tacatdp,ward,2402,Ngudu,Ngudu,active,2402,district,110,,16,110,,,,schemas/reference-data/TACATDP_RefWards.csv
tacatdp,ward,2403,Kahangara,Kahangara,active,2403,district,111,,16,111,,,,schemas/reference-data/TACATDP_RefWards.csv
tacatdp,ward,2404,Kitongo sima,Kitongo sima,active,2404,district,111,,16,111,,,,schemas/reference-data/TACATDP_RefWards.csv
tacatdp,ward,2405,Mwamanga,Mwamanga,active,2405,district,111,,16,111,,,,schemas/reference-data/TACATDP_RefWards.csv
tacatdp,ward,2406,Nyanguge,Nyanguge,active,2406,district,111,,16,111,,,,schemas/reference-data/TACATDP_RefWards.csv
tacatdp,ward,2407,Kisesa,Kisesa,active,2407,district,111,,16,111,,,,schemas/reference-data/TACATDP_RefWards.csv
tacatdp,ward,2408,Bujora,Bujora,active,2408,district,111,,16,111,,,,schemas/reference-data/TACATDP_RefWards.csv
tacatdp,ward,2409,Bukandwe,Bukandwe,active,2409,district,111,,16,111,,,,schemas/reference-data/TACATDP_RefWards.csv
tacatdp,ward,2410,Bujashi,Bujashi,active,2410,district,111,,16,111,,,,schemas/reference-data/TACATDP_RefWards.csv
tacatdp,ward,2411,Lutale,Lutale,active,2411,district,111,,16,111,,,,schemas/reference-data/TACATDP_RefWards.csv
tacatdp,ward,2412,Kongolo,Kongolo,active,2412,district,111,,16,111,,,,schemas/reference-data/TACATDP_RefWards.csv
tacatdp,ward,2413,Chabula,Chabula,active,2413,district,111,,16,111,,,,schemas/reference-data/TACATDP_RefWards.csv
tacatdp,ward,2414,Ng'haya,Ng'haya,active,2414,district,111,,16,111,,,,schemas/reference-data/TACATDP_RefWards.csv
tacatdp,ward,2415,Nkungulu,Nkungulu,active,2415,district,111,,16,111,,,,schemas/reference-data/TACATDP_RefWards.csv
tacatdp,ward,2416,Kabila,Kabila,active,2416,district,111,,16,111,,,,schemas/reference-data/TACATDP_RefWards.csv
tacatdp,ward,2417,Shishani,Shishani,active,2417,district,111,,16,111,,,,schemas/reference-data/TACATDP_RefWards.csv
tacatdp,ward,2418,Jinjimili,Jinjimili,active,2418,district,111,,16,111,,,,schemas/reference-data/TACATDP_RefWards.csv
tacatdp,ward,2419,Nyigogo,Nyigogo,active,2419,district,111,,16,111,,,,schemas/reference-data/TACATDP_RefWards.csv
tacatdp,ward,2420,Kandawe,Kandawe,active,2420,district,111,,16,111,,,,schemas/reference-data/TACATDP_RefWards.csv
tacatdp,ward,2421,Sukuma,Sukuma,active,2421,district,111,,16,111,,,,schemas/reference-data/TACATDP_RefWards.csv
tacatdp,ward,2422,Buhumbi,Buhumbi,active,2422,district,111,,16,111,,,,schemas/reference-data/TACATDP_RefWards.csv
tacatdp,ward,2423,Lubugu,Lubugu,active,2423,district,111,,16,111,,,,schemas/reference-data/TACATDP_RefWards.csv
tacatdp,ward,2424,Mwamabanza,Mwamabanza,active,2424,district,111,,16,111,,,,schemas/reference-data/TACATDP_RefWards.csv
tacatdp,ward,2425,Magu Mjini,Magu Mjini,active,2425,district,111,,16,111,,,,schemas/reference-data/TACATDP_RefWards.csv
tacatdp,ward,2426,Itumbili,Itumbili,active,2426,district,111,,16,111,,,,schemas/reference-data/TACATDP_RefWards.csv
tacatdp,ward,2427,Isandula,Isandula,active,2427,district,111,,16,111,,,,schemas/reference-data/TACATDP_RefWards.csv
tacatdp,ward,2428,Nhundulu,Nhundulu,active,2428,district,112,,16,112,,,,schemas/reference-data/TACATDP_RefWards.csv
tacatdp,ward,2429,Isenengeja,Isenengeja,active,2429,district,112,,16,112,,,,schemas/reference-data/TACATDP_RefWards.csv
tacatdp,ward,2430,Ilujamate,Ilujamate,active,2430,district,112,,16,112,,,,schemas/reference-data/TACATDP_RefWards.csv
tacatdp,ward,2431,Buhunda,Buhunda,active,2431,district,112,,16,112,,,,schemas/reference-data/TACATDP_RefWards.csv
tacatdp,ward,2432,Mbarika,Mbarika,active,2432,district,112,,16,112,,,,schemas/reference-data/TACATDP_RefWards.csv
tacatdp,ward,2433,Lubili,Lubili,active,2433,district,112,,16,112,,,,schemas/reference-data/TACATDP_RefWards.csv
tacatdp,ward,2434,Misasi,Misasi,active,2434,district,112,,16,112,,,,schemas/reference-data/TACATDP_RefWards.csv
tacatdp,ward,2435,Busongo,Busongo,active,2435,district,112,,16,112,,,,schemas/reference-data/TACATDP_RefWards.csv
tacatdp,ward,2436,Gulumungu,Gulumungu,active,2436,district,112,,16,112,,,,schemas/reference-data/TACATDP_RefWards.csv
tacatdp,ward,2437,Shilalo,Shilalo,active,2437,district,112,,16,112,,,,schemas/reference-data/TACATDP_RefWards.csv
tacatdp,ward,2438,Buhingo,Buhingo,active,2438,district,112,,16,112,,,,schemas/reference-data/TACATDP_RefWards.csv
tacatdp,ward,2439,Kasololo,Kasololo,active,2439,district,112,,16,112,,,,schemas/reference-data/TACATDP_RefWards.csv
tacatdp,ward,2440,Kijima,Kijima,active,2440,district,112,,16,112,,,,schemas/reference-data/TACATDP_RefWards.csv
tacatdp,ward,2441,Sumbugu,Sumbugu,active,2441,district,112,,16,112,,,,schemas/reference-data/TACATDP_RefWards.csv
tacatdp,ward,2442,Misungwi,Misungwi,active,2442,district,112,,16,112,,,,schemas/reference-data/TACATDP_RefWards.csv
tacatdp,ward,2443,Mabuki,Mabuki,active,2443,district,112,,16,112,,,,schemas/reference-data/TACATDP_RefWards.csv
tacatdp,ward,2444,Koromije,Koromije,active,2444,district,112,,16,112,,,,schemas/reference-data/TACATDP_RefWards.csv
tacatdp,ward,2445,Mamaye,Mamaye,active,2445,district,112,,16,112,,,,schemas/reference-data/TACATDP_RefWards.csv
tacatdp,ward,2446,Igokelo,Igokelo,active,2446,district,112,,16,112,,,,schemas/reference-data/TACATDP_RefWards.csv
tacatdp,ward,2447,Mwaniko,Mwaniko,active,2447,district,112,,16,112,,,,schemas/reference-data/TACATDP_RefWards.csv
tacatdp,ward,2448,Mondo,Mondo,active,2448,district,112,,16,112,,,,schemas/reference-data/TACATDP_RefWards.csv
tacatdp,ward,2449,Kanyelele,Kanyelele,active,2449,district,112,,16,112,,,,schemas/reference-data/TACATDP_RefWards.csv
tacatdp,ward,2450,Usagara,Usagara,active,2450,district,112,,16,112,,,,schemas/reference-data/TACATDP_RefWards.csv
tacatdp,ward,2451,Fella,Fella,active,2451,district,112,,16,112,,,,schemas/reference-data/TACATDP_RefWards.csv
tacatdp,ward,2452,Ukiriguru,Ukiriguru,active,2452,district,112,,16,112,,,,schemas/reference-data/TACATDP_RefWards.csv
tacatdp,ward,2453,Bulemeji,Bulemeji,active,2453,district,112,,16,112,,,,schemas/reference-data/TACATDP_RefWards.csv
tacatdp,ward,2454,Idetemya,Idetemya,active,2454,district,112,,16,112,,,,schemas/reference-data/TACATDP_RefWards.csv
tacatdp,ward,2455,Buyagu,Buyagu,active,2455,district,113,,16,113,,,,schemas/reference-data/TACATDP_RefWards.csv
tacatdp,ward,2456,Kagunga,Kagunga,active,2456,district,113,,16,113,,,,schemas/reference-data/TACATDP_RefWards.csv
tacatdp,ward,2457,Bitoto,Bitoto,active,2457,district,113,,16,113,,,,schemas/reference-data/TACATDP_RefWards.csv
tacatdp,ward,2458,Igalula,Igalula,active,2458,district,113,,16,113,,,,schemas/reference-data/TACATDP_RefWards.csv
tacatdp,ward,2459,Ngoma,Ngoma,active,2459,district,113,,16,113,,,,schemas/reference-data/TACATDP_RefWards.csv
tacatdp,ward,2460,Kasungamile,Kasungamile,active,2460,district,113,,16,113,,,,schemas/reference-data/TACATDP_RefWards.csv
tacatdp,ward,2461,Chifunfu,Chifunfu,active,2461,district,113,,16,113,,,,schemas/reference-data/TACATDP_RefWards.csv
tacatdp,ward,2462,Katunguru,Katunguru,active,2462,district,113,,16,113,,,,schemas/reference-data/TACATDP_RefWards.csv
tacatdp,ward,2463,Kasenyi,Kasenyi,active,2463,district,113,,16,113,,,,schemas/reference-data/TACATDP_RefWards.csv
tacatdp,ward,2464,Nyamatongo,Nyamatongo,active,2464,district,113,,16,113,,,,schemas/reference-data/TACATDP_RefWards.csv
tacatdp,ward,2465,Nyamazugo,Nyamazugo,active,2465,district,113,,16,113,,,,schemas/reference-data/TACATDP_RefWards.csv
tacatdp,ward,2466,Nyamizeze,Nyamizeze,active,2466,district,113,,16,113,,,,schemas/reference-data/TACATDP_RefWards.csv
tacatdp,ward,2467,Tabaruka,Tabaruka,active,2467,district,113,,16,113,,,,schemas/reference-data/TACATDP_RefWards.csv
tacatdp,ward,2468,Kishinda,Kishinda,active,2468,district,113,,16,113,,,,schemas/reference-data/TACATDP_RefWards.csv
tacatdp,ward,2469,Busisi,Busisi,active,2469,district,113,,16,113,,,,schemas/reference-data/TACATDP_RefWards.csv
tacatdp,ward,2470,Kahumulo,Kahumulo,active,2470,district,113,,16,113,,,,schemas/reference-data/TACATDP_RefWards.csv
tacatdp,ward,2471,Nyampande,Nyampande,active,2471,district,113,,16,113,,,,schemas/reference-data/TACATDP_RefWards.csv
tacatdp,ward,2472,Igulumuki,Igulumuki,active,2472,district,113,,16,113,,,,schemas/reference-data/TACATDP_RefWards.csv
tacatdp,ward,2473,Buzilasoga,Buzilasoga,active,2473,district,113,,16,113,,,,schemas/reference-data/TACATDP_RefWards.csv
tacatdp,ward,2474,Sima,Sima,active,2474,district,113,,16,113,,,,schemas/reference-data/TACATDP_RefWards.csv
tacatdp,ward,2475,Ibisabageni,Ibisabageni,active,2475,district,113,,16,113,,,,schemas/reference-data/TACATDP_RefWards.csv
tacatdp,ward,2476,Nyatukara,Nyatukara,active,2476,district,113,,16,113,,,,schemas/reference-data/TACATDP_RefWards.csv
tacatdp,ward,2477,Mwabaluhi,Mwabaluhi,active,2477,district,113,,16,113,,,,schemas/reference-data/TACATDP_RefWards.csv
tacatdp,ward,2478,Nyampulukano,Nyampulukano,active,2478,district,113,,16,113,,,,schemas/reference-data/TACATDP_RefWards.csv
tacatdp,ward,2479,Mission,Mission,active,2479,district,113,,16,113,,,,schemas/reference-data/TACATDP_RefWards.csv
tacatdp,ward,2480,Ibondo,Ibondo,active,2480,district,113,,16,113,,,,schemas/reference-data/TACATDP_RefWards.csv
tacatdp,ward,2481,Namagondo,Namagondo,active,2481,district,114,,16,114,,,,schemas/reference-data/TACATDP_RefWards.csv
tacatdp,ward,2482,Bukindo,Bukindo,active,2482,district,114,,16,114,,,,schemas/reference-data/TACATDP_RefWards.csv
tacatdp,ward,2483,Irugwa,Irugwa,active,2483,district,114,,16,114,,,,schemas/reference-data/TACATDP_RefWards.csv
tacatdp,ward,2484,Mukituntu,Mukituntu,active,2484,district,114,,16,114,,,,schemas/reference-data/TACATDP_RefWards.csv
tacatdp,ward,2485,Murutunguru,Murutunguru,active,2485,district,114,,16,114,,,,schemas/reference-data/TACATDP_RefWards.csv
tacatdp,ward,2486,Kagunguli,Kagunguli,active,2486,district,114,,16,114,,,,schemas/reference-data/TACATDP_RefWards.csv
tacatdp,ward,2487,Nduruma,Nduruma,active,2487,district,114,,16,114,,,,schemas/reference-data/TACATDP_RefWards.csv
tacatdp,ward,2488,Ilangala,Ilangala,active,2488,district,114,,16,114,,,,schemas/reference-data/TACATDP_RefWards.csv
tacatdp,ward,2489,Kakukuru,Kakukuru,active,2489,district,114,,16,114,,,,schemas/reference-data/TACATDP_RefWards.csv
tacatdp,ward,2490,Bwiro,Bwiro,active,2490,district,114,,16,114,,,,schemas/reference-data/TACATDP_RefWards.csv
tacatdp,ward,2491,Muriti,Muriti,active,2491,district,114,,16,114,,,,schemas/reference-data/TACATDP_RefWards.csv
tacatdp,ward,2492,Igalla,Igalla,active,2492,district,114,,16,114,,,,schemas/reference-data/TACATDP_RefWards.csv
tacatdp,ward,2493,Namilembe,Namilembe,active,2493,district,114,,16,114,,,,schemas/reference-data/TACATDP_RefWards.csv
tacatdp,ward,2494,Bwisya,Bwisya,active,2494,district,114,,16,114,,,,schemas/reference-data/TACATDP_RefWards.csv
tacatdp,ward,2495,Bukiko,Bukiko,active,2495,district,114,,16,114,,,,schemas/reference-data/TACATDP_RefWards.csv
tacatdp,ward,2496,Bukungu,Bukungu,active,2496,district,114,,16,114,,,,schemas/reference-data/TACATDP_RefWards.csv
tacatdp,ward,2497,Nyamanga,Nyamanga,active,2497,district,114,,16,114,,,,schemas/reference-data/TACATDP_RefWards.csv
tacatdp,ward,2498,Nakatunguru,Nakatunguru,active,2498,district,114,,16,114,,,,schemas/reference-data/TACATDP_RefWards.csv
tacatdp,ward,2499,Kakerege,Kakerege,active,2499,district,114,,16,114,,,,schemas/reference-data/TACATDP_RefWards.csv
tacatdp,ward,2500,Ngoma,Ngoma,active,2500,district,114,,16,114,,,,schemas/reference-data/TACATDP_RefWards.csv
tacatdp,ward,2501,Bukongo,Bukongo,active,2501,district,114,,16,114,,,,schemas/reference-data/TACATDP_RefWards.csv
tacatdp,ward,2502,Nkilizya,Nkilizya,active,2502,district,114,,16,114,,,,schemas/reference-data/TACATDP_RefWards.csv
tacatdp,ward,2503,Kagera,Kagera,active,2503,district,114,,16,114,,,,schemas/reference-data/TACATDP_RefWards.csv
tacatdp,ward,2504,Bukanda,Bukanda,active,2504,district,114,,16,114,,,,schemas/reference-data/TACATDP_RefWards.csv
tacatdp,ward,2505,Nansio,Nansio,active,2505,district,114,,16,114,,,,schemas/reference-data/TACATDP_RefWards.csv
tacatdp,ward,2506,Makambako,Makambako,active,2506,district,115,,17,115,,,,schemas/reference-data/TACATDP_RefWards.csv
tacatdp,ward,2507,Maguvani,Maguvani,active,2507,district,115,,17,115,,,,schemas/reference-data/TACATDP_RefWards.csv
tacatdp,ward,2508,Mlowa,Mlowa,active,2508,district,115,,17,115,,,,schemas/reference-data/TACATDP_RefWards.csv
tacatdp,ward,2509,Mwembetogwa,Mwembetogwa,active,2509,district,115,,17,115,,,,schemas/reference-data/TACATDP_RefWards.csv
tacatdp,ward,2510,Majengo,Majengo,active,2510,district,115,,17,115,,,,schemas/reference-data/TACATDP_RefWards.csv
tacatdp,ward,2511,Lyamkena,Lyamkena,active,2511,district,115,,17,115,,,,schemas/reference-data/TACATDP_RefWards.csv
tacatdp,ward,2512,Mjimwema,Mjimwema,active,2512,district,115,,17,115,,,,schemas/reference-data/TACATDP_RefWards.csv
tacatdp,ward,2513,Kitisi,Kitisi,active,2513,district,115,,17,115,,,,schemas/reference-data/TACATDP_RefWards.csv
tacatdp,ward,2514,Kivavi,Kivavi,active,2514,district,115,,17,115,,,,schemas/reference-data/TACATDP_RefWards.csv
tacatdp,ward,2515,Kitandililo,Kitandililo,active,2515,district,115,,17,115,,,,schemas/reference-data/TACATDP_RefWards.csv
tacatdp,ward,2516,Mahongole,Mahongole,active,2516,district,115,,17,115,,,,schemas/reference-data/TACATDP_RefWards.csv
tacatdp,ward,2517,Utengule,Utengule,active,2517,district,115,,17,115,,,,schemas/reference-data/TACATDP_RefWards.csv
tacatdp,ward,2518,Njombe Mjini,Njombe Mjini,active,2518,district,116,,17,116,,,,schemas/reference-data/TACATDP_RefWards.csv
tacatdp,ward,2519,Ramadhani,Ramadhani,active,2519,district,116,,17,116,,,,schemas/reference-data/TACATDP_RefWards.csv
tacatdp,ward,2520,Mjimwema,Mjimwema,active,2520,district,116,,17,116,,,,schemas/reference-data/TACATDP_RefWards.csv
tacatdp,ward,2521,Uwemba,Uwemba,active,2521,district,116,,17,116,,,,schemas/reference-data/TACATDP_RefWards.csv
tacatdp,ward,2522,Kifanya,Kifanya,active,2522,district,116,,17,116,,,,schemas/reference-data/TACATDP_RefWards.csv
tacatdp,ward,2523,Makowo,Makowo,active,2523,district,116,,17,116,,,,schemas/reference-data/TACATDP_RefWards.csv
tacatdp,ward,2524,Matola,Matola,active,2524,district,116,,17,116,,,,schemas/reference-data/TACATDP_RefWards.csv
tacatdp,ward,2525,Yakobi,Yakobi,active,2525,district,116,,17,116,,,,schemas/reference-data/TACATDP_RefWards.csv
tacatdp,ward,2526,Iwungilo,Iwungilo,active,2526,district,116,,17,116,,,,schemas/reference-data/TACATDP_RefWards.csv
tacatdp,ward,2527,Lugenge,Lugenge,active,2527,district,116,,17,116,,,,schemas/reference-data/TACATDP_RefWards.csv
tacatdp,ward,2528,Ihanga,Ihanga,active,2528,district,116,,17,116,,,,schemas/reference-data/TACATDP_RefWards.csv
tacatdp,ward,2529,Utalingoro,Utalingoro,active,2529,district,116,,17,116,,,,schemas/reference-data/TACATDP_RefWards.csv
tacatdp,ward,2530,Luponde,Luponde,active,2530,district,116,,17,116,,,,schemas/reference-data/TACATDP_RefWards.csv
tacatdp,ward,2531,Ludewa,Ludewa,active,2531,district,117,,17,117,,,,schemas/reference-data/TACATDP_RefWards.csv
tacatdp,ward,2532,Luana,Luana,active,2532,district,117,,17,117,,,,schemas/reference-data/TACATDP_RefWards.csv
tacatdp,ward,2533,Mawengi,Mawengi,active,2533,district,117,,17,117,,,,schemas/reference-data/TACATDP_RefWards.csv
tacatdp,ward,2534,Ibumi,Ibumi,active,2534,district,117,,17,117,,,,schemas/reference-data/TACATDP_RefWards.csv
tacatdp,ward,2535,Lugarawa,Lugarawa,active,2535,district,117,,17,117,,,,schemas/reference-data/TACATDP_RefWards.csv
tacatdp,ward,2536,Mundindi,Mundindi,active,2536,district,117,,17,117,,,,schemas/reference-data/TACATDP_RefWards.csv
tacatdp,ward,2537,Mavanga,Mavanga,active,2537,district,117,,17,117,,,,schemas/reference-data/TACATDP_RefWards.csv
tacatdp,ward,2538,Madilu,Madilu,active,2538,district,117,,17,117,,,,schemas/reference-data/TACATDP_RefWards.csv
tacatdp,ward,2539,Mkongobaki,Mkongobaki,active,2539,district,117,,17,117,,,,schemas/reference-data/TACATDP_RefWards.csv
tacatdp,ward,2540,Ludende,Ludende,active,2540,district,117,,17,117,,,,schemas/reference-data/TACATDP_RefWards.csv
tacatdp,ward,2541,Milo,Milo,active,2541,district,117,,17,117,,,,schemas/reference-data/TACATDP_RefWards.csv
tacatdp,ward,2542,Lupanga,Lupanga,active,2542,district,117,,17,117,,,,schemas/reference-data/TACATDP_RefWards.csv
tacatdp,ward,2543,Mlangali,Mlangali,active,2543,district,117,,17,117,,,,schemas/reference-data/TACATDP_RefWards.csv
tacatdp,ward,2544,Lubonde,Lubonde,active,2544,district,117,,17,117,,,,schemas/reference-data/TACATDP_RefWards.csv
tacatdp,ward,2545,Madope,Madope,active,2545,district,117,,17,117,,,,schemas/reference-data/TACATDP_RefWards.csv
tacatdp,ward,2546,Manda,Manda,active,2546,district,117,,17,117,,,,schemas/reference-data/TACATDP_RefWards.csv
tacatdp,ward,2547,Masasi,Masasi,active,2547,district,117,,17,117,,,,schemas/reference-data/TACATDP_RefWards.csv
tacatdp,ward,2548,Ruhuhu,Ruhuhu,active,2548,district,117,,17,117,,,,schemas/reference-data/TACATDP_RefWards.csv
tacatdp,ward,2549,Nkomang'ombe,Nkomang'ombe,active,2549,district,117,,17,117,,,,schemas/reference-data/TACATDP_RefWards.csv
tacatdp,ward,2550,Luilo,Luilo,active,2550,district,117,,17,117,,,,schemas/reference-data/TACATDP_RefWards.csv
tacatdp,ward,2551,Iwela,Iwela,active,2551,district,117,,17,117,,,,schemas/reference-data/TACATDP_RefWards.csv
tacatdp,ward,2552,Makonde,Makonde,active,2552,district,117,,17,117,,,,schemas/reference-data/TACATDP_RefWards.csv
tacatdp,ward,2553,Lifuma,Lifuma,active,2553,district,117,,17,117,,,,schemas/reference-data/TACATDP_RefWards.csv
tacatdp,ward,2554,Lumbila,Lumbila,active,2554,district,117,,17,117,,,,schemas/reference-data/TACATDP_RefWards.csv
tacatdp,ward,2555,Kilondo,Kilondo,active,2555,district,117,,17,117,,,,schemas/reference-data/TACATDP_RefWards.csv
tacatdp,ward,2556,Lupingu,Lupingu,active,2556,district,117,,17,117,,,,schemas/reference-data/TACATDP_RefWards.csv
tacatdp,ward,2557,Ikondo,Ikondo,active,2557,district,118,,17,118,,,,schemas/reference-data/TACATDP_RefWards.csv
tacatdp,ward,2558,Ukalawa,Ukalawa,active,2558,district,118,,17,118,,,,schemas/reference-data/TACATDP_RefWards.csv
tacatdp,ward,2559,Lupembe,Lupembe,active,2559,district,118,,17,118,,,,schemas/reference-data/TACATDP_RefWards.csv
tacatdp,ward,2560,Matembwe,Matembwe,active,2560,district,118,,17,118,,,,schemas/reference-data/TACATDP_RefWards.csv
tacatdp,ward,2561,Mfriga,Mfriga,active,2561,district,118,,17,118,,,,schemas/reference-data/TACATDP_RefWards.csv
tacatdp,ward,2562,Idamba,Idamba,active,2562,district,118,,17,118,,,,schemas/reference-data/TACATDP_RefWards.csv
tacatdp,ward,2563,Kidegembye,Kidegembye,active,2563,district,118,,17,118,,,,schemas/reference-data/TACATDP_RefWards.csv
tacatdp,ward,2564,Mtwango,Mtwango,active,2564,district,118,,17,118,,,,schemas/reference-data/TACATDP_RefWards.csv
tacatdp,ward,2565,Ikuna,Ikuna,active,2565,district,118,,17,118,,,,schemas/reference-data/TACATDP_RefWards.csv
tacatdp,ward,2566,Ninga,Ninga,active,2566,district,118,,17,118,,,,schemas/reference-data/TACATDP_RefWards.csv
tacatdp,ward,2567,Igongolo,Igongolo,active,2567,district,118,,17,118,,,,schemas/reference-data/TACATDP_RefWards.csv
tacatdp,ward,2568,Kichiwa,Kichiwa,active,2568,district,118,,17,118,,,,schemas/reference-data/TACATDP_RefWards.csv
tacatdp,ward,2569,Kipagalo,Kipagalo,active,2569,district,119,,17,119,,,,schemas/reference-data/TACATDP_RefWards.csv
tacatdp,ward,2570,Luwumbu,Luwumbu,active,2570,district,119,,17,119,,,,schemas/reference-data/TACATDP_RefWards.csv
tacatdp,ward,2571,Bulongwa,Bulongwa,active,2571,district,119,,17,119,,,,schemas/reference-data/TACATDP_RefWards.csv
tacatdp,ward,2572,Ukwama,Ukwama,active,2572,district,119,,17,119,,,,schemas/reference-data/TACATDP_RefWards.csv
tacatdp,ward,2573,Lupila,Lupila,active,2573,district,119,,17,119,,,,schemas/reference-data/TACATDP_RefWards.csv
tacatdp,ward,2574,Ipepo,Ipepo,active,2574,district,119,,17,119,,,,schemas/reference-data/TACATDP_RefWards.csv
tacatdp,ward,2575,Mbalatse,Mbalatse,active,2575,district,119,,17,119,,,,schemas/reference-data/TACATDP_RefWards.csv
tacatdp,ward,2576,Iniho,Iniho,active,2576,district,119,,17,119,,,,schemas/reference-data/TACATDP_RefWards.csv
tacatdp,ward,2577,Ipelele,Ipelele,active,2577,district,119,,17,119,,,,schemas/reference-data/TACATDP_RefWards.csv
tacatdp,ward,2578,Kigulu,Kigulu,active,2578,district,119,,17,119,,,,schemas/reference-data/TACATDP_RefWards.csv
tacatdp,ward,2579,Matamba,Matamba,active,2579,district,119,,17,119,,,,schemas/reference-data/TACATDP_RefWards.csv
tacatdp,ward,2580,Kinyika,Kinyika,active,2580,district,119,,17,119,,,,schemas/reference-data/TACATDP_RefWards.csv
tacatdp,ward,2581,Kitulo,Kitulo,active,2581,district,119,,17,119,,,,schemas/reference-data/TACATDP_RefWards.csv
tacatdp,ward,2582,Itundu,Itundu,active,2582,district,119,,17,119,,,,schemas/reference-data/TACATDP_RefWards.csv
tacatdp,ward,2583,Mlondwe,Mlondwe,active,2583,district,119,,17,119,,,,schemas/reference-data/TACATDP_RefWards.csv
tacatdp,ward,2584,Ikuwo,Ikuwo,active,2584,district,119,,17,119,,,,schemas/reference-data/TACATDP_RefWards.csv
tacatdp,ward,2585,Kigala,Kigala,active,2585,district,119,,17,119,,,,schemas/reference-data/TACATDP_RefWards.csv
tacatdp,ward,2586,Mfumbi,Mfumbi,active,2586,district,119,,17,119,,,,schemas/reference-data/TACATDP_RefWards.csv
tacatdp,ward,2587,Tandala,Tandala,active,2587,district,119,,17,119,,,,schemas/reference-data/TACATDP_RefWards.csv
tacatdp,ward,2588,Mang'oto,Mang'oto,active,2588,district,119,,17,119,,,,schemas/reference-data/TACATDP_RefWards.csv
tacatdp,ward,2589,Isapulano,Isapulano,active,2589,district,119,,17,119,,,,schemas/reference-data/TACATDP_RefWards.csv
tacatdp,ward,2590,Lupalilo,Lupalilo,active,2590,district,119,,17,119,,,,schemas/reference-data/TACATDP_RefWards.csv
tacatdp,ward,2591,Iwawa,Iwawa,active,2591,district,119,,17,119,,,,schemas/reference-data/TACATDP_RefWards.csv
tacatdp,ward,2592,Mdandu,Mdandu,active,2592,district,120,,17,120,,,,schemas/reference-data/TACATDP_RefWards.csv
tacatdp,ward,2593,Itulahumba,Itulahumba,active,2593,district,120,,17,120,,,,schemas/reference-data/TACATDP_RefWards.csv
tacatdp,ward,2594,Igima,Igima,active,2594,district,120,,17,120,,,,schemas/reference-data/TACATDP_RefWards.csv
tacatdp,ward,2595,Igwachanya,Igwachanya,active,2595,district,120,,17,120,,,,schemas/reference-data/TACATDP_RefWards.csv
tacatdp,ward,2596,Usuka,Usuka,active,2596,district,120,,17,120,,,,schemas/reference-data/TACATDP_RefWards.csv
tacatdp,ward,2597,Luduga,Luduga,active,2597,district,120,,17,120,,,,schemas/reference-data/TACATDP_RefWards.csv
tacatdp,ward,2598,Malangali,Malangali,active,2598,district,120,,17,120,,,,schemas/reference-data/TACATDP_RefWards.csv
tacatdp,ward,2599,Wanging'ombe,Wanging'ombe,active,2599,district,120,,17,120,,,,schemas/reference-data/TACATDP_RefWards.csv
tacatdp,ward,2600,Uhambule,Uhambule,active,2600,district,120,,17,120,,,,schemas/reference-data/TACATDP_RefWards.csv
tacatdp,ward,2601,Kijombe,Kijombe,active,2601,district,120,,17,120,,,,schemas/reference-data/TACATDP_RefWards.csv
tacatdp,ward,2602,Saja,Saja,active,2602,district,120,,17,120,,,,schemas/reference-data/TACATDP_RefWards.csv
tacatdp,ward,2603,Uhenga,Uhenga,active,2603,district,120,,17,120,,,,schemas/reference-data/TACATDP_RefWards.csv
tacatdp,ward,2604,Ilembula,Ilembula,active,2604,district,120,,17,120,,,,schemas/reference-data/TACATDP_RefWards.csv
tacatdp,ward,2605,Udonja,Udonja,active,2605,district,120,,17,120,,,,schemas/reference-data/TACATDP_RefWards.csv
tacatdp,ward,2606,Wangama,Wangama,active,2606,district,120,,17,120,,,,schemas/reference-data/TACATDP_RefWards.csv
tacatdp,ward,2607,Ulembwe,Ulembwe,active,2607,district,120,,17,120,,,,schemas/reference-data/TACATDP_RefWards.csv
tacatdp,ward,2608,Imalinyi,Imalinyi,active,2608,district,120,,17,120,,,,schemas/reference-data/TACATDP_RefWards.csv
tacatdp,ward,2609,Kidugala,Kidugala,active,2609,district,120,,17,120,,,,schemas/reference-data/TACATDP_RefWards.csv
tacatdp,ward,2610,Igosi,Igosi,active,2610,district,120,,17,120,,,,schemas/reference-data/TACATDP_RefWards.csv
tacatdp,ward,2611,Makoga,Makoga,active,2611,district,120,,17,120,,,,schemas/reference-data/TACATDP_RefWards.csv
tacatdp,ward,2612,Kipengele,Kipengele,active,2612,district,120,,17,120,,,,schemas/reference-data/TACATDP_RefWards.csv
tacatdp,ward,2613,Pangani,Pangani,active,2613,district,121,,18,121,,,,schemas/reference-data/TACATDP_RefWards.csv
tacatdp,ward,2614,Mailimoja,Mailimoja,active,2614,district,121,,18,121,,,,schemas/reference-data/TACATDP_RefWards.csv
tacatdp,ward,2615,Tangini,Tangini,active,2615,district,121,,18,121,,,,schemas/reference-data/TACATDP_RefWards.csv
tacatdp,ward,2616,Tumbi,Tumbi,active,2616,district,121,,18,121,,,,schemas/reference-data/TACATDP_RefWards.csv
tacatdp,ward,2617,Picha ya ndege,Picha ya ndege,active,2617,district,121,,18,121,,,,schemas/reference-data/TACATDP_RefWards.csv
tacatdp,ward,2618,Sofu,Sofu,active,2618,district,121,,18,121,,,,schemas/reference-data/TACATDP_RefWards.csv
tacatdp,ward,2619,Mkuza,Mkuza,active,2619,district,121,,18,121,,,,schemas/reference-data/TACATDP_RefWards.csv
tacatdp,ward,2620,Msangani,Msangani,active,2620,district,121,,18,121,,,,schemas/reference-data/TACATDP_RefWards.csv
tacatdp,ward,2621,Kibaha,Kibaha,active,2621,district,121,,18,121,,,,schemas/reference-data/TACATDP_RefWards.csv
tacatdp,ward,2622,Kongowe,Kongowe,active,2622,district,121,,18,121,,,,schemas/reference-data/TACATDP_RefWards.csv
tacatdp,ward,2623,Viziwa ziwa,Viziwa ziwa,active,2623,district,121,,18,121,,,,schemas/reference-data/TACATDP_RefWards.csv
tacatdp,ward,2624,Misugusugu,Misugusugu,active,2624,district,121,,18,121,,,,schemas/reference-data/TACATDP_RefWards.csv
tacatdp,ward,2625,Visiga,Visiga,active,2625,district,121,,18,121,,,,schemas/reference-data/TACATDP_RefWards.csv
tacatdp,ward,2626,Mbwawa,Mbwawa,active,2626,district,121,,18,121,,,,schemas/reference-data/TACATDP_RefWards.csv
tacatdp,ward,2627,Yombo,Yombo,active,2627,district,122,,18,122,,,,schemas/reference-data/TACATDP_RefWards.csv
tacatdp,ward,2628,Fukayosi,Fukayosi,active,2628,district,122,,18,122,,,,schemas/reference-data/TACATDP_RefWards.csv
tacatdp,ward,2629,Zinga,Zinga,active,2629,district,122,,18,122,,,,schemas/reference-data/TACATDP_RefWards.csv
tacatdp,ward,2630,Kerege,Kerege,active,2630,district,122,,18,122,,,,schemas/reference-data/TACATDP_RefWards.csv
tacatdp,ward,2631,Mapinga,Mapinga,active,2631,district,122,,18,122,,,,schemas/reference-data/TACATDP_RefWards.csv
tacatdp,ward,2632,Kiromo,Kiromo,active,2632,district,122,,18,122,,,,schemas/reference-data/TACATDP_RefWards.csv
tacatdp,ward,2633,Dunda,Dunda,active,2633,district,122,,18,122,,,,schemas/reference-data/TACATDP_RefWards.csv
tacatdp,ward,2634,Magomeni,Magomeni,active,2634,district,122,,18,122,,,,schemas/reference-data/TACATDP_RefWards.csv
tacatdp,ward,2635,Nianjema,Nianjema,active,2635,district,122,,18,122,,,,schemas/reference-data/TACATDP_RefWards.csv
tacatdp,ward,2636,Kisutu,Kisutu,active,2636,district,122,,18,122,,,,schemas/reference-data/TACATDP_RefWards.csv
tacatdp,ward,2637,Makurunge,Makurunge,active,2637,district,122,,18,122,,,,schemas/reference-data/TACATDP_RefWards.csv
tacatdp,ward,2638,Msata,Msata,active,2638,district,123,,18,123,,,,schemas/reference-data/TACATDP_RefWards.csv
tacatdp,ward,2639,Kiwangwa,Kiwangwa,active,2639,district,123,,18,123,,,,schemas/reference-data/TACATDP_RefWards.csv
tacatdp,ward,2640,Mbwewe,Mbwewe,active,2640,district,123,,18,123,,,,schemas/reference-data/TACATDP_RefWards.csv
tacatdp,ward,2641,Kimange,Kimange,active,2641,district,123,,18,123,,,,schemas/reference-data/TACATDP_RefWards.csv
tacatdp,ward,2642,Kibindu,Kibindu,active,2642,district,123,,18,123,,,,schemas/reference-data/TACATDP_RefWards.csv
tacatdp,ward,2643,Miono,Miono,active,2643,district,123,,18,123,,,,schemas/reference-data/TACATDP_RefWards.csv
tacatdp,ward,2644,Mandera,Mandera,active,2644,district,123,,18,123,,,,schemas/reference-data/TACATDP_RefWards.csv
tacatdp,ward,2645,Mkange,Mkange,active,2645,district,123,,18,123,,,,schemas/reference-data/TACATDP_RefWards.csv
tacatdp,ward,2646,Lugoba,Lugoba,active,2646,district,123,,18,123,,,,schemas/reference-data/TACATDP_RefWards.csv
tacatdp,ward,2647,Msoga,Msoga,active,2647,district,123,,18,123,,,,schemas/reference-data/TACATDP_RefWards.csv
tacatdp,ward,2648,Talawanda,Talawanda,active,2648,district,123,,18,123,,,,schemas/reference-data/TACATDP_RefWards.csv
tacatdp,ward,2649,Vigwaza,Vigwaza,active,2649,district,123,,18,123,,,,schemas/reference-data/TACATDP_RefWards.csv
tacatdp,ward,2650,Ubenazomozi,Ubenazomozi,active,2650,district,123,,18,123,,,,schemas/reference-data/TACATDP_RefWards.csv
tacatdp,ward,2651,Pera,Pera,active,2651,district,123,,18,123,,,,schemas/reference-data/TACATDP_RefWards.csv
tacatdp,ward,2652,Bwilingu,Bwilingu,active,2652,district,123,,18,123,,,,schemas/reference-data/TACATDP_RefWards.csv
tacatdp,ward,2653,Ruvu,Ruvu,active,2653,district,124,,18,124,,,,schemas/reference-data/TACATDP_RefWards.csv
tacatdp,ward,2654,Kwala,Kwala,active,2654,district,124,,18,124,,,,schemas/reference-data/TACATDP_RefWards.csv
tacatdp,ward,2655,Dutumi,Dutumi,active,2655,district,124,,18,124,,,,schemas/reference-data/TACATDP_RefWards.csv
tacatdp,ward,2656,Gwata,Gwata,active,2656,district,124,,18,124,,,,schemas/reference-data/TACATDP_RefWards.csv
tacatdp,ward,2657,Magindu,Magindu,active,2657,district,124,,18,124,,,,schemas/reference-data/TACATDP_RefWards.csv
tacatdp,ward,2658,Bokomnemela,Bokomnemela,active,2658,district,124,,18,124,,,,schemas/reference-data/TACATDP_RefWards.csv
tacatdp,ward,2659,Soga,Soga,active,2659,district,124,,18,124,,,,schemas/reference-data/TACATDP_RefWards.csv
tacatdp,ward,2660,Mlandizi,Mlandizi,active,2660,district,124,,18,124,,,,schemas/reference-data/TACATDP_RefWards.csv
tacatdp,ward,2661,Mtambani,Mtambani,active,2661,district,124,,18,124,,,,schemas/reference-data/TACATDP_RefWards.csv
tacatdp,ward,2662,Kilangalanga,Kilangalanga,active,2662,district,124,,18,124,,,,schemas/reference-data/TACATDP_RefWards.csv
tacatdp,ward,2663,Mtongani,Mtongani,active,2663,district,124,,18,124,,,,schemas/reference-data/TACATDP_RefWards.csv
tacatdp,ward,2664,Kawawa,Kawawa,active,2664,district,124,,18,124,,,,schemas/reference-data/TACATDP_RefWards.csv
tacatdp,ward,2665,Janga,Janga,active,2665,district,124,,18,124,,,,schemas/reference-data/TACATDP_RefWards.csv
tacatdp,ward,2666,Kikongo,Kikongo,active,2666,district,124,,18,124,,,,schemas/reference-data/TACATDP_RefWards.csv
tacatdp,ward,2667,Kiongoroni,Kiongoroni,active,2667,district,125,,18,125,,,,schemas/reference-data/TACATDP_RefWards.csv
tacatdp,ward,2668,Maparoni,Maparoni,active,2668,district,125,,18,125,,,,schemas/reference-data/TACATDP_RefWards.csv
tacatdp,ward,2669,Mbuchi,Mbuchi,active,2669,district,125,,18,125,,,,schemas/reference-data/TACATDP_RefWards.csv
tacatdp,ward,2670,Msala,Msala,active,2670,district,125,,18,125,,,,schemas/reference-data/TACATDP_RefWards.csv
tacatdp,ward,2671,Salale,Salale,active,2671,district,125,,18,125,,,,schemas/reference-data/TACATDP_RefWards.csv
tacatdp,ward,2672,Mtunda,Mtunda,active,2672,district,125,,18,125,,,,schemas/reference-data/TACATDP_RefWards.csv
tacatdp,ward,2673,Ruaruke,Ruaruke,active,2673,district,125,,18,125,,,,schemas/reference-data/TACATDP_RefWards.csv
tacatdp,ward,2674,Mlanzi,Mlanzi,active,2674,district,125,,18,125,,,,schemas/reference-data/TACATDP_RefWards.csv
tacatdp,ward,2675,Mahege,Mahege,active,2675,district,125,,18,125,,,,schemas/reference-data/TACATDP_RefWards.csv
tacatdp,ward,2676,Mchukwi,Mchukwi,active,2676,district,125,,18,125,,,,schemas/reference-data/TACATDP_RefWards.csv
tacatdp,ward,2677,Mjawa,Mjawa,active,2677,district,125,,18,125,,,,schemas/reference-data/TACATDP_RefWards.csv
tacatdp,ward,2678,Mwambao,Mwambao,active,2678,district,125,,18,125,,,,schemas/reference-data/TACATDP_RefWards.csv
tacatdp,ward,2679,Bungu,Bungu,active,2679,district,125,,18,125,,,,schemas/reference-data/TACATDP_RefWards.csv
tacatdp,ward,2680,Kibiti,Kibiti,active,2680,district,125,,18,125,,,,schemas/reference-data/TACATDP_RefWards.csv
tacatdp,ward,2681,Mtawanya,Mtawanya,active,2681,district,125,,18,125,,,,schemas/reference-data/TACATDP_RefWards.csv
tacatdp,ward,2682,Dimani,Dimani,active,2682,district,125,,18,125,,,,schemas/reference-data/TACATDP_RefWards.csv
tacatdp,ward,2683,Mzenga,Mzenga,active,2683,district,126,,18,126,,,,schemas/reference-data/TACATDP_RefWards.csv
tacatdp,ward,2684,Vihingo,Vihingo,active,2684,district,126,,18,126,,,,schemas/reference-data/TACATDP_RefWards.csv
tacatdp,ward,2685,Kurui,Kurui,active,2685,district,126,,18,126,,,,schemas/reference-data/TACATDP_RefWards.csv
tacatdp,ward,2686,Mafizi,Mafizi,active,2686,district,126,,18,126,,,,schemas/reference-data/TACATDP_RefWards.csv
tacatdp,ward,2687,Chole,Chole,active,2687,district,126,,18,126,,,,schemas/reference-data/TACATDP_RefWards.csv
tacatdp,ward,2688,Marui,Marui,active,2688,district,126,,18,126,,,,schemas/reference-data/TACATDP_RefWards.csv
tacatdp,ward,2689,Vikumburu,Vikumburu,active,2689,district,126,,18,126,,,,schemas/reference-data/TACATDP_RefWards.csv
tacatdp,ward,2690,Maneromango,Maneromango,active,2690,district,126,,18,126,,,,schemas/reference-data/TACATDP_RefWards.csv
tacatdp,ward,2691,Boga,Boga,active,2691,district,126,,18,126,,,,schemas/reference-data/TACATDP_RefWards.csv
tacatdp,ward,2692,Msanga,Msanga,active,2692,district,126,,18,126,,,,schemas/reference-data/TACATDP_RefWards.csv
tacatdp,ward,2693,Marumbo,Marumbo,active,2693,district,126,,18,126,,,,schemas/reference-data/TACATDP_RefWards.csv
tacatdp,ward,2694,Kibuta,Kibuta,active,2694,district,126,,18,126,,,,schemas/reference-data/TACATDP_RefWards.csv
tacatdp,ward,2695,Masaki,Masaki,active,2695,district,126,,18,126,,,,schemas/reference-data/TACATDP_RefWards.csv
tacatdp,ward,2696,Kisarawe,Kisarawe,active,2696,district,126,,18,126,,,,schemas/reference-data/TACATDP_RefWards.csv
tacatdp,ward,2697,Kazimzumbwi,Kazimzumbwi,active,2697,district,126,,18,126,,,,schemas/reference-data/TACATDP_RefWards.csv
tacatdp,ward,2698,Kiluvya,Kiluvya,active,2698,district,126,,18,126,,,,schemas/reference-data/TACATDP_RefWards.csv
tacatdp,ward,2699,Msimbu,Msimbu,active,2699,district,126,,18,126,,,,schemas/reference-data/TACATDP_RefWards.csv
tacatdp,ward,2700,Kanga,Kanga,active,2700,district,127,,18,127,,,,schemas/reference-data/TACATDP_RefWards.csv
tacatdp,ward,2701,Kirongwe,Kirongwe,active,2701,district,127,,18,127,,,,schemas/reference-data/TACATDP_RefWards.csv
tacatdp,ward,2702,Baleni,Baleni,active,2702,district,127,,18,127,,,,schemas/reference-data/TACATDP_RefWards.csv
tacatdp,ward,2703,Ndagoni,Ndagoni,active,2703,district,127,,18,127,,,,schemas/reference-data/TACATDP_RefWards.csv
tacatdp,ward,2704,Miburani,Miburani,active,2704,district,127,,18,127,,,,schemas/reference-data/TACATDP_RefWards.csv
tacatdp,ward,2705,Kilindoni,Kilindoni,active,2705,district,127,,18,127,,,,schemas/reference-data/TACATDP_RefWards.csv
tacatdp,ward,2706,Kiegeani,Kiegeani,active,2706,district,127,,18,127,,,,schemas/reference-data/TACATDP_RefWards.csv
tacatdp,ward,2707,Jibondo,Jibondo,active,2707,district,127,,18,127,,,,schemas/reference-data/TACATDP_RefWards.csv
tacatdp,ward,2708,Mbezi,Mbezi,active,2708,district,128,,18,128,,,,schemas/reference-data/TACATDP_RefWards.csv
tacatdp,ward,2709,Shungubweni,Shungubweni,active,2709,district,128,,18,128,,,,schemas/reference-data/TACATDP_RefWards.csv
tacatdp,ward,2710,Kisiju,Kisiju,active,2710,district,128,,18,128,,,,schemas/reference-data/TACATDP_RefWards.csv
tacatdp,ward,2711,Dondo,Dondo,active,2711,district,128,,18,128,,,,schemas/reference-data/TACATDP_RefWards.csv
tacatdp,ward,2712,Kitomondo,Kitomondo,active,2712,district,128,,18,128,,,,schemas/reference-data/TACATDP_RefWards.csv
tacatdp,ward,2713,Magawa,Magawa,active,2713,district,128,,18,128,,,,schemas/reference-data/TACATDP_RefWards.csv
tacatdp,ward,2714,Msonga,Msonga,active,2714,district,128,,18,128,,,,schemas/reference-data/TACATDP_RefWards.csv
tacatdp,ward,2715,Lukanga,Lukanga,active,2715,district,128,,18,128,,,,schemas/reference-data/TACATDP_RefWards.csv
tacatdp,ward,2716,Njianne,Njianne,active,2716,district,128,,18,128,,,,schemas/reference-data/TACATDP_RefWards.csv
tacatdp,ward,2717,Mkamba,Mkamba,active,2717,district,128,,18,128,,,,schemas/reference-data/TACATDP_RefWards.csv
tacatdp,ward,2718,Kisegese,Kisegese,active,2718,district,128,,18,128,,,,schemas/reference-data/TACATDP_RefWards.csv
tacatdp,ward,2719,Panzuo,Panzuo,active,2719,district,128,,18,128,,,,schemas/reference-data/TACATDP_RefWards.csv
tacatdp,ward,2720,Nyamato,Nyamato,active,2720,district,128,,18,128,,,,schemas/reference-data/TACATDP_RefWards.csv
tacatdp,ward,2721,Kimanzichana,Kimanzichana,active,2721,district,128,,18,128,,,,schemas/reference-data/TACATDP_RefWards.csv
tacatdp,ward,2722,Beta,Beta,active,2722,district,128,,18,128,,,,schemas/reference-data/TACATDP_RefWards.csv
tacatdp,ward,2723,Bupu,Bupu,active,2723,district,128,,18,128,,,,schemas/reference-data/TACATDP_RefWards.csv
tacatdp,ward,2724,Mwarusembe,Mwarusembe,active,2724,district,128,,18,128,,,,schemas/reference-data/TACATDP_RefWards.csv
tacatdp,ward,2725,Mkuranga,Mkuranga,active,2725,district,128,,18,128,,,,schemas/reference-data/TACATDP_RefWards.csv
tacatdp,ward,2726,Tengelea,Tengelea,active,2726,district,128,,18,128,,,,schemas/reference-data/TACATDP_RefWards.csv
tacatdp,ward,2727,Vikindu,Vikindu,active,2727,district,128,,18,128,,,,schemas/reference-data/TACATDP_RefWards.csv
tacatdp,ward,2728,Mwandege,Mwandege,active,2728,district,128,,18,128,,,,schemas/reference-data/TACATDP_RefWards.csv
tacatdp,ward,2729,Tambani,Tambani,active,2729,district,128,,18,128,,,,schemas/reference-data/TACATDP_RefWards.csv
tacatdp,ward,2730,Mipeko,Mipeko,active,2730,district,128,,18,128,,,,schemas/reference-data/TACATDP_RefWards.csv
tacatdp,ward,2731,Kiparang'anda,Kiparang'anda,active,2731,district,128,,18,128,,,,schemas/reference-data/TACATDP_RefWards.csv
tacatdp,ward,2732,Vianzi,Vianzi,active,2732,district,128,,18,128,,,,schemas/reference-data/TACATDP_RefWards.csv
tacatdp,ward,2733,Mgomba,Mgomba,active,2733,district,129,,18,129,,,,schemas/reference-data/TACATDP_RefWards.csv
tacatdp,ward,2734,Ikwiriri,Ikwiriri,active,2734,district,129,,18,129,,,,schemas/reference-data/TACATDP_RefWards.csv
tacatdp,ward,2735,Umwe,Umwe,active,2735,district,129,,18,129,,,,schemas/reference-data/TACATDP_RefWards.csv
tacatdp,ward,2736,Chumbi,Chumbi,active,2736,district,129,,18,129,,,,schemas/reference-data/TACATDP_RefWards.csv
tacatdp,ward,2737,Mohoro,Mohoro,active,2737,district,129,,18,129,,,,schemas/reference-data/TACATDP_RefWards.csv
tacatdp,ward,2738,Ngorongo,Ngorongo,active,2738,district,129,,18,129,,,,schemas/reference-data/TACATDP_RefWards.csv
tacatdp,ward,2739,Kipugira,Kipugira,active,2739,district,129,,18,129,,,,schemas/reference-data/TACATDP_RefWards.csv
tacatdp,ward,2740,Mwaseni,Mwaseni,active,2740,district,129,,18,129,,,,schemas/reference-data/TACATDP_RefWards.csv
tacatdp,ward,2741,Mkongo,Mkongo,active,2741,district,129,,18,129,,,,schemas/reference-data/TACATDP_RefWards.csv
tacatdp,ward,2742,Mbwara,Mbwara,active,2742,district,129,,18,129,,,,schemas/reference-data/TACATDP_RefWards.csv
tacatdp,ward,2743,Utete,Utete,active,2743,district,129,,18,129,,,,schemas/reference-data/TACATDP_RefWards.csv
tacatdp,ward,2744,Chemchem,Chemchem,active,2744,district,129,,18,129,,,,schemas/reference-data/TACATDP_RefWards.csv
tacatdp,ward,2745,Ngarambe,Ngarambe,active,2745,district,129,,18,129,,,,schemas/reference-data/TACATDP_RefWards.csv
tacatdp,ward,2746,Izia,Izia,active,2746,district,130,,19,130,,,,schemas/reference-data/TACATDP_RefWards.csv
tacatdp,ward,2747,,,active,2747,district,130,,19,130,,,,schemas/reference-data/TACATDP_RefWards.csv
tacatdp,ward,2748,Mafulala,Mafulala,active,2748,district,130,,19,130,,,,schemas/reference-data/TACATDP_RefWards.csv
tacatdp,ward,2749,Chanji,Chanji,active,2749,district,130,,19,130,,,,schemas/reference-data/TACATDP_RefWards.csv
tacatdp,ward,2750,Msua,Msua,active,2750,district,130,,19,130,,,,schemas/reference-data/TACATDP_RefWards.csv
tacatdp,ward,2751,Sumbawanga,Sumbawanga,active,2751,district,130,,19,130,,,,schemas/reference-data/TACATDP_RefWards.csv
tacatdp,ward,2752,Momoka,Momoka,active,2752,district,130,,19,130,,,,schemas/reference-data/TACATDP_RefWards.csv
tacatdp,ward,2753,Kizwite,Kizwite,active,2753,district,130,,19,130,,,,schemas/reference-data/TACATDP_RefWards.csv
tacatdp,ward,2754,Lwiche,Lwiche,active,2754,district,130,,19,130,,,,schemas/reference-data/TACATDP_RefWards.csv
tacatdp,ward,2755,Malangali,Malangali,active,2755,district,130,,19,130,,,,schemas/reference-data/TACATDP_RefWards.csv
tacatdp,ward,2756,Majengo,Majengo,active,2756,district,130,,19,130,,,,schemas/reference-data/TACATDP_RefWards.csv
tacatdp,ward,2757,Katandala,Katandala,active,2757,district,130,,19,130,,,,schemas/reference-data/TACATDP_RefWards.csv
tacatdp,ward,2758,Mazwi,Mazwi,active,2758,district,130,,19,130,,,,schemas/reference-data/TACATDP_RefWards.csv
tacatdp,ward,2759,Kasense,Kasense,active,2759,district,130,,19,130,,,,schemas/reference-data/TACATDP_RefWards.csv
tacatdp,ward,2760,Mollo,Mollo,active,2760,district,130,,19,130,,,,schemas/reference-data/TACATDP_RefWards.csv
tacatdp,ward,2761,Senga,Senga,active,2761,district,130,,19,130,,,,schemas/reference-data/TACATDP_RefWards.csv
tacatdp,ward,2762,Matanga,Matanga,active,2762,district,130,,19,130,,,,schemas/reference-data/TACATDP_RefWards.csv
tacatdp,ward,2763,Milanzi,Milanzi,active,2763,district,130,,19,130,,,,schemas/reference-data/TACATDP_RefWards.csv
tacatdp,ward,2764,Ntendo,Ntendo,active,2764,district,130,,19,130,,,,schemas/reference-data/TACATDP_RefWards.csv
tacatdp,ward,2765,Pito,Pito,active,2765,district,130,,19,130,,,,schemas/reference-data/TACATDP_RefWards.csv
tacatdp,ward,2766,Kasanga,Kasanga,active,2766,district,131,,19,131,,,,schemas/reference-data/TACATDP_RefWards.csv
tacatdp,ward,2767,Samazi,Samazi,active,2767,district,131,,19,131,,,,schemas/reference-data/TACATDP_RefWards.csv
tacatdp,ward,2768,Kisumba,Kisumba,active,2768,district,131,,19,131,,,,schemas/reference-data/TACATDP_RefWards.csv
tacatdp,ward,2769,Mpombwe,Mpombwe,active,2769,district,131,,19,131,,,,schemas/reference-data/TACATDP_RefWards.csv
tacatdp,ward,2770,Matai,Matai,active,2770,district,131,,19,131,,,,schemas/reference-data/TACATDP_RefWards.csv
tacatdp,ward,2771,Lyowa,Lyowa,active,2771,district,131,,19,131,,,,schemas/reference-data/TACATDP_RefWards.csv
tacatdp,ward,2772,Mkowe,Mkowe,active,2772,district,131,,19,131,,,,schemas/reference-data/TACATDP_RefWards.csv
tacatdp,ward,2773,Msanzi,Msanzi,active,2773,district,131,,19,131,,,,schemas/reference-data/TACATDP_RefWards.csv
tacatdp,ward,2774,Mbuluma,Mbuluma,active,2774,district,131,,19,131,,,,schemas/reference-data/TACATDP_RefWards.csv
tacatdp,ward,2775,Katete,Katete,active,2775,district,131,,19,131,,,,schemas/reference-data/TACATDP_RefWards.csv
tacatdp,ward,2776,Sopa,Sopa,active,2776,district,131,,19,131,,,,schemas/reference-data/TACATDP_RefWards.csv
tacatdp,ward,2777,Sundu,Sundu,active,2777,district,131,,19,131,,,,schemas/reference-data/TACATDP_RefWards.csv
tacatdp,ward,2778,Mkali,Mkali,active,2778,district,131,,19,131,,,,schemas/reference-data/TACATDP_RefWards.csv
tacatdp,ward,2779,Mwimbi,Mwimbi,active,2779,district,131,,19,131,,,,schemas/reference-data/TACATDP_RefWards.csv
tacatdp,ward,2780,Mnamba,Mnamba,active,2780,district,131,,19,131,,,,schemas/reference-data/TACATDP_RefWards.csv
tacatdp,ward,2781,Ulumi,Ulumi,active,2781,district,131,,19,131,,,,schemas/reference-data/TACATDP_RefWards.csv
tacatdp,ward,2782,Mambwe Nkoswe,Mambwe Nkoswe,active,2782,district,131,,19,131,,,,schemas/reference-data/TACATDP_RefWards.csv
tacatdp,ward,2783,Mambwekenya,Mambwekenya,active,2783,district,131,,19,131,,,,schemas/reference-data/TACATDP_RefWards.csv
tacatdp,ward,2784,Legeza Mwendo,Legeza Mwendo,active,2784,district,131,,19,131,,,,schemas/reference-data/TACATDP_RefWards.csv
tacatdp,ward,2785,Mwazye,Mwazye,active,2785,district,131,,19,131,,,,schemas/reference-data/TACATDP_RefWards.csv
tacatdp,ward,2786,Katazi,Katazi,active,2786,district,131,,19,131,,,,schemas/reference-data/TACATDP_RefWards.csv
tacatdp,ward,2787,Kanyezi,Kanyezi,active,2787,district,131,,19,131,,,,schemas/reference-data/TACATDP_RefWards.csv
tacatdp,ward,2788,,,active,2788,district,131,,19,131,,,,schemas/reference-data/TACATDP_RefWards.csv
tacatdp,ward,2789,Kilesha,Kilesha,active,2789,district,131,,19,131,,,,schemas/reference-data/TACATDP_RefWards.csv
tacatdp,ward,2790,Ilemba,Ilemba,active,2790,district,132,,19,132,,,,schemas/reference-data/TACATDP_RefWards.csv
tacatdp,ward,2791,Nankanga,Nankanga,active,2791,district,132,,19,132,,,,schemas/reference-data/TACATDP_RefWards.csv
tacatdp,ward,2792,Kaoze,Kaoze,active,2792,district,132,,19,132,,,,schemas/reference-data/TACATDP_RefWards.csv
tacatdp,ward,2793,Kapenta,Kapenta,active,2793,district,132,,19,132,,,,schemas/reference-data/TACATDP_RefWards.csv
tacatdp,ward,2794,Kipeta,Kipeta,active,2794,district,132,,19,132,,,,schemas/reference-data/TACATDP_RefWards.csv
tacatdp,ward,2795,Kilangawana,Kilangawana,active,2795,district,132,,19,132,,,,schemas/reference-data/TACATDP_RefWards.csv
tacatdp,ward,2796,Mtowisa,Mtowisa,active,2796,district,132,,19,132,,,,schemas/reference-data/TACATDP_RefWards.csv
tacatdp,ward,2797,Zimba,Zimba,active,2797,district,132,,19,132,,,,schemas/reference-data/TACATDP_RefWards.csv
tacatdp,ward,2798,Muze,Muze,active,2798,district,132,,19,132,,,,schemas/reference-data/TACATDP_RefWards.csv
tacatdp,ward,2799,Kalumbaleza,Kalumbaleza,active,2799,district,132,,19,132,,,,schemas/reference-data/TACATDP_RefWards.csv
tacatdp,ward,2800,Mfinga,Mfinga,active,2800,district,132,,19,132,,,,schemas/reference-data/TACATDP_RefWards.csv
tacatdp,ward,2801,Mwadui,Mwadui,active,2801,district,132,,19,132,,,,schemas/reference-data/TACATDP_RefWards.csv
tacatdp,ward,2802,Milepa,Milepa,active,2802,district,132,,19,132,,,,schemas/reference-data/TACATDP_RefWards.csv
tacatdp,ward,2803,Mpui,Mpui,active,2803,district,132,,19,132,,,,schemas/reference-data/TACATDP_RefWards.csv
tacatdp,ward,2804,Kalambanzite,Kalambanzite,active,2804,district,132,,19,132,,,,schemas/reference-data/TACATDP_RefWards.csv
tacatdp,ward,2805,Ikozi,Ikozi,active,2805,district,132,,19,132,,,,schemas/reference-data/TACATDP_RefWards.csv
tacatdp,ward,2806,Sandulula,Sandulula,active,2806,district,132,,19,132,,,,schemas/reference-data/TACATDP_RefWards.csv
tacatdp,ward,2807,Mpwapwa,Mpwapwa,active,2807,district,132,,19,132,,,,schemas/reference-data/TACATDP_RefWards.csv
tacatdp,ward,2808,Kaengesa,Kaengesa,active,2808,district,132,,19,132,,,,schemas/reference-data/TACATDP_RefWards.csv
tacatdp,ward,2809,Lyangalile,Lyangalile,active,2809,district,132,,19,132,,,,schemas/reference-data/TACATDP_RefWards.csv
tacatdp,ward,2810,Kanda,Kanda,active,2810,district,132,,19,132,,,,schemas/reference-data/TACATDP_RefWards.csv
tacatdp,ward,2811,Msandamuungano,Msandamuungano,active,2811,district,132,,19,132,,,,schemas/reference-data/TACATDP_RefWards.csv
tacatdp,ward,2812,Lusaka,Lusaka,active,2812,district,132,,19,132,,,,schemas/reference-data/TACATDP_RefWards.csv
tacatdp,ward,2813,Miangalua,Miangalua,active,2813,district,132,,19,132,,,,schemas/reference-data/TACATDP_RefWards.csv
tacatdp,ward,2814,Laela,Laela,active,2814,district,132,,19,132,,,,schemas/reference-data/TACATDP_RefWards.csv
tacatdp,ward,2815,Kasanzama,Kasanzama,active,2815,district,132,,19,132,,,,schemas/reference-data/TACATDP_RefWards.csv
tacatdp,ward,2816,Mnokola,Mnokola,active,2816,district,132,,19,132,,,,schemas/reference-data/TACATDP_RefWards.csv
tacatdp,ward,2817,Chala,Chala,active,2817,district,133,,19,133,,,,schemas/reference-data/TACATDP_RefWards.csv
tacatdp,ward,2818,Nkandasi,Nkandasi,active,2818,district,133,,19,133,,,,schemas/reference-data/TACATDP_RefWards.csv
tacatdp,ward,2819,Mkwamba,Mkwamba,active,2819,district,133,,19,133,,,,schemas/reference-data/TACATDP_RefWards.csv
tacatdp,ward,2820,Kate,Kate,active,2820,district,133,,19,133,,,,schemas/reference-data/TACATDP_RefWards.csv
tacatdp,ward,2821,Myula,Myula,active,2821,district,133,,19,133,,,,schemas/reference-data/TACATDP_RefWards.csv
tacatdp,ward,2822,Kipande,Kipande,active,2822,district,133,,19,133,,,,schemas/reference-data/TACATDP_RefWards.csv
tacatdp,ward,2823,Sintali,Sintali,active,2823,district,133,,19,133,,,,schemas/reference-data/TACATDP_RefWards.csv
tacatdp,ward,2824,Wampembe,Wampembe,active,2824,district,133,,19,133,,,,schemas/reference-data/TACATDP_RefWards.csv
tacatdp,ward,2825,Kizumbi,Kizumbi,active,2825,district,133,,19,133,,,,schemas/reference-data/TACATDP_RefWards.csv
tacatdp,ward,2826,Ninde,Ninde,active,2826,district,133,,19,133,,,,schemas/reference-data/TACATDP_RefWards.csv
tacatdp,ward,2827,Kala,Kala,active,2827,district,133,,19,133,,,,schemas/reference-data/TACATDP_RefWards.csv
tacatdp,ward,2828,Kirando,Kirando,active,2828,district,133,,19,133,,,,schemas/reference-data/TACATDP_RefWards.csv
tacatdp,ward,2829,Itete,Itete,active,2829,district,133,,19,133,,,,schemas/reference-data/TACATDP_RefWards.csv
tacatdp,ward,2830,Kipili,Kipili,active,2830,district,133,,19,133,,,,schemas/reference-data/TACATDP_RefWards.csv
tacatdp,ward,2831,Mkinga,Mkinga,active,2831,district,133,,19,133,,,,schemas/reference-data/TACATDP_RefWards.csv
tacatdp,ward,2832,Korongwe,Korongwe,active,2832,district,133,,19,133,,,,schemas/reference-data/TACATDP_RefWards.csv
tacatdp,ward,2833,Kabwe,Kabwe,active,2833,district,133,,19,133,,,,schemas/reference-data/TACATDP_RefWards.csv
tacatdp,ward,2834,Ntuchi,Ntuchi,active,2834,district,133,,19,133,,,,schemas/reference-data/TACATDP_RefWards.csv
tacatdp,ward,2835,Nkomolo,Nkomolo,active,2835,district,133,,19,133,,,,schemas/reference-data/TACATDP_RefWards.csv
tacatdp,ward,2836,Majengo,Majengo,active,2836,district,133,,19,133,,,,schemas/reference-data/TACATDP_RefWards.csv
tacatdp,ward,2837,Isunta,Isunta,active,2837,district,133,,19,133,,,,schemas/reference-data/TACATDP_RefWards.csv
tacatdp,ward,2838,Namanyere,Namanyere,active,2838,district,133,,19,133,,,,schemas/reference-data/TACATDP_RefWards.csv
tacatdp,ward,2839,Kipundu,Kipundu,active,2839,district,133,,19,133,,,,schemas/reference-data/TACATDP_RefWards.csv
tacatdp,ward,2840,Ntatumbila,Ntatumbila,active,2840,district,133,,19,133,,,,schemas/reference-data/TACATDP_RefWards.csv
tacatdp,ward,2841,Mtenga,Mtenga,active,2841,district,133,,19,133,,,,schemas/reference-data/TACATDP_RefWards.csv
tacatdp,ward,2842,Mashete,Mashete,active,2842,district,133,,19,133,,,,schemas/reference-data/TACATDP_RefWards.csv
tacatdp,ward,2843,Paramawe,Paramawe,active,2843,district,133,,19,133,,,,schemas/reference-data/TACATDP_RefWards.csv
tacatdp,ward,2844,Isale,Isale,active,2844,district,133,,19,133,,,,schemas/reference-data/TACATDP_RefWards.csv
tacatdp,ward,2845,Mshangano,Mshangano,active,2845,district,134,,20,134,,,,schemas/reference-data/TACATDP_RefWards.csv
tacatdp,ward,2846,Mletele,Mletele,active,2846,district,134,,20,134,,,,schemas/reference-data/TACATDP_RefWards.csv
tacatdp,ward,2847,Bombambili,Bombambili,active,2847,district,134,,20,134,,,,schemas/reference-data/TACATDP_RefWards.csv
tacatdp,ward,2848,Matogoro,Matogoro,active,2848,district,134,,20,134,,,,schemas/reference-data/TACATDP_RefWards.csv
tacatdp,ward,2849,Mjini,Mjini,active,2849,district,134,,20,134,,,,schemas/reference-data/TACATDP_RefWards.csv
tacatdp,ward,2850,Misufini,Misufini,active,2850,district,134,,20,134,,,,schemas/reference-data/TACATDP_RefWards.csv
tacatdp,ward,2851,Tanga,Tanga,active,2851,district,134,,20,134,,,,schemas/reference-data/TACATDP_RefWards.csv
tacatdp,ward,2852,Ndilimalitembo,Ndilimalitembo,active,2852,district,134,,20,134,,,,schemas/reference-data/TACATDP_RefWards.csv
tacatdp,ward,2853,Msamala,Msamala,active,2853,district,134,,20,134,,,,schemas/reference-data/TACATDP_RefWards.csv
tacatdp,ward,2854,Seedfarm,Seedfarm,active,2854,district,134,,20,134,,,,schemas/reference-data/TACATDP_RefWards.csv
tacatdp,ward,2855,Mateka,Mateka,active,2855,district,134,,20,134,,,,schemas/reference-data/TACATDP_RefWards.csv
tacatdp,ward,2856,Subira,Subira,active,2856,district,134,,20,134,,,,schemas/reference-data/TACATDP_RefWards.csv
tacatdp,ward,2857,Ruvuma,Ruvuma,active,2857,district,134,,20,134,,,,schemas/reference-data/TACATDP_RefWards.csv
tacatdp,ward,2858,Ruhuwiko,Ruhuwiko,active,2858,district,134,,20,134,,,,schemas/reference-data/TACATDP_RefWards.csv
tacatdp,ward,2859,Matarawe,Matarawe,active,2859,district,134,,20,134,,,,schemas/reference-data/TACATDP_RefWards.csv
tacatdp,ward,2860,Mfaranyaki,Mfaranyaki,active,2860,district,134,,20,134,,,,schemas/reference-data/TACATDP_RefWards.csv
tacatdp,ward,2861,Lizaboni,Lizaboni,active,2861,district,134,,20,134,,,,schemas/reference-data/TACATDP_RefWards.csv
tacatdp,ward,2862,Majengo,Majengo,active,2862,district,134,,20,134,,,,schemas/reference-data/TACATDP_RefWards.csv
tacatdp,ward,2863,Mwengemshindo,Mwengemshindo,active,2863,district,134,,20,134,,,,schemas/reference-data/TACATDP_RefWards.csv
tacatdp,ward,2864,Lilambo,Lilambo,active,2864,district,134,,20,134,,,,schemas/reference-data/TACATDP_RefWards.csv
tacatdp,ward,2865,Mjimwema,Mjimwema,active,2865,district,134,,20,134,,,,schemas/reference-data/TACATDP_RefWards.csv
tacatdp,ward,2866,Mbinga Mjini,Mbinga Mjini,active,2866,district,135,,20,135,,,,schemas/reference-data/TACATDP_RefWards.csv
tacatdp,ward,2867,Mbambi,Mbambi,active,2867,district,135,,20,135,,,,schemas/reference-data/TACATDP_RefWards.csv
tacatdp,ward,2868,Lusonga,Lusonga,active,2868,district,135,,20,135,,,,schemas/reference-data/TACATDP_RefWards.csv
tacatdp,ward,2869,Matarawe,Matarawe,active,2869,district,135,,20,135,,,,schemas/reference-data/TACATDP_RefWards.csv
tacatdp,ward,2870,Masumuni,Masumuni,active,2870,district,135,,20,135,,,,schemas/reference-data/TACATDP_RefWards.csv
tacatdp,ward,2871,Mbinga Mjini B,Mbinga Mjini B,active,2871,district,135,,20,135,,,,schemas/reference-data/TACATDP_RefWards.csv
tacatdp,ward,2872,Luhuwiko,Luhuwiko,active,2872,district,135,,20,135,,,,schemas/reference-data/TACATDP_RefWards.csv
tacatdp,ward,2873,Bethrehemu,Bethrehemu,active,2873,district,135,,20,135,,,,schemas/reference-data/TACATDP_RefWards.csv
tacatdp,ward,2874,Myangayanga,Myangayanga,active,2874,district,135,,20,135,,,,schemas/reference-data/TACATDP_RefWards.csv
tacatdp,ward,2875,Mateka,Mateka,active,2875,district,135,,20,135,,,,schemas/reference-data/TACATDP_RefWards.csv
tacatdp,ward,2876,Luwaita,Luwaita,active,2876,district,135,,20,135,,,,schemas/reference-data/TACATDP_RefWards.csv
tacatdp,ward,2877,Kilimani,Kilimani,active,2877,district,135,,20,135,,,,schemas/reference-data/TACATDP_RefWards.csv
tacatdp,ward,2878,Mbangamao,Mbangamao,active,2878,district,135,,20,135,,,,schemas/reference-data/TACATDP_RefWards.csv
tacatdp,ward,2879,Kagugu,Kagugu,active,2879,district,135,,20,135,,,,schemas/reference-data/TACATDP_RefWards.csv
tacatdp,ward,2880,Kikolo,Kikolo,active,2880,district,135,,20,135,,,,schemas/reference-data/TACATDP_RefWards.csv
tacatdp,ward,2881,Mpepai,Mpepai,active,2881,district,135,,20,135,,,,schemas/reference-data/TACATDP_RefWards.csv
tacatdp,ward,2882,Kihungu,Kihungu,active,2882,district,135,,20,135,,,,schemas/reference-data/TACATDP_RefWards.csv
tacatdp,ward,2883,Utiri,Utiri,active,2883,district,135,,20,135,,,,schemas/reference-data/TACATDP_RefWards.csv
tacatdp,ward,2884,Kitanda,Kitanda,active,2884,district,135,,20,135,,,,schemas/reference-data/TACATDP_RefWards.csv
tacatdp,ward,2885,Wino,Wino,active,2885,district,136,,20,136,,,,schemas/reference-data/TACATDP_RefWards.csv
tacatdp,ward,2886,Matetereka,Matetereka,active,2886,district,136,,20,136,,,,schemas/reference-data/TACATDP_RefWards.csv
tacatdp,ward,2887,Mkongotema,Mkongotema,active,2887,district,136,,20,136,,,,schemas/reference-data/TACATDP_RefWards.csv
tacatdp,ward,2888,Mahanje,Mahanje,active,2888,district,136,,20,136,,,,schemas/reference-data/TACATDP_RefWards.csv
tacatdp,ward,2889,Lituta,Lituta,active,2889,district,136,,20,136,,,,schemas/reference-data/TACATDP_RefWards.csv
tacatdp,ward,2890,Matumbi,Matumbi,active,2890,district,136,,20,136,,,,schemas/reference-data/TACATDP_RefWards.csv
tacatdp,ward,2891,Mtyangimbole,Mtyangimbole,active,2891,district,136,,20,136,,,,schemas/reference-data/TACATDP_RefWards.csv
tacatdp,ward,2892,Gumbiro,Gumbiro,active,2892,district,136,,20,136,,,,schemas/reference-data/TACATDP_RefWards.csv
tacatdp,ward,2893,Kigonsera,Kigonsera,active,2893,district,137,,20,137,,,,schemas/reference-data/TACATDP_RefWards.csv
tacatdp,ward,2894,Mkako,Mkako,active,2894,district,137,,20,137,,,,schemas/reference-data/TACATDP_RefWards.csv
tacatdp,ward,2895,Amani Makoro,Amani Makoro,active,2895,district,137,,20,137,,,,schemas/reference-data/TACATDP_RefWards.csv
tacatdp,ward,2896,Kihangi Mahuka,Kihangi Mahuka,active,2896,district,137,,20,137,,,,schemas/reference-data/TACATDP_RefWards.csv
tacatdp,ward,2897,Lukarasi,Lukarasi,active,2897,district,137,,20,137,,,,schemas/reference-data/TACATDP_RefWards.csv
tacatdp,ward,2898,Matiri,Matiri,active,2898,district,137,,20,137,,,,schemas/reference-data/TACATDP_RefWards.csv
tacatdp,ward,2899,Kitumbalomo,Kitumbalomo,active,2899,district,137,,20,137,,,,schemas/reference-data/TACATDP_RefWards.csv
tacatdp,ward,2900,Mhongozi,Mhongozi,active,2900,district,137,,20,137,,,,schemas/reference-data/TACATDP_RefWards.csv
tacatdp,ward,2901,Mkumbi,Mkumbi,active,2901,district,137,,20,137,,,,schemas/reference-data/TACATDP_RefWards.csv
tacatdp,ward,2902,Linda,Linda,active,2902,district,137,,20,137,,,,schemas/reference-data/TACATDP_RefWards.csv
tacatdp,ward,2903,Ngima,Ngima,active,2903,district,137,,20,137,,,,schemas/reference-data/TACATDP_RefWards.csv
tacatdp,ward,2904,Kipololo,Kipololo,active,2904,district,137,,20,137,,,,schemas/reference-data/TACATDP_RefWards.csv
tacatdp,ward,2905,Ukata,Ukata,active,2905,district,137,,20,137,,,,schemas/reference-data/TACATDP_RefWards.csv
tacatdp,ward,2906,Wukiro,Wukiro,active,2906,district,137,,20,137,,,,schemas/reference-data/TACATDP_RefWards.csv
tacatdp,ward,2907,Kitura,Kitura,active,2907,district,137,,20,137,,,,schemas/reference-data/TACATDP_RefWards.csv
tacatdp,ward,2908,Litembo,Litembo,active,2908,district,137,,20,137,,,,schemas/reference-data/TACATDP_RefWards.csv
tacatdp,ward,2909,Mbuji,Mbuji,active,2909,district,137,,20,137,,,,schemas/reference-data/TACATDP_RefWards.csv
tacatdp,ward,2910,Nyoni,Nyoni,active,2910,district,137,,20,137,,,,schemas/reference-data/TACATDP_RefWards.csv
tacatdp,ward,2911,Mpapa,Mpapa,active,2911,district,137,,20,137,,,,schemas/reference-data/TACATDP_RefWards.csv
tacatdp,ward,2912,Mikalanga,Mikalanga,active,2912,district,137,,20,137,,,,schemas/reference-data/TACATDP_RefWards.csv
tacatdp,ward,2913,Kambarage,Kambarage,active,2913,district,137,,20,137,,,,schemas/reference-data/TACATDP_RefWards.csv
tacatdp,ward,2914,Mapera,Mapera,active,2914,district,137,,20,137,,,,schemas/reference-data/TACATDP_RefWards.csv
tacatdp,ward,2915,Maguu,Maguu,active,2915,district,137,,20,137,,,,schemas/reference-data/TACATDP_RefWards.csv
tacatdp,ward,2916,Langiro,Langiro,active,2916,district,137,,20,137,,,,schemas/reference-data/TACATDP_RefWards.csv
tacatdp,ward,2917,Kipapa,Kipapa,active,2917,district,137,,20,137,,,,schemas/reference-data/TACATDP_RefWards.csv
tacatdp,ward,2918,Namswea,Namswea,active,2918,district,137,,20,137,,,,schemas/reference-data/TACATDP_RefWards.csv
tacatdp,ward,2919,Muungano,Muungano,active,2919,district,137,,20,137,,,,schemas/reference-data/TACATDP_RefWards.csv
tacatdp,ward,2920,Ruanda,Ruanda,active,2920,district,137,,20,137,,,,schemas/reference-data/TACATDP_RefWards.csv
tacatdp,ward,2921,Litumbandyosi,Litumbandyosi,active,2921,district,137,,20,137,,,,schemas/reference-data/TACATDP_RefWards.csv
tacatdp,ward,2922,Mchomoro,Mchomoro,active,2922,district,138,,20,138,,,,schemas/reference-data/TACATDP_RefWards.csv
tacatdp,ward,2923,Kitanda,Kitanda,active,2923,district,138,,20,138,,,,schemas/reference-data/TACATDP_RefWards.csv
tacatdp,ward,2924,Mputa,Mputa,active,2924,district,138,,20,138,,,,schemas/reference-data/TACATDP_RefWards.csv
tacatdp,ward,2925,Mgombasi,Mgombasi,active,2925,district,138,,20,138,,,,schemas/reference-data/TACATDP_RefWards.csv
tacatdp,ward,2926,Likuyuseka,Likuyuseka,active,2926,district,138,,20,138,,,,schemas/reference-data/TACATDP_RefWards.csv
tacatdp,ward,2927,Litola,Litola,active,2927,district,138,,20,138,,,,schemas/reference-data/TACATDP_RefWards.csv
tacatdp,ward,2928,Luegu,Luegu,active,2928,district,138,,20,138,,,,schemas/reference-data/TACATDP_RefWards.csv
tacatdp,ward,2929,Mkongo,Mkongo,active,2929,district,138,,20,138,,,,schemas/reference-data/TACATDP_RefWards.csv
tacatdp,ward,2930,Limamu,Limamu,active,2930,district,138,,20,138,,,,schemas/reference-data/TACATDP_RefWards.csv
tacatdp,ward,2931,Hanga,Hanga,active,2931,district,138,,20,138,,,,schemas/reference-data/TACATDP_RefWards.csv
tacatdp,ward,2932,Msindo,Msindo,active,2932,district,138,,20,138,,,,schemas/reference-data/TACATDP_RefWards.csv
tacatdp,ward,2933,Luchili,Luchili,active,2933,district,138,,20,138,,,,schemas/reference-data/TACATDP_RefWards.csv
tacatdp,ward,2934,Mkongo gulioni,Mkongo gulioni,active,2934,district,138,,20,138,,,,schemas/reference-data/TACATDP_RefWards.csv
tacatdp,ward,2935,Namabengo,Namabengo,active,2935,district,138,,20,138,,,,schemas/reference-data/TACATDP_RefWards.csv
tacatdp,ward,2936,Ligera,Ligera,active,2936,district,138,,20,138,,,,schemas/reference-data/TACATDP_RefWards.csv
tacatdp,ward,2937,Lisimonji,Lisimonji,active,2937,district,138,,20,138,,,,schemas/reference-data/TACATDP_RefWards.csv
tacatdp,ward,2938,Magazini,Magazini,active,2938,district,138,,20,138,,,,schemas/reference-data/TACATDP_RefWards.csv
tacatdp,ward,2939,Msisima,Msisima,active,2939,district,138,,20,138,,,,schemas/reference-data/TACATDP_RefWards.csv
tacatdp,ward,2940,Namtumbo,Namtumbo,active,2940,district,138,,20,138,,,,schemas/reference-data/TACATDP_RefWards.csv
tacatdp,ward,2941,Rwinga,Rwinga,active,2941,district,138,,20,138,,,,schemas/reference-data/TACATDP_RefWards.csv
tacatdp,ward,2942,Lusewa,Lusewa,active,2942,district,138,,20,138,,,,schemas/reference-data/TACATDP_RefWards.csv
tacatdp,ward,2943,Mbamba bay,Mbamba bay,active,2943,district,139,,20,139,,,,schemas/reference-data/TACATDP_RefWards.csv
tacatdp,ward,2944,Mtipwili,Mtipwili,active,2944,district,139,,20,139,,,,schemas/reference-data/TACATDP_RefWards.csv
tacatdp,ward,2945,Chiwanda,Chiwanda,active,2945,district,139,,20,139,,,,schemas/reference-data/TACATDP_RefWards.csv
tacatdp,ward,2946,Kilosa,Kilosa,active,2946,district,139,,20,139,,,,schemas/reference-data/TACATDP_RefWards.csv
tacatdp,ward,2947,Lipingo,Lipingo,active,2947,district,139,,20,139,,,,schemas/reference-data/TACATDP_RefWards.csv
tacatdp,ward,2948,Liuli,Liuli,active,2948,district,139,,20,139,,,,schemas/reference-data/TACATDP_RefWards.csv
tacatdp,ward,2949,Kihagara,Kihagara,active,2949,district,139,,20,139,,,,schemas/reference-data/TACATDP_RefWards.csv
tacatdp,ward,2950,Liparamba,Liparamba,active,2950,district,139,,20,139,,,,schemas/reference-data/TACATDP_RefWards.csv
tacatdp,ward,2951,Mipotopoto,Mipotopoto,active,2951,district,139,,20,139,,,,schemas/reference-data/TACATDP_RefWards.csv
tacatdp,ward,2952,Tingi,Tingi,active,2952,district,139,,20,139,,,,schemas/reference-data/TACATDP_RefWards.csv
tacatdp,ward,2953,Upolo,Upolo,active,2953,district,139,,20,139,,,,schemas/reference-data/TACATDP_RefWards.csv
tacatdp,ward,2954,Mpepo,Mpepo,active,2954,district,139,,20,139,,,,schemas/reference-data/TACATDP_RefWards.csv
tacatdp,ward,2955,Kingerikiti,Kingerikiti,active,2955,district,139,,20,139,,,,schemas/reference-data/TACATDP_RefWards.csv
tacatdp,ward,2956,Lumeme,Lumeme,active,2956,district,139,,20,139,,,,schemas/reference-data/TACATDP_RefWards.csv
tacatdp,ward,2957,Luhangarasi,Luhangarasi,active,2957,district,139,,20,139,,,,schemas/reference-data/TACATDP_RefWards.csv
tacatdp,ward,2958,Lituhi,Lituhi,active,2958,district,139,,20,139,,,,schemas/reference-data/TACATDP_RefWards.csv
tacatdp,ward,2959,Linga,Linga,active,2959,district,139,,20,139,,,,schemas/reference-data/TACATDP_RefWards.csv
tacatdp,ward,2960,Ngumbo,Ngumbo,active,2960,district,139,,20,139,,,,schemas/reference-data/TACATDP_RefWards.csv
tacatdp,ward,2961,Liwundi,Liwundi,active,2961,district,139,,20,139,,,,schemas/reference-data/TACATDP_RefWards.csv
tacatdp,ward,2962,Mbaha,Mbaha,active,2962,district,139,,20,139,,,,schemas/reference-data/TACATDP_RefWards.csv
tacatdp,ward,2963,Peramiho,Peramiho,active,2963,district,140,,20,140,,,,schemas/reference-data/TACATDP_RefWards.csv
tacatdp,ward,2964,Parangu,Parangu,active,2964,district,140,,20,140,,,,schemas/reference-data/TACATDP_RefWards.csv
tacatdp,ward,2965,Maposeni,Maposeni,active,2965,district,140,,20,140,,,,schemas/reference-data/TACATDP_RefWards.csv
tacatdp,ward,2966,Mpandangindo,Mpandangindo,active,2966,district,140,,20,140,,,,schemas/reference-data/TACATDP_RefWards.csv
tacatdp,ward,2967,Kilagano,Kilagano,active,2967,district,140,,20,140,,,,schemas/reference-data/TACATDP_RefWards.csv
tacatdp,ward,2968,Liganga,Liganga,active,2968,district,140,,20,140,,,,schemas/reference-data/TACATDP_RefWards.csv
tacatdp,ward,2969,Litisha,Litisha,active,2969,district,140,,20,140,,,,schemas/reference-data/TACATDP_RefWards.csv
tacatdp,ward,2970,Matimira,Matimira,active,2970,district,140,,20,140,,,,schemas/reference-data/TACATDP_RefWards.csv
tacatdp,ward,2971,Lilahi,Lilahi,active,2971,district,140,,20,140,,,,schemas/reference-data/TACATDP_RefWards.csv
tacatdp,ward,2972,Muhukuru,Muhukuru,active,2972,district,140,,20,140,,,,schemas/reference-data/TACATDP_RefWards.csv
tacatdp,ward,2973,Magagula,Magagula,active,2973,district,140,,20,140,,,,schemas/reference-data/TACATDP_RefWards.csv
tacatdp,ward,2974,Kizuka,Kizuka,active,2974,district,140,,20,140,,,,schemas/reference-data/TACATDP_RefWards.csv
tacatdp,ward,2975,Mbinga Mhalule,Mbinga Mhalule,active,2975,district,140,,20,140,,,,schemas/reference-data/TACATDP_RefWards.csv
tacatdp,ward,2976,Ndongosi,Ndongosi,active,2976,district,140,,20,140,,,,schemas/reference-data/TACATDP_RefWards.csv
tacatdp,ward,2977,Mpitimbi,Mpitimbi,active,2977,district,140,,20,140,,,,schemas/reference-data/TACATDP_RefWards.csv
tacatdp,ward,2978,Litapwasi,Litapwasi,active,2978,district,140,,20,140,,,,schemas/reference-data/TACATDP_RefWards.csv
tacatdp,ward,2979,Mchangani,Mchangani,active,2979,district,141,,20,141,,,,schemas/reference-data/TACATDP_RefWards.csv
tacatdp,ward,2980,Sisi Kwa Sisi,Sisi Kwa Sisi,active,2980,district,141,,20,141,,,,schemas/reference-data/TACATDP_RefWards.csv
tacatdp,ward,2981,Nakayaya,Nakayaya,active,2981,district,141,,20,141,,,,schemas/reference-data/TACATDP_RefWards.csv
tacatdp,ward,2982,Majengo,Majengo,active,2982,district,141,,20,141,,,,schemas/reference-data/TACATDP_RefWards.csv
tacatdp,ward,2983,Mlingoti Mashariki,Mlingoti Mashariki,active,2983,district,141,,20,141,,,,schemas/reference-data/TACATDP_RefWards.csv
tacatdp,ward,2984,Mlingoti Magharibi,Mlingoti Magharibi,active,2984,district,141,,20,141,,,,schemas/reference-data/TACATDP_RefWards.csv
tacatdp,ward,2985,Masonya,Masonya,active,2985,district,141,,20,141,,,,schemas/reference-data/TACATDP_RefWards.csv
tacatdp,ward,2986,Nanjoka,Nanjoka,active,2986,district,141,,20,141,,,,schemas/reference-data/TACATDP_RefWards.csv
tacatdp,ward,2987,Kalulu,Kalulu,active,2987,district,141,,20,141,,,,schemas/reference-data/TACATDP_RefWards.csv
tacatdp,ward,2988,Matemanga,Matemanga,active,2988,district,141,,20,141,,,,schemas/reference-data/TACATDP_RefWards.csv
tacatdp,ward,2989,Jakika,Jakika,active,2989,district,141,,20,141,,,,schemas/reference-data/TACATDP_RefWards.csv
tacatdp,ward,2990,Namwinyu,Namwinyu,active,2990,district,141,,20,141,,,,schemas/reference-data/TACATDP_RefWards.csv
tacatdp,ward,2991,,,active,2991,district,141,,20,141,,,,schemas/reference-data/TACATDP_RefWards.csv
tacatdp,ward,2992,Ligunga,Ligunga,active,2992,district,141,,20,141,,,,schemas/reference-data/TACATDP_RefWards.csv
tacatdp,ward,2993,Nampungu,Nampungu,active,2993,district,141,,20,141,,,,schemas/reference-data/TACATDP_RefWards.csv
tacatdp,ward,2994,Kidodoma,Kidodoma,active,2994,district,141,,20,141,,,,schemas/reference-data/TACATDP_RefWards.csv
tacatdp,ward,2995,Nandembo,Nandembo,active,2995,district,141,,20,141,,,,schemas/reference-data/TACATDP_RefWards.csv
tacatdp,ward,2996,Nalasi Magharibi,Nalasi Magharibi,active,2996,district,141,,20,141,,,,schemas/reference-data/TACATDP_RefWards.csv
tacatdp,ward,2997,Nalasi Mashariki,Nalasi Mashariki,active,2997,district,141,,20,141,,,,schemas/reference-data/TACATDP_RefWards.csv
tacatdp,ward,2998,Mbesa,Mbesa,active,2998,district,141,,20,141,,,,schemas/reference-data/TACATDP_RefWards.csv
tacatdp,ward,2999,Chiwana,Chiwana,active,2999,district,141,,20,141,,,,schemas/reference-data/TACATDP_RefWards.csv
tacatdp,ward,3000,Mchoteka,Mchoteka,active,3000,district,141,,20,141,,,,schemas/reference-data/TACATDP_RefWards.csv
tacatdp,ward,3001,Marumba,Marumba,active,3001,district,141,,20,141,,,,schemas/reference-data/TACATDP_RefWards.csv
tacatdp,ward,3002,Mbati,Mbati,active,3002,district,141,,20,141,,,,schemas/reference-data/TACATDP_RefWards.csv
tacatdp,ward,3003,Lukumbule,Lukumbule,active,3003,district,141,,20,141,,,,schemas/reference-data/TACATDP_RefWards.csv
tacatdp,ward,3004,Mchesi,Mchesi,active,3004,district,141,,20,141,,,,schemas/reference-data/TACATDP_RefWards.csv
tacatdp,ward,3005,Mtina,Mtina,active,3005,district,141,,20,141,,,,schemas/reference-data/TACATDP_RefWards.csv
tacatdp,ward,3006,Namasakata,Namasakata,active,3006,district,141,,20,141,,,,schemas/reference-data/TACATDP_RefWards.csv
tacatdp,ward,3007,Ligoma,Ligoma,active,3007,district,141,,20,141,,,,schemas/reference-data/TACATDP_RefWards.csv
tacatdp,ward,3008,Mchuluka,Mchuluka,active,3008,district,141,,20,141,,,,schemas/reference-data/TACATDP_RefWards.csv
tacatdp,ward,3009,Misechela,Misechela,active,3009,district,141,,20,141,,,,schemas/reference-data/TACATDP_RefWards.csv
tacatdp,ward,3010,Tuwemacho,Tuwemacho,active,3010,district,141,,20,141,,,,schemas/reference-data/TACATDP_RefWards.csv
tacatdp,ward,3011,Nakapanya,Nakapanya,active,3011,district,141,,20,141,,,,schemas/reference-data/TACATDP_RefWards.csv
tacatdp,ward,3012,Namakambale,Namakambale,active,3012,district,141,,20,141,,,,schemas/reference-data/TACATDP_RefWards.csv
tacatdp,ward,3013,Muhuwesi,Muhuwesi,active,3013,district,141,,20,141,,,,schemas/reference-data/TACATDP_RefWards.csv
tacatdp,ward,3014,Majimaji,Majimaji,active,3014,district,141,,20,141,,,,schemas/reference-data/TACATDP_RefWards.csv
tacatdp,ward,3015,Mindu,Mindu,active,3015,district,141,,20,141,,,,schemas/reference-data/TACATDP_RefWards.csv
tacatdp,ward,3016,Namiungo,Namiungo,active,3016,district,141,,20,141,,,,schemas/reference-data/TACATDP_RefWards.csv
tacatdp,ward,3017,Ngapa,Ngapa,active,3017,district,141,,20,141,,,,schemas/reference-data/TACATDP_RefWards.csv
tacatdp,ward,3018,Tinginya,Tinginya,active,3018,district,141,,20,141,,,,schemas/reference-data/TACATDP_RefWards.csv
tacatdp,ward,3019,Kambarage,Kambarage,active,3019,district,142,,21,142,,,,schemas/reference-data/TACATDP_RefWards.csv
tacatdp,ward,3020,Lubaga,Lubaga,active,3020,district,142,,21,142,,,,schemas/reference-data/TACATDP_RefWards.csv
tacatdp,ward,3021,Chamaguha,Chamaguha,active,3021,district,142,,21,142,,,,schemas/reference-data/TACATDP_RefWards.csv
tacatdp,ward,3022,Ibinzamata,Ibinzamata,active,3022,district,142,,21,142,,,,schemas/reference-data/TACATDP_RefWards.csv
tacatdp,ward,3023,Mjini,Mjini,active,3023,district,142,,21,142,,,,schemas/reference-data/TACATDP_RefWards.csv
tacatdp,ward,3024,Ndala,Ndala,active,3024,district,142,,21,142,,,,schemas/reference-data/TACATDP_RefWards.csv
tacatdp,ward,3025,Masekelo,Masekelo,active,3025,district,142,,21,142,,,,schemas/reference-data/TACATDP_RefWards.csv
tacatdp,ward,3026,Kitangili,Kitangili,active,3026,district,142,,21,142,,,,schemas/reference-data/TACATDP_RefWards.csv
tacatdp,ward,3027,Ngokolo,Ngokolo,active,3027,district,142,,21,142,,,,schemas/reference-data/TACATDP_RefWards.csv
tacatdp,ward,3028,Ndembezi,Ndembezi,active,3028,district,142,,21,142,,,,schemas/reference-data/TACATDP_RefWards.csv
tacatdp,ward,3029,Mwawaza,Mwawaza,active,3029,district,142,,21,142,,,,schemas/reference-data/TACATDP_RefWards.csv
tacatdp,ward,3030,Kizumbi,Kizumbi,active,3030,district,142,,21,142,,,,schemas/reference-data/TACATDP_RefWards.csv
tacatdp,ward,3031,Ibadakuli,Ibadakuli,active,3031,district,142,,21,142,,,,schemas/reference-data/TACATDP_RefWards.csv
tacatdp,ward,3032,Kolandoto,Kolandoto,active,3032,district,142,,21,142,,,,schemas/reference-data/TACATDP_RefWards.csv
tacatdp,ward,3033,Old Shinyanga,Old Shinyanga,active,3033,district,142,,21,142,,,,schemas/reference-data/TACATDP_RefWards.csv
tacatdp,ward,3034,Chibe,Chibe,active,3034,district,142,,21,142,,,,schemas/reference-data/TACATDP_RefWards.csv
tacatdp,ward,3035,Mwamalili,Mwamalili,active,3035,district,142,,21,142,,,,schemas/reference-data/TACATDP_RefWards.csv
tacatdp,ward,3036,Zongomera,Zongomera,active,3036,district,143,,21,143,,,,schemas/reference-data/TACATDP_RefWards.csv
tacatdp,ward,3037,Majengo,Majengo,active,3037,district,143,,21,143,,,,schemas/reference-data/TACATDP_RefWards.csv
tacatdp,ward,3038,Nyasubi,Nyasubi,active,3038,district,143,,21,143,,,,schemas/reference-data/TACATDP_RefWards.csv
tacatdp,ward,3039,Nyahanga,Nyahanga,active,3039,district,143,,21,143,,,,schemas/reference-data/TACATDP_RefWards.csv
tacatdp,ward,3040,Kahama Mjini,Kahama Mjini,active,3040,district,143,,21,143,,,,schemas/reference-data/TACATDP_RefWards.csv
tacatdp,ward,3041,Busoka,Busoka,active,3041,district,143,,21,143,,,,schemas/reference-data/TACATDP_RefWards.csv
tacatdp,ward,3042,Malunga,Malunga,active,3042,district,143,,21,143,,,,schemas/reference-data/TACATDP_RefWards.csv
tacatdp,ward,3043,Nyihogo,Nyihogo,active,3043,district,143,,21,143,,,,schemas/reference-data/TACATDP_RefWards.csv
tacatdp,ward,3044,Mhungula,Mhungula,active,3044,district,143,,21,143,,,,schemas/reference-data/TACATDP_RefWards.csv
tacatdp,ward,3045,Mhongolo,Mhongolo,active,3045,district,143,,21,143,,,,schemas/reference-data/TACATDP_RefWards.csv
tacatdp,ward,3046,Mwendakulima,Mwendakulima,active,3046,district,143,,21,143,,,,schemas/reference-data/TACATDP_RefWards.csv
tacatdp,ward,3047,Isagehe,Isagehe,active,3047,district,143,,21,143,,,,schemas/reference-data/TACATDP_RefWards.csv
tacatdp,ward,3048,Mondo,Mondo,active,3048,district,143,,21,143,,,,schemas/reference-data/TACATDP_RefWards.csv
tacatdp,ward,3049,Kagongwa,Kagongwa,active,3049,district,143,,21,143,,,,schemas/reference-data/TACATDP_RefWards.csv
tacatdp,ward,3050,Kinaga,Kinaga,active,3050,district,143,,21,143,,,,schemas/reference-data/TACATDP_RefWards.csv
tacatdp,ward,3051,Nyandekwa,Nyandekwa,active,3051,district,143,,21,143,,,,schemas/reference-data/TACATDP_RefWards.csv
tacatdp,ward,3052,Kilago,Kilago,active,3052,district,143,,21,143,,,,schemas/reference-data/TACATDP_RefWards.csv
tacatdp,ward,3053,Iyenze,Iyenze,active,3053,district,143,,21,143,,,,schemas/reference-data/TACATDP_RefWards.csv
tacatdp,ward,3054,Ngogwa,Ngogwa,active,3054,district,143,,21,143,,,,schemas/reference-data/TACATDP_RefWards.csv
tacatdp,ward,3055,Wendele,Wendele,active,3055,district,143,,21,143,,,,schemas/reference-data/TACATDP_RefWards.csv
tacatdp,ward,3056,Uchunga,Uchunga,active,3056,district,144,,21,144,,,,schemas/reference-data/TACATDP_RefWards.csv
tacatdp,ward,3057,Bupigi,Bupigi,active,3057,district,144,,21,144,,,,schemas/reference-data/TACATDP_RefWards.csv
tacatdp,ward,3058,Igaga,Igaga,active,3058,district,144,,21,144,,,,schemas/reference-data/TACATDP_RefWards.csv
tacatdp,ward,3059,Shagihilu,Shagihilu,active,3059,district,144,,21,144,,,,schemas/reference-data/TACATDP_RefWards.csv
tacatdp,ward,3060,Ndoleleji,Ndoleleji,active,3060,district,144,,21,144,,,,schemas/reference-data/TACATDP_RefWards.csv
tacatdp,ward,3061,Masanga,Masanga,active,3061,district,144,,21,144,,,,schemas/reference-data/TACATDP_RefWards.csv
tacatdp,ward,3062,Somagedi,Somagedi,active,3062,district,144,,21,144,,,,schemas/reference-data/TACATDP_RefWards.csv
tacatdp,ward,3063,Mwakipoya,Mwakipoya,active,3063,district,144,,21,144,,,,schemas/reference-data/TACATDP_RefWards.csv
tacatdp,ward,3064,Mwamalasa,Mwamalasa,active,3064,district,144,,21,144,,,,schemas/reference-data/TACATDP_RefWards.csv
tacatdp,ward,3065,Ukenyenge,Ukenyenge,active,3065,district,144,,21,144,,,,schemas/reference-data/TACATDP_RefWards.csv
tacatdp,ward,3066,Mwaweja,Mwaweja,active,3066,district,144,,21,144,,,,schemas/reference-data/TACATDP_RefWards.csv
tacatdp,ward,3067,Mwamashele,Mwamashele,active,3067,district,144,,21,144,,,,schemas/reference-data/TACATDP_RefWards.csv
tacatdp,ward,3068,Lagana,Lagana,active,3068,district,144,,21,144,,,,schemas/reference-data/TACATDP_RefWards.csv
tacatdp,ward,3069,Kiloleli,Kiloleli,active,3069,district,144,,21,144,,,,schemas/reference-data/TACATDP_RefWards.csv
tacatdp,ward,3070,Talaga,Talaga,active,3070,district,144,,21,144,,,,schemas/reference-data/TACATDP_RefWards.csv
tacatdp,ward,3071,Itilima,Itilima,active,3071,district,144,,21,144,,,,schemas/reference-data/TACATDP_RefWards.csv
tacatdp,ward,3072,Ngofila,Ngofila,active,3072,district,144,,21,144,,,,schemas/reference-data/TACATDP_RefWards.csv
tacatdp,ward,3073,Bunambiyu,Bunambiyu,active,3073,district,144,,21,144,,,,schemas/reference-data/TACATDP_RefWards.csv
tacatdp,ward,3074,Mwasubi,Mwasubi,active,3074,district,144,,21,144,,,,schemas/reference-data/TACATDP_RefWards.csv
tacatdp,ward,3075,Bubiki,Bubiki,active,3075,district,144,,21,144,,,,schemas/reference-data/TACATDP_RefWards.csv
tacatdp,ward,3076,Busangwa,Busangwa,active,3076,district,144,,21,144,,,,schemas/reference-data/TACATDP_RefWards.csv
tacatdp,ward,3077,Seke-Bugoro,Seke-Bugoro,active,3077,district,144,,21,144,,,,schemas/reference-data/TACATDP_RefWards.csv
tacatdp,ward,3078,Mondo,Mondo,active,3078,district,144,,21,144,,,,schemas/reference-data/TACATDP_RefWards.csv
tacatdp,ward,3079,Songwa,Songwa,active,3079,district,144,,21,144,,,,schemas/reference-data/TACATDP_RefWards.csv
tacatdp,ward,3080,Maganzo,Maganzo,active,3080,district,144,,21,144,,,,schemas/reference-data/TACATDP_RefWards.csv
tacatdp,ward,3081,Mwadui Lohumbo,Mwadui Lohumbo,active,3081,district,144,,21,144,,,,schemas/reference-data/TACATDP_RefWards.csv
tacatdp,ward,3082,Idukilo,Idukilo,active,3082,district,144,,21,144,,,,schemas/reference-data/TACATDP_RefWards.csv
tacatdp,ward,3083,Kishapu,Kishapu,active,3083,district,144,,21,144,,,,schemas/reference-data/TACATDP_RefWards.csv
tacatdp,ward,3084,Mwataga,Mwataga,active,3084,district,144,,21,144,,,,schemas/reference-data/TACATDP_RefWards.csv
tacatdp,ward,3085,Ntobo,Ntobo,active,3085,district,145,,21,145,,,,schemas/reference-data/TACATDP_RefWards.csv
tacatdp,ward,3086,Busangi,Busangi,active,3086,district,145,,21,145,,,,schemas/reference-data/TACATDP_RefWards.csv
tacatdp,ward,3087,Chela,Chela,active,3087,district,145,,21,145,,,,schemas/reference-data/TACATDP_RefWards.csv
tacatdp,ward,3088,Ngaya,Ngaya,active,3088,district,145,,21,145,,,,schemas/reference-data/TACATDP_RefWards.csv
tacatdp,ward,3089,Bulige,Bulige,active,3089,district,145,,21,145,,,,schemas/reference-data/TACATDP_RefWards.csv
tacatdp,ward,3090,Kashishi,Kashishi,active,3090,district,145,,21,145,,,,schemas/reference-data/TACATDP_RefWards.csv
tacatdp,ward,3091,Bugarama,Bugarama,active,3091,district,145,,21,145,,,,schemas/reference-data/TACATDP_RefWards.csv
tacatdp,ward,3092,Bulyan'hulu,Bulyan'hulu,active,3092,district,145,,21,145,,,,schemas/reference-data/TACATDP_RefWards.csv
tacatdp,ward,3093,Lunguya,Lunguya,active,3093,district,145,,21,145,,,,schemas/reference-data/TACATDP_RefWards.csv
tacatdp,ward,3094,Ikinda,Ikinda,active,3094,district,145,,21,145,,,,schemas/reference-data/TACATDP_RefWards.csv
tacatdp,ward,3095,Shilela,Shilela,active,3095,district,145,,21,145,,,,schemas/reference-data/TACATDP_RefWards.csv
tacatdp,ward,3096,Segese,Segese,active,3096,district,145,,21,145,,,,schemas/reference-data/TACATDP_RefWards.csv
tacatdp,ward,3097,Mega,Mega,active,3097,district,145,,21,145,,,,schemas/reference-data/TACATDP_RefWards.csv
tacatdp,ward,3098,Isaka,Isaka,active,3098,district,145,,21,145,,,,schemas/reference-data/TACATDP_RefWards.csv
tacatdp,ward,3099,Mwakata,Mwakata,active,3099,district,145,,21,145,,,,schemas/reference-data/TACATDP_RefWards.csv
tacatdp,ward,3100,Jana,Jana,active,3100,district,145,,21,145,,,,schemas/reference-data/TACATDP_RefWards.csv
tacatdp,ward,3101,Mwalugulu,Mwalugulu,active,3101,district,145,,21,145,,,,schemas/reference-data/TACATDP_RefWards.csv
tacatdp,ward,3102,Mwanase,Mwanase,active,3102,district,145,,21,145,,,,schemas/reference-data/TACATDP_RefWards.csv
tacatdp,ward,3103,llola,llola,active,3103,district,146,,21,146,,,,schemas/reference-data/TACATDP_RefWards.csv
tacatdp,ward,3104,Didia,Didia,active,3104,district,146,,21,146,,,,schemas/reference-data/TACATDP_RefWards.csv
tacatdp,ward,3105,Puni,Puni,active,3105,district,146,,21,146,,,,schemas/reference-data/TACATDP_RefWards.csv
tacatdp,ward,3106,Itwangi,Itwangi,active,3106,district,146,,21,146,,,,schemas/reference-data/TACATDP_RefWards.csv
tacatdp,ward,3107,Nyida,Nyida,active,3107,district,146,,21,146,,,,schemas/reference-data/TACATDP_RefWards.csv
tacatdp,ward,3108,Tinde,Tinde,active,3108,district,146,,21,146,,,,schemas/reference-data/TACATDP_RefWards.csv
tacatdp,ward,3109,Nsalala,Nsalala,active,3109,district,146,,21,146,,,,schemas/reference-data/TACATDP_RefWards.csv
tacatdp,ward,3110,Usule,Usule,active,3110,district,146,,21,146,,,,schemas/reference-data/TACATDP_RefWards.csv
tacatdp,ward,3111,Bukene,Bukene,active,3111,district,146,,21,146,,,,schemas/reference-data/TACATDP_RefWards.csv
tacatdp,ward,3112,Imesela,Imesela,active,3112,district,146,,21,146,,,,schemas/reference-data/TACATDP_RefWards.csv
tacatdp,ward,3113,Mwamala,Mwamala,active,3113,district,146,,21,146,,,,schemas/reference-data/TACATDP_RefWards.csv
tacatdp,ward,3114,Samuye,Samuye,active,3114,district,146,,21,146,,,,schemas/reference-data/TACATDP_RefWards.csv
tacatdp,ward,3115,Masengwa,Masengwa,active,3115,district,146,,21,146,,,,schemas/reference-data/TACATDP_RefWards.csv
tacatdp,ward,3116,Usanda,Usanda,active,3116,district,146,,21,146,,,,schemas/reference-data/TACATDP_RefWards.csv
tacatdp,ward,3117,Salawe,Salawe,active,3117,district,146,,21,146,,,,schemas/reference-data/TACATDP_RefWards.csv
tacatdp,ward,3118,Mwenge,Mwenge,active,3118,district,146,,21,146,,,,schemas/reference-data/TACATDP_RefWards.csv
tacatdp,ward,3119,Mwakitolyo,Mwakitolyo,active,3119,district,146,,21,146,,,,schemas/reference-data/TACATDP_RefWards.csv
tacatdp,ward,3120,Solwa,Solwa,active,3120,district,146,,21,146,,,,schemas/reference-data/TACATDP_RefWards.csv
tacatdp,ward,3121,Iselamagazi,Iselamagazi,active,3121,district,146,,21,146,,,,schemas/reference-data/TACATDP_RefWards.csv
tacatdp,ward,3122,Lyabusalu,Lyabusalu,active,3122,district,146,,21,146,,,,schemas/reference-data/TACATDP_RefWards.csv
tacatdp,ward,3123,Pandagichiza,Pandagichiza,active,3123,district,146,,21,146,,,,schemas/reference-data/TACATDP_RefWards.csv
tacatdp,ward,3124,Mwalukwa,Mwalukwa,active,3124,district,146,,21,146,,,,schemas/reference-data/TACATDP_RefWards.csv
tacatdp,ward,3125,Mwantini,Mwantini,active,3125,district,146,,21,146,,,,schemas/reference-data/TACATDP_RefWards.csv
tacatdp,ward,3126,Nyamalogo,Nyamalogo,active,3126,district,146,,21,146,,,,schemas/reference-data/TACATDP_RefWards.csv
tacatdp,ward,3127,Lyabukande,Lyabukande,active,3127,district,146,,21,146,,,,schemas/reference-data/TACATDP_RefWards.csv
tacatdp,ward,3128,Lyamidati,Lyamidati,active,3128,district,146,,21,146,,,,schemas/reference-data/TACATDP_RefWards.csv
tacatdp,ward,3129,Chona,Chona,active,3129,district,147,,21,147,,,,schemas/reference-data/TACATDP_RefWards.csv
tacatdp,ward,3130,,,active,3130,district,147,,21,147,,,,schemas/reference-data/TACATDP_RefWards.csv
tacatdp,ward,3131,Chambo,Chambo,active,3131,district,147,,21,147,,,,schemas/reference-data/TACATDP_RefWards.csv
tacatdp,ward,3132,Kisuke,Kisuke,active,3132,district,147,,21,147,,,,schemas/reference-data/TACATDP_RefWards.csv
tacatdp,ward,3133,Nyamilangano,Nyamilangano,active,3133,district,147,,21,147,,,,schemas/reference-data/TACATDP_RefWards.csv
tacatdp,ward,3134,Mapamba,Mapamba,active,3134,district,147,,21,147,,,,schemas/reference-data/TACATDP_RefWards.csv
tacatdp,ward,3135,Bukomela,Bukomela,active,3135,district,147,,21,147,,,,schemas/reference-data/TACATDP_RefWards.csv
tacatdp,ward,3136,Ukune,Ukune,active,3136,district,147,,21,147,,,,schemas/reference-data/TACATDP_RefWards.csv
tacatdp,ward,3137,Igunda,Igunda,active,3137,district,147,,21,147,,,,schemas/reference-data/TACATDP_RefWards.csv
tacatdp,ward,3138,Kinamapula,Kinamapula,active,3138,district,147,,21,147,,,,schemas/reference-data/TACATDP_RefWards.csv
tacatdp,ward,3139,Igwamanoni,Igwamanoni,active,3139,district,147,,21,147,,,,schemas/reference-data/TACATDP_RefWards.csv
tacatdp,ward,3140,Mpunze,Mpunze,active,3140,district,147,,21,147,,,,schemas/reference-data/TACATDP_RefWards.csv
tacatdp,ward,3141,Sabasabini,Sabasabini,active,3141,district,147,,21,147,,,,schemas/reference-data/TACATDP_RefWards.csv
tacatdp,ward,3142,Idahina,Idahina,active,3142,district,147,,21,147,,,,schemas/reference-data/TACATDP_RefWards.csv
tacatdp,ward,3143,Bulungwa,Bulungwa,active,3143,district,147,,21,147,,,,schemas/reference-data/TACATDP_RefWards.csv
tacatdp,ward,3144,Nyankende,Nyankende,active,3144,district,147,,21,147,,,,schemas/reference-data/TACATDP_RefWards.csv
tacatdp,ward,3145,Ulewe,Ulewe,active,3145,district,147,,21,147,,,,schemas/reference-data/TACATDP_RefWards.csv
tacatdp,ward,3146,Ushetu,Ushetu,active,3146,district,147,,21,147,,,,schemas/reference-data/TACATDP_RefWards.csv
tacatdp,ward,3147,Uyogo,Uyogo,active,3147,district,147,,21,147,,,,schemas/reference-data/TACATDP_RefWards.csv
tacatdp,ward,3148,Ulowa,Ulowa,active,3148,district,147,,21,147,,,,schemas/reference-data/TACATDP_RefWards.csv
tacatdp,ward,3149,Ubagwe,Ubagwe,active,3149,district,147,,21,147,,,,schemas/reference-data/TACATDP_RefWards.csv
tacatdp,ward,3150,Bunamhala,Bunamhala,active,3150,district,148,,22,148,,,,schemas/reference-data/TACATDP_RefWards.csv
tacatdp,ward,3151,Bariadi,Bariadi,active,3151,district,148,,22,148,,,,schemas/reference-data/TACATDP_RefWards.csv
tacatdp,ward,3152,Malambo,Malambo,active,3152,district,148,,22,148,,,,schemas/reference-data/TACATDP_RefWards.csv
tacatdp,ward,3153,Nyangokolwa,Nyangokolwa,active,3153,district,148,,22,148,,,,schemas/reference-data/TACATDP_RefWards.csv
tacatdp,ward,3154,Isanga,Isanga,active,3154,district,148,,22,148,,,,schemas/reference-data/TACATDP_RefWards.csv
tacatdp,ward,3155,Sima,Sima,active,3155,district,148,,22,148,,,,schemas/reference-data/TACATDP_RefWards.csv
tacatdp,ward,3156,Somanda,Somanda,active,3156,district,148,,22,148,,,,schemas/reference-data/TACATDP_RefWards.csv
tacatdp,ward,3157,Guduwi,Guduwi,active,3157,district,148,,22,148,,,,schemas/reference-data/TACATDP_RefWards.csv
tacatdp,ward,3158,Nyakabindi,Nyakabindi,active,3158,district,148,,22,148,,,,schemas/reference-data/TACATDP_RefWards.csv
tacatdp,ward,3159,Mhango,Mhango,active,3159,district,148,,22,148,,,,schemas/reference-data/TACATDP_RefWards.csv
tacatdp,ward,3160,Dutwa,Dutwa,active,3160,district,149,,22,149,,,,schemas/reference-data/TACATDP_RefWards.csv
tacatdp,ward,3161,Gilya,Gilya,active,3161,district,149,,22,149,,,,schemas/reference-data/TACATDP_RefWards.csv
tacatdp,ward,3162,Ikungulyabashashi,Ikungulyabashashi,active,3162,district,149,,22,149,,,,schemas/reference-data/TACATDP_RefWards.csv
tacatdp,ward,3163,Sapiwi,Sapiwi,active,3163,district,149,,22,149,,,,schemas/reference-data/TACATDP_RefWards.csv
tacatdp,ward,3164,Matongo,Matongo,active,3164,district,149,,22,149,,,,schemas/reference-data/TACATDP_RefWards.csv
tacatdp,ward,3165,Masewa,Masewa,active,3165,district,149,,22,149,,,,schemas/reference-data/TACATDP_RefWards.csv
tacatdp,ward,3166,Ngulyati,Ngulyati,active,3166,district,149,,22,149,,,,schemas/reference-data/TACATDP_RefWards.csv
tacatdp,ward,3167,Kasoli,Kasoli,active,3167,district,149,,22,149,,,,schemas/reference-data/TACATDP_RefWards.csv
tacatdp,ward,3168,Kilalo,Kilalo,active,3168,district,149,,22,149,,,,schemas/reference-data/TACATDP_RefWards.csv
tacatdp,ward,3169,Gambosi,Gambosi,active,3169,district,149,,22,149,,,,schemas/reference-data/TACATDP_RefWards.csv
tacatdp,ward,3170,Mwasubuya,Mwasubuya,active,3170,district,149,,22,149,,,,schemas/reference-data/TACATDP_RefWards.csv
tacatdp,ward,3171,Sakwe,Sakwe,active,3171,district,149,,22,149,,,,schemas/reference-data/TACATDP_RefWards.csv
tacatdp,ward,3172,Itubukilo,Itubukilo,active,3172,district,149,,22,149,,,,schemas/reference-data/TACATDP_RefWards.csv
tacatdp,ward,3173,Nkololo,Nkololo,active,3173,district,149,,22,149,,,,schemas/reference-data/TACATDP_RefWards.csv
tacatdp,ward,3174,Mwaumatondo,Mwaumatondo,active,3174,district,149,,22,149,,,,schemas/reference-data/TACATDP_RefWards.csv
tacatdp,ward,3175,Ihusi,Ihusi,active,3175,district,149,,22,149,,,,schemas/reference-data/TACATDP_RefWards.csv
tacatdp,ward,3176,Mwaubingi,Mwaubingi,active,3176,district,149,,22,149,,,,schemas/reference-data/TACATDP_RefWards.csv
tacatdp,ward,3177,Gibishi,Gibishi,active,3177,district,149,,22,149,,,,schemas/reference-data/TACATDP_RefWards.csv
tacatdp,ward,3178,Nkindwabiye,Nkindwabiye,active,3178,district,149,,22,149,,,,schemas/reference-data/TACATDP_RefWards.csv
tacatdp,ward,3179,Mwadobana,Mwadobana,active,3179,district,149,,22,149,,,,schemas/reference-data/TACATDP_RefWards.csv
tacatdp,ward,3180,Benemhi,Benemhi,active,3180,district,149,,22,149,,,,schemas/reference-data/TACATDP_RefWards.csv
tacatdp,ward,3181,Kiloleli,Kiloleli,active,3181,district,150,,22,150,,,,schemas/reference-data/TACATDP_RefWards.csv
tacatdp,ward,3182,Mwamanyili,Mwamanyili,active,3182,district,150,,22,150,,,,schemas/reference-data/TACATDP_RefWards.csv
tacatdp,ward,3183,Nyashimo,Nyashimo,active,3183,district,150,,22,150,,,,schemas/reference-data/TACATDP_RefWards.csv
tacatdp,ward,3184,Nyaluhande,Nyaluhande,active,3184,district,150,,22,150,,,,schemas/reference-data/TACATDP_RefWards.csv
tacatdp,ward,3185,Shigala,Shigala,active,3185,district,150,,22,150,,,,schemas/reference-data/TACATDP_RefWards.csv
tacatdp,ward,3186,Badugu,Badugu,active,3186,district,150,,22,150,,,,schemas/reference-data/TACATDP_RefWards.csv
tacatdp,ward,3187,Kabita,Kabita,active,3187,district,150,,22,150,,,,schemas/reference-data/TACATDP_RefWards.csv
tacatdp,ward,3188,Kalemela,Kalemela,active,3188,district,150,,22,150,,,,schemas/reference-data/TACATDP_RefWards.csv
tacatdp,ward,3189,Lamadi,Lamadi,active,3189,district,150,,22,150,,,,schemas/reference-data/TACATDP_RefWards.csv
tacatdp,ward,3190,Mkula,Mkula,active,3190,district,150,,22,150,,,,schemas/reference-data/TACATDP_RefWards.csv
tacatdp,ward,3191,Lutubiga,Lutubiga,active,3191,district,150,,22,150,,,,schemas/reference-data/TACATDP_RefWards.csv
tacatdp,ward,3192,Igalukilo,Igalukilo,active,3192,district,150,,22,150,,,,schemas/reference-data/TACATDP_RefWards.csv
tacatdp,ward,3193,Malili,Malili,active,3193,district,150,,22,150,,,,schemas/reference-data/TACATDP_RefWards.csv
tacatdp,ward,3194,Ngasamo,Ngasamo,active,3194,district,150,,22,150,,,,schemas/reference-data/TACATDP_RefWards.csv
tacatdp,ward,3195,Imalamate,Imalamate,active,3195,district,150,,22,150,,,,schemas/reference-data/TACATDP_RefWards.csv
tacatdp,ward,3196,Bumera,Bumera,active,3196,district,151,,22,151,,,,schemas/reference-data/TACATDP_RefWards.csv
tacatdp,ward,3197,Ikindilo,Ikindilo,active,3197,district,151,,22,151,,,,schemas/reference-data/TACATDP_RefWards.csv
tacatdp,ward,3198,Mwamtani,Mwamtani,active,3198,district,151,,22,151,,,,schemas/reference-data/TACATDP_RefWards.csv
tacatdp,ward,3199,Mwaswale,Mwaswale,active,3199,district,151,,22,151,,,,schemas/reference-data/TACATDP_RefWards.csv
tacatdp,ward,3200,Nkuyu,Nkuyu,active,3200,district,151,,22,151,,,,schemas/reference-data/TACATDP_RefWards.csv
tacatdp,ward,3201,Sagata,Sagata,active,3201,district,151,,22,151,,,,schemas/reference-data/TACATDP_RefWards.csv
tacatdp,ward,3202,Mwalushu,Mwalushu,active,3202,district,151,,22,151,,,,schemas/reference-data/TACATDP_RefWards.csv
tacatdp,ward,3203,Mwamapalala,Mwamapalala,active,3203,district,151,,22,151,,,,schemas/reference-data/TACATDP_RefWards.csv
tacatdp,ward,3204,Nkoma,Nkoma,active,3204,district,151,,22,151,,,,schemas/reference-data/TACATDP_RefWards.csv
tacatdp,ward,3205,Nyamalapa,Nyamalapa,active,3205,district,151,,22,151,,,,schemas/reference-data/TACATDP_RefWards.csv
tacatdp,ward,3206,Budalabujiga,Budalabujiga,active,3206,district,151,,22,151,,,,schemas/reference-data/TACATDP_RefWards.csv
tacatdp,ward,3207,Chinamili,Chinamili,active,3207,district,151,,22,151,,,,schemas/reference-data/TACATDP_RefWards.csv
tacatdp,ward,3208,Lagangabilili,Lagangabilili,active,3208,district,151,,22,151,,,,schemas/reference-data/TACATDP_RefWards.csv
tacatdp,ward,3209,Migato,Migato,active,3209,district,151,,22,151,,,,schemas/reference-data/TACATDP_RefWards.csv
tacatdp,ward,3210,Mhunze,Mhunze,active,3210,district,151,,22,151,,,,schemas/reference-data/TACATDP_RefWards.csv
tacatdp,ward,3211,Ndolelezi,Ndolelezi,active,3211,district,151,,22,151,,,,schemas/reference-data/TACATDP_RefWards.csv
tacatdp,ward,3212,Kinang'weli,Kinang'weli,active,3212,district,151,,22,151,,,,schemas/reference-data/TACATDP_RefWards.csv
tacatdp,ward,3213,Luguru,Luguru,active,3213,district,151,,22,151,,,,schemas/reference-data/TACATDP_RefWards.csv
tacatdp,ward,3214,Mbita,Mbita,active,3214,district,151,,22,151,,,,schemas/reference-data/TACATDP_RefWards.csv
tacatdp,ward,3215,Nhobora,Nhobora,active,3215,district,151,,22,151,,,,schemas/reference-data/TACATDP_RefWards.csv
tacatdp,ward,3216,Sawida,Sawida,active,3216,district,151,,22,151,,,,schemas/reference-data/TACATDP_RefWards.csv
tacatdp,ward,3217,Zagayu,Zagayu,active,3217,district,151,,22,151,,,,schemas/reference-data/TACATDP_RefWards.csv
tacatdp,ward,3218,Buchambi,Buchambi,active,3218,district,152,,22,152,,,,schemas/reference-data/TACATDP_RefWards.csv
tacatdp,ward,3219,Mwamashimba,Mwamashimba,active,3219,district,152,,22,152,,,,schemas/reference-data/TACATDP_RefWards.csv
tacatdp,ward,3220,Zanzui,Zanzui,active,3220,district,152,,22,152,,,,schemas/reference-data/TACATDP_RefWards.csv
tacatdp,ward,3221,Isanga,Isanga,active,3221,district,152,,22,152,,,,schemas/reference-data/TACATDP_RefWards.csv
tacatdp,ward,3222,Busangi,Busangi,active,3222,district,152,,22,152,,,,schemas/reference-data/TACATDP_RefWards.csv
tacatdp,ward,3223,Masela,Masela,active,3223,district,152,,22,152,,,,schemas/reference-data/TACATDP_RefWards.csv
tacatdp,ward,3224,Seng'wa,Seng'wa,active,3224,district,152,,22,152,,,,schemas/reference-data/TACATDP_RefWards.csv
tacatdp,ward,3225,Lalago,Lalago,active,3225,district,152,,22,152,,,,schemas/reference-data/TACATDP_RefWards.csv
tacatdp,ward,3226,Mbaragane,Mbaragane,active,3226,district,152,,22,152,,,,schemas/reference-data/TACATDP_RefWards.csv
tacatdp,ward,3227,Dakama,Dakama,active,3227,district,152,,22,152,,,,schemas/reference-data/TACATDP_RefWards.csv
tacatdp,ward,3228,Sangamwalugesha,Sangamwalugesha,active,3228,district,152,,22,152,,,,schemas/reference-data/TACATDP_RefWards.csv
tacatdp,ward,3229,Budekwa,Budekwa,active,3229,district,152,,22,152,,,,schemas/reference-data/TACATDP_RefWards.csv
tacatdp,ward,3230,Mwabaratulu,Mwabaratulu,active,3230,district,152,,22,152,,,,schemas/reference-data/TACATDP_RefWards.csv
tacatdp,ward,3231,Busilili,Busilili,active,3231,district,152,,22,152,,,,schemas/reference-data/TACATDP_RefWards.csv
tacatdp,ward,3232,Bugarama,Bugarama,active,3232,district,152,,22,152,,,,schemas/reference-data/TACATDP_RefWards.csv
tacatdp,ward,3233,Sukuma,Sukuma,active,3233,district,152,,22,152,,,,schemas/reference-data/TACATDP_RefWards.csv
tacatdp,ward,3234,Ng'wigwa,Ng'wigwa,active,3234,district,152,,22,152,,,,schemas/reference-data/TACATDP_RefWards.csv
tacatdp,ward,3235,Nguliguli,Nguliguli,active,3235,district,152,,22,152,,,,schemas/reference-data/TACATDP_RefWards.csv
tacatdp,ward,3236,Mwamanenge,Mwamanenge,active,3236,district,152,,22,152,,,,schemas/reference-data/TACATDP_RefWards.csv
tacatdp,ward,3237,Mpindo,Mpindo,active,3237,district,152,,22,152,,,,schemas/reference-data/TACATDP_RefWards.csv
tacatdp,ward,3238,Senani,Senani,active,3238,district,152,,22,152,,,,schemas/reference-data/TACATDP_RefWards.csv
tacatdp,ward,3239,Ipililo,Ipililo,active,3239,district,152,,22,152,,,,schemas/reference-data/TACATDP_RefWards.csv
tacatdp,ward,3240,Malampaka,Malampaka,active,3240,district,152,,22,152,,,,schemas/reference-data/TACATDP_RefWards.csv
tacatdp,ward,3241,Mataba,Mataba,active,3241,district,152,,22,152,,,,schemas/reference-data/TACATDP_RefWards.csv
tacatdp,ward,3242,Badi,Badi,active,3242,district,152,,22,152,,,,schemas/reference-data/TACATDP_RefWards.csv
tacatdp,ward,3243,Nyabubinza,Nyabubinza,active,3243,district,152,,22,152,,,,schemas/reference-data/TACATDP_RefWards.csv
tacatdp,ward,3244,Mwang'honoli,Mwang'honoli,active,3244,district,152,,22,152,,,,schemas/reference-data/TACATDP_RefWards.csv
tacatdp,ward,3245,Kulimi,Kulimi,active,3245,district,152,,22,152,,,,schemas/reference-data/TACATDP_RefWards.csv
tacatdp,ward,3246,Mwabayanda,Mwabayanda,active,3246,district,152,,22,152,,,,schemas/reference-data/TACATDP_RefWards.csv
tacatdp,ward,3247,Kadoto,Kadoto,active,3247,district,152,,22,152,,,,schemas/reference-data/TACATDP_RefWards.csv
tacatdp,ward,3248,Shishiyu,Shishiyu,active,3248,district,152,,22,152,,,,schemas/reference-data/TACATDP_RefWards.csv
tacatdp,ward,3249,Jija,Jija,active,3249,district,152,,22,152,,,,schemas/reference-data/TACATDP_RefWards.csv
tacatdp,ward,3250,Binza,Binza,active,3250,district,152,,22,152,,,,schemas/reference-data/TACATDP_RefWards.csv
tacatdp,ward,3251,Sola,Sola,active,3251,district,152,,22,152,,,,schemas/reference-data/TACATDP_RefWards.csv
tacatdp,ward,3252,Nyalikungu,Nyalikungu,active,3252,district,152,,22,152,,,,schemas/reference-data/TACATDP_RefWards.csv
tacatdp,ward,3253,Shanwa,Shanwa,active,3253,district,152,,22,152,,,,schemas/reference-data/TACATDP_RefWards.csv
tacatdp,ward,3254,Mwamalole,Mwamalole,active,3254,district,153,,22,153,,,,schemas/reference-data/TACATDP_RefWards.csv
tacatdp,ward,3255,Mwamanimba,Mwamanimba,active,3255,district,153,,22,153,,,,schemas/reference-data/TACATDP_RefWards.csv
tacatdp,ward,3256,Bukundi,Bukundi,active,3256,district,153,,22,153,,,,schemas/reference-data/TACATDP_RefWards.csv
tacatdp,ward,3257,Mwanjolo,Mwanjolo,active,3257,district,153,,22,153,,,,schemas/reference-data/TACATDP_RefWards.csv
tacatdp,ward,3258,Mbushi,Mbushi,active,3258,district,153,,22,153,,,,schemas/reference-data/TACATDP_RefWards.csv
tacatdp,ward,3259,Mwamanongu,Mwamanongu,active,3259,district,153,,22,153,,,,schemas/reference-data/TACATDP_RefWards.csv
tacatdp,ward,3260,Imalaseko,Imalaseko,active,3260,district,153,,22,153,,,,schemas/reference-data/TACATDP_RefWards.csv
tacatdp,ward,3261,Mwabuzo,Mwabuzo,active,3261,district,153,,22,153,,,,schemas/reference-data/TACATDP_RefWards.csv
tacatdp,ward,3262,Ng'hoboko,Ng'hoboko,active,3262,district,153,,22,153,,,,schemas/reference-data/TACATDP_RefWards.csv
tacatdp,ward,3263,Kabondo,Kabondo,active,3263,district,153,,22,153,,,,schemas/reference-data/TACATDP_RefWards.csv
tacatdp,ward,3264,Mwandoya,Mwandoya,active,3264,district,153,,22,153,,,,schemas/reference-data/TACATDP_RefWards.csv
tacatdp,ward,3265,Mwabuma,Mwabuma,active,3265,district,153,,22,153,,,,schemas/reference-data/TACATDP_RefWards.csv
tacatdp,ward,3266,Tindabuligi,Tindabuligi,active,3266,district,153,,22,153,,,,schemas/reference-data/TACATDP_RefWards.csv
tacatdp,ward,3267,Sakasaka,Sakasaka,active,3267,district,153,,22,153,,,,schemas/reference-data/TACATDP_RefWards.csv
tacatdp,ward,3268,Mwakisandu,Mwakisandu,active,3268,district,153,,22,153,,,,schemas/reference-data/TACATDP_RefWards.csv
tacatdp,ward,3269,Mwabusalu,Mwabusalu,active,3269,district,153,,22,153,,,,schemas/reference-data/TACATDP_RefWards.csv
tacatdp,ward,3270,Mwasengela,Mwasengela,active,3270,district,153,,22,153,,,,schemas/reference-data/TACATDP_RefWards.csv
tacatdp,ward,3271,Lingeka,Lingeka,active,3271,district,153,,22,153,,,,schemas/reference-data/TACATDP_RefWards.csv
tacatdp,ward,3272,Kisesa,Kisesa,active,3272,district,153,,22,153,,,,schemas/reference-data/TACATDP_RefWards.csv
tacatdp,ward,3273,Nkoma,Nkoma,active,3273,district,153,,22,153,,,,schemas/reference-data/TACATDP_RefWards.csv
tacatdp,ward,3274,Itinje,Itinje,active,3274,district,153,,22,153,,,,schemas/reference-data/TACATDP_RefWards.csv
tacatdp,ward,3275,Isengwa,Isengwa,active,3275,district,153,,22,153,,,,schemas/reference-data/TACATDP_RefWards.csv
tacatdp,ward,3276,Kimali,Kimali,active,3276,district,153,,22,153,,,,schemas/reference-data/TACATDP_RefWards.csv
tacatdp,ward,3277,Lubiga,Lubiga,active,3277,district,153,,22,153,,,,schemas/reference-data/TACATDP_RefWards.csv
tacatdp,ward,3278,Mbugayabanghya,Mbugayabanghya,active,3278,district,153,,22,153,,,,schemas/reference-data/TACATDP_RefWards.csv
tacatdp,ward,3279,Mwangudo,Mwangudo,active,3279,district,153,,22,153,,,,schemas/reference-data/TACATDP_RefWards.csv
tacatdp,ward,3280,Mwamishali,Mwamishali,active,3280,district,153,,22,153,,,,schemas/reference-data/TACATDP_RefWards.csv
tacatdp,ward,3281,Mwanyahina,Mwanyahina,active,3281,district,153,,22,153,,,,schemas/reference-data/TACATDP_RefWards.csv
tacatdp,ward,3282,Mwanhuzi,Mwanhuzi,active,3282,district,153,,22,153,,,,schemas/reference-data/TACATDP_RefWards.csv
tacatdp,ward,3283,Utemini,Utemini,active,3283,district,154,,23,154,,,,schemas/reference-data/TACATDP_RefWards.csv
tacatdp,ward,3284,Mughanga,Mughanga,active,3284,district,154,,23,154,,,,schemas/reference-data/TACATDP_RefWards.csv
tacatdp,ward,3285,Mitunduruni,Mitunduruni,active,3285,district,154,,23,154,,,,schemas/reference-data/TACATDP_RefWards.csv
tacatdp,ward,3286,Minga,Minga,active,3286,district,154,,23,154,,,,schemas/reference-data/TACATDP_RefWards.csv
tacatdp,ward,3287,Mtamaa,Mtamaa,active,3287,district,154,,23,154,,,,schemas/reference-data/TACATDP_RefWards.csv
tacatdp,ward,3288,Mandewa,Mandewa,active,3288,district,154,,23,154,,,,schemas/reference-data/TACATDP_RefWards.csv
tacatdp,ward,3289,Uhamaka,Uhamaka,active,3289,district,154,,23,154,,,,schemas/reference-data/TACATDP_RefWards.csv
tacatdp,ward,3290,Mwankoko,Mwankoko,active,3290,district,154,,23,154,,,,schemas/reference-data/TACATDP_RefWards.csv
tacatdp,ward,3291,Unyianga,Unyianga,active,3291,district,154,,23,154,,,,schemas/reference-data/TACATDP_RefWards.csv
tacatdp,ward,3292,Ipembe,Ipembe,active,3292,district,154,,23,154,,,,schemas/reference-data/TACATDP_RefWards.csv
tacatdp,ward,3293,Majengo,Majengo,active,3293,district,154,,23,154,,,,schemas/reference-data/TACATDP_RefWards.csv
tacatdp,ward,3294,Kindai,Kindai,active,3294,district,154,,23,154,,,,schemas/reference-data/TACATDP_RefWards.csv
tacatdp,ward,3295,Misuna,Misuna,active,3295,district,154,,23,154,,,,schemas/reference-data/TACATDP_RefWards.csv
tacatdp,ward,3296,Kisaki,Kisaki,active,3296,district,154,,23,154,,,,schemas/reference-data/TACATDP_RefWards.csv
tacatdp,ward,3297,Mungumaji,Mungumaji,active,3297,district,154,,23,154,,,,schemas/reference-data/TACATDP_RefWards.csv
tacatdp,ward,3298,Unyambwa,Unyambwa,active,3298,district,154,,23,154,,,,schemas/reference-data/TACATDP_RefWards.csv
tacatdp,ward,3299,Mtipa,Mtipa,active,3299,district,154,,23,154,,,,schemas/reference-data/TACATDP_RefWards.csv
tacatdp,ward,3300,Unyamikumbi,Unyamikumbi,active,3300,district,154,,23,154,,,,schemas/reference-data/TACATDP_RefWards.csv
tacatdp,ward,3301,Unyahati,Unyahati,active,3301,district,155,,23,155,,,,schemas/reference-data/TACATDP_RefWards.csv
tacatdp,ward,3302,Ikungi,Ikungi,active,3302,district,155,,23,155,,,,schemas/reference-data/TACATDP_RefWards.csv
tacatdp,ward,3303,Mkiwa,Mkiwa,active,3303,district,155,,23,155,,,,schemas/reference-data/TACATDP_RefWards.csv
tacatdp,ward,3304,Issuna,Issuna,active,3304,district,155,,23,155,,,,schemas/reference-data/TACATDP_RefWards.csv
tacatdp,ward,3305,Mang’onyi,Mang’onyi,active,3305,district,155,,23,155,,,,schemas/reference-data/TACATDP_RefWards.csv
tacatdp,ward,3306,Dung’unyi,Dung’unyi,active,3306,district,155,,23,155,,,,schemas/reference-data/TACATDP_RefWards.csv
tacatdp,ward,3307,Mgungira,Mgungira,active,3307,district,155,,23,155,,,,schemas/reference-data/TACATDP_RefWards.csv
tacatdp,ward,3308,Iyumbu,Iyumbu,active,3308,district,155,,23,155,,,,schemas/reference-data/TACATDP_RefWards.csv
tacatdp,ward,3309,Irisya,Irisya,active,3309,district,155,,23,155,,,,schemas/reference-data/TACATDP_RefWards.csv
tacatdp,ward,3310,Sepuka,Sepuka,active,3310,district,155,,23,155,,,,schemas/reference-data/TACATDP_RefWards.csv
tacatdp,ward,3311,Mtunduru,Mtunduru,active,3311,district,155,,23,155,,,,schemas/reference-data/TACATDP_RefWards.csv
tacatdp,ward,3312,Mwaru,Mwaru,active,3312,district,155,,23,155,,,,schemas/reference-data/TACATDP_RefWards.csv
tacatdp,ward,3313,Ighombwe,Ighombwe,active,3313,district,155,,23,155,,,,schemas/reference-data/TACATDP_RefWards.csv
tacatdp,ward,3314,Ihanja,Ihanja,active,3314,district,155,,23,155,,,,schemas/reference-data/TACATDP_RefWards.csv
tacatdp,ward,3315,Isseke,Isseke,active,3315,district,155,,23,155,,,,schemas/reference-data/TACATDP_RefWards.csv
tacatdp,ward,3316,Muhintiri,Muhintiri,active,3316,district,155,,23,155,,,,schemas/reference-data/TACATDP_RefWards.csv
tacatdp,ward,3317,Iglansoni,Iglansoni,active,3317,district,155,,23,155,,,,schemas/reference-data/TACATDP_RefWards.csv
tacatdp,ward,3318,Puma,Puma,active,3318,district,155,,23,155,,,,schemas/reference-data/TACATDP_RefWards.csv
tacatdp,ward,3319,Kituntu,Kituntu,active,3319,district,155,,23,155,,,,schemas/reference-data/TACATDP_RefWards.csv
tacatdp,ward,3320,Minyughe,Minyughe,active,3320,district,155,,23,155,,,,schemas/reference-data/TACATDP_RefWards.csv
tacatdp,ward,3321,Makilawa,Makilawa,active,3321,district,155,,23,155,,,,schemas/reference-data/TACATDP_RefWards.csv
tacatdp,ward,3322,Mungaa,Mungaa,active,3322,district,155,,23,155,,,,schemas/reference-data/TACATDP_RefWards.csv
tacatdp,ward,3323,Makiungu,Makiungu,active,3323,district,155,,23,155,,,,schemas/reference-data/TACATDP_RefWards.csv
tacatdp,ward,3324,Siuyu,Siuyu,active,3324,district,155,,23,155,,,,schemas/reference-data/TACATDP_RefWards.csv
tacatdp,ward,3325,Kikio,Kikio,active,3325,district,155,,23,155,,,,schemas/reference-data/TACATDP_RefWards.csv
tacatdp,ward,3326,Ntuntu,Ntuntu,active,3326,district,155,,23,155,,,,schemas/reference-data/TACATDP_RefWards.csv
tacatdp,ward,3327,Lighwa,Lighwa,active,3327,district,155,,23,155,,,,schemas/reference-data/TACATDP_RefWards.csv
tacatdp,ward,3328,Misughaa,Misughaa,active,3328,district,155,,23,155,,,,schemas/reference-data/TACATDP_RefWards.csv
tacatdp,ward,3329,Kinampanda,Kinampanda,active,3329,district,156,,23,156,,,,schemas/reference-data/TACATDP_RefWards.csv
tacatdp,ward,3330,Maluga,Maluga,active,3330,district,156,,23,156,,,,schemas/reference-data/TACATDP_RefWards.csv
tacatdp,ward,3331,Ulemo,Ulemo,active,3331,district,156,,23,156,,,,schemas/reference-data/TACATDP_RefWards.csv
tacatdp,ward,3332,Mukulu,Mukulu,active,3332,district,156,,23,156,,,,schemas/reference-data/TACATDP_RefWards.csv
tacatdp,ward,3333,Kyengege,Kyengege,active,3333,district,156,,23,156,,,,schemas/reference-data/TACATDP_RefWards.csv
tacatdp,ward,3334,Kaselya,Kaselya,active,3334,district,156,,23,156,,,,schemas/reference-data/TACATDP_RefWards.csv
tacatdp,ward,3335,Ndulungu,Ndulungu,active,3335,district,156,,23,156,,,,schemas/reference-data/TACATDP_RefWards.csv
tacatdp,ward,3336,Mtekente,Mtekente,active,3336,district,156,,23,156,,,,schemas/reference-data/TACATDP_RefWards.csv
tacatdp,ward,3337,Urughu,Urughu,active,3337,district,156,,23,156,,,,schemas/reference-data/TACATDP_RefWards.csv
tacatdp,ward,3338,Mbelekese,Mbelekese,active,3338,district,156,,23,156,,,,schemas/reference-data/TACATDP_RefWards.csv
tacatdp,ward,3339,Ndago,Ndago,active,3339,district,156,,23,156,,,,schemas/reference-data/TACATDP_RefWards.csv
tacatdp,ward,3340,Shelui,Shelui,active,3340,district,156,,23,156,,,,schemas/reference-data/TACATDP_RefWards.csv
tacatdp,ward,3341,Mgongo,Mgongo,active,3341,district,156,,23,156,,,,schemas/reference-data/TACATDP_RefWards.csv
tacatdp,ward,3342,Mtoa,Mtoa,active,3342,district,156,,23,156,,,,schemas/reference-data/TACATDP_RefWards.csv
tacatdp,ward,3343,Ntwike,Ntwike,active,3343,district,156,,23,156,,,,schemas/reference-data/TACATDP_RefWards.csv
tacatdp,ward,3344,Kisiriri,Kisiriri,active,3344,district,156,,23,156,,,,schemas/reference-data/TACATDP_RefWards.csv
tacatdp,ward,3345,Tulya,Tulya,active,3345,district,156,,23,156,,,,schemas/reference-data/TACATDP_RefWards.csv
tacatdp,ward,3346,Kidaru,Kidaru,active,3346,district,156,,23,156,,,,schemas/reference-data/TACATDP_RefWards.csv
tacatdp,ward,3347,Kiomboi,Kiomboi,active,3347,district,156,,23,156,,,,schemas/reference-data/TACATDP_RefWards.csv
tacatdp,ward,3348,Old-Kiomboi,Old-Kiomboi,active,3348,district,156,,23,156,,,,schemas/reference-data/TACATDP_RefWards.csv
tacatdp,ward,3349,Rungwa,Rungwa,active,3349,district,157,,23,157,,,,schemas/reference-data/TACATDP_RefWards.csv
tacatdp,ward,3350,Mwamagembe,Mwamagembe,active,3350,district,157,,23,157,,,,schemas/reference-data/TACATDP_RefWards.csv
tacatdp,ward,3351,Mitundu,Mitundu,active,3351,district,157,,23,157,,,,schemas/reference-data/TACATDP_RefWards.csv
tacatdp,ward,3352,Kalangali,Kalangali,active,3352,district,157,,23,157,,,,schemas/reference-data/TACATDP_RefWards.csv
tacatdp,ward,3353,Mgandu,Mgandu,active,3353,district,157,,23,157,,,,schemas/reference-data/TACATDP_RefWards.csv
tacatdp,ward,3354,Itigi Mjini,Itigi Mjini,active,3354,district,157,,23,157,,,,schemas/reference-data/TACATDP_RefWards.csv
tacatdp,ward,3355,Itigi Majengo,Itigi Majengo,active,3355,district,157,,23,157,,,,schemas/reference-data/TACATDP_RefWards.csv
tacatdp,ward,3356,Tambukareli,Tambukareli,active,3356,district,157,,23,157,,,,schemas/reference-data/TACATDP_RefWards.csv
tacatdp,ward,3357,Kitaraka,Kitaraka,active,3357,district,157,,23,157,,,,schemas/reference-data/TACATDP_RefWards.csv
tacatdp,ward,3358,Ipande,Ipande,active,3358,district,157,,23,157,,,,schemas/reference-data/TACATDP_RefWards.csv
tacatdp,ward,3359,Sanjaranda,Sanjaranda,active,3359,district,157,,23,157,,,,schemas/reference-data/TACATDP_RefWards.csv
tacatdp,ward,3360,Idodyandole,Idodyandole,active,3360,district,157,,23,157,,,,schemas/reference-data/TACATDP_RefWards.csv
tacatdp,ward,3361,Aghondi,Aghondi,active,3361,district,157,,23,157,,,,schemas/reference-data/TACATDP_RefWards.csv
tacatdp,ward,3362,Chikola,Chikola,active,3362,district,158,,23,158,,,,schemas/reference-data/TACATDP_RefWards.csv
tacatdp,ward,3363,Heka,Heka,active,3363,district,158,,23,158,,,,schemas/reference-data/TACATDP_RefWards.csv
tacatdp,ward,3364,Sasilo,Sasilo,active,3364,district,158,,23,158,,,,schemas/reference-data/TACATDP_RefWards.csv
tacatdp,ward,3365,Nkonko,Nkonko,active,3365,district,158,,23,158,,,,schemas/reference-data/TACATDP_RefWards.csv
tacatdp,ward,3366,Sanza,Sanza,active,3366,district,158,,23,158,,,,schemas/reference-data/TACATDP_RefWards.csv
tacatdp,ward,3367,Isseke,Isseke,active,3367,district,158,,23,158,,,,schemas/reference-data/TACATDP_RefWards.csv
tacatdp,ward,3368,Solya,Solya,active,3368,district,158,,23,158,,,,schemas/reference-data/TACATDP_RefWards.csv
tacatdp,ward,3369,Saranda,Saranda,active,3369,district,158,,23,158,,,,schemas/reference-data/TACATDP_RefWards.csv
tacatdp,ward,3370,Makuru,Makuru,active,3370,district,158,,23,158,,,,schemas/reference-data/TACATDP_RefWards.csv
tacatdp,ward,3371,Majiri,Majiri,active,3371,district,158,,23,158,,,,schemas/reference-data/TACATDP_RefWards.csv
tacatdp,ward,3372,Sasajila,Sasajila,active,3372,district,158,,23,158,,,,schemas/reference-data/TACATDP_RefWards.csv
tacatdp,ward,3373,Chikuyu,Chikuyu,active,3373,district,158,,23,158,,,,schemas/reference-data/TACATDP_RefWards.csv
tacatdp,ward,3374,Makutupora,Makutupora,active,3374,district,158,,23,158,,,,schemas/reference-data/TACATDP_RefWards.csv
tacatdp,ward,3375,Makanda,Makanda,active,3375,district,158,,23,158,,,,schemas/reference-data/TACATDP_RefWards.csv
tacatdp,ward,3376,Kintinku,Kintinku,active,3376,district,158,,23,158,,,,schemas/reference-data/TACATDP_RefWards.csv
tacatdp,ward,3377,Maweni,Maweni,active,3377,district,158,,23,158,,,,schemas/reference-data/TACATDP_RefWards.csv
tacatdp,ward,3378,Manyoni,Manyoni,active,3378,district,158,,23,158,,,,schemas/reference-data/TACATDP_RefWards.csv
tacatdp,ward,3379,Mkwese,Mkwese,active,3379,district,158,,23,158,,,,schemas/reference-data/TACATDP_RefWards.csv
tacatdp,ward,3380,Muhalala,Muhalala,active,3380,district,158,,23,158,,,,schemas/reference-data/TACATDP_RefWards.csv
tacatdp,ward,3381,Kinyangiri,Kinyangiri,active,3381,district,159,,23,159,,,,schemas/reference-data/TACATDP_RefWards.csv
tacatdp,ward,3382,Kikhonda,Kikhonda,active,3382,district,159,,23,159,,,,schemas/reference-data/TACATDP_RefWards.csv
tacatdp,ward,3383,Iguguno,Iguguno,active,3383,district,159,,23,159,,,,schemas/reference-data/TACATDP_RefWards.csv
tacatdp,ward,3384,Tumuli,Tumuli,active,3384,district,159,,23,159,,,,schemas/reference-data/TACATDP_RefWards.csv
tacatdp,ward,3385,Msingi,Msingi,active,3385,district,159,,23,159,,,,schemas/reference-data/TACATDP_RefWards.csv
tacatdp,ward,3386,Mwanga,Mwanga,active,3386,district,159,,23,159,,,,schemas/reference-data/TACATDP_RefWards.csv
tacatdp,ward,3387,Nkalakala,Nkalakala,active,3387,district,159,,23,159,,,,schemas/reference-data/TACATDP_RefWards.csv
tacatdp,ward,3388,Ilunda,Ilunda,active,3388,district,159,,23,159,,,,schemas/reference-data/TACATDP_RefWards.csv
tacatdp,ward,3389,Kinampundu,Kinampundu,active,3389,district,159,,23,159,,,,schemas/reference-data/TACATDP_RefWards.csv
tacatdp,ward,3390,Nduguti,Nduguti,active,3390,district,159,,23,159,,,,schemas/reference-data/TACATDP_RefWards.csv
tacatdp,ward,3391,Miganga,Miganga,active,3391,district,159,,23,159,,,,schemas/reference-data/TACATDP_RefWards.csv
tacatdp,ward,3392,Gumanga,Gumanga,active,3392,district,159,,23,159,,,,schemas/reference-data/TACATDP_RefWards.csv
tacatdp,ward,3393,Ibaga,Ibaga,active,3393,district,159,,23,159,,,,schemas/reference-data/TACATDP_RefWards.csv
tacatdp,ward,3394,Nkinto,Nkinto,active,3394,district,159,,23,159,,,,schemas/reference-data/TACATDP_RefWards.csv
tacatdp,ward,3395,Matongo,Matongo,active,3395,district,159,,23,159,,,,schemas/reference-data/TACATDP_RefWards.csv
tacatdp,ward,3396,Mwangeza,Mwangeza,active,3396,district,159,,23,159,,,,schemas/reference-data/TACATDP_RefWards.csv
tacatdp,ward,3397,Mpambala,Mpambala,active,3397,district,159,,23,159,,,,schemas/reference-data/TACATDP_RefWards.csv
tacatdp,ward,3398,Mtinko,Mtinko,active,3398,district,160,,23,160,,,,schemas/reference-data/TACATDP_RefWards.csv
tacatdp,ward,3399,Kijota,Kijota,active,3399,district,160,,23,160,,,,schemas/reference-data/TACATDP_RefWards.csv
tacatdp,ward,3400,Mudida,Mudida,active,3400,district,160,,23,160,,,,schemas/reference-data/TACATDP_RefWards.csv
tacatdp,ward,3401,Makuro,Makuro,active,3401,district,160,,23,160,,,,schemas/reference-data/TACATDP_RefWards.csv
tacatdp,ward,3402,Ughandi,Ughandi,active,3402,district,160,,23,160,,,,schemas/reference-data/TACATDP_RefWards.csv
tacatdp,ward,3403,Msisi,Msisi,active,3403,district,160,,23,160,,,,schemas/reference-data/TACATDP_RefWards.csv
tacatdp,ward,3404,Ngimu,Ngimu,active,3404,district,160,,23,160,,,,schemas/reference-data/TACATDP_RefWards.csv
tacatdp,ward,3405,Itaja,Itaja,active,3405,district,160,,23,160,,,,schemas/reference-data/TACATDP_RefWards.csv
tacatdp,ward,3406,Mgori,Mgori,active,3406,district,160,,23,160,,,,schemas/reference-data/TACATDP_RefWards.csv
tacatdp,ward,3407,Mughunga,Mughunga,active,3407,district,160,,23,160,,,,schemas/reference-data/TACATDP_RefWards.csv
tacatdp,ward,3408,Ilongero,Ilongero,active,3408,district,160,,23,160,,,,schemas/reference-data/TACATDP_RefWards.csv
tacatdp,ward,3409,Mrama,Mrama,active,3409,district,160,,23,160,,,,schemas/reference-data/TACATDP_RefWards.csv
tacatdp,ward,3410,Ikhanoda,Ikhanoda,active,3410,district,160,,23,160,,,,schemas/reference-data/TACATDP_RefWards.csv
tacatdp,ward,3411,Mwasauya,Mwasauya,active,3411,district,160,,23,160,,,,schemas/reference-data/TACATDP_RefWards.csv
tacatdp,ward,3412,Kinyeto,Kinyeto,active,3412,district,160,,23,160,,,,schemas/reference-data/TACATDP_RefWards.csv
tacatdp,ward,3413,Mughamo,Mughamo,active,3413,district,160,,23,160,,,,schemas/reference-data/TACATDP_RefWards.csv
tacatdp,ward,3414,Ntonge,Ntonge,active,3414,district,160,,23,160,,,,schemas/reference-data/TACATDP_RefWards.csv
tacatdp,ward,3415,Maghojoa,Maghojoa,active,3415,district,160,,23,160,,,,schemas/reference-data/TACATDP_RefWards.csv
tacatdp,ward,3416,Msange,Msange,active,3416,district,160,,23,160,,,,schemas/reference-data/TACATDP_RefWards.csv
tacatdp,ward,3417,Kinyagigi,Kinyagigi,active,3417,district,160,,23,160,,,,schemas/reference-data/TACATDP_RefWards.csv
tacatdp,ward,3418,Merya,Merya,active,3418,district,160,,23,160,,,,schemas/reference-data/TACATDP_RefWards.csv
tacatdp,ward,3419,Majengo,Majengo,active,3419,district,161,,24,161,,,,schemas/reference-data/TACATDP_RefWards.csv
tacatdp,ward,3420,Mpande,Mpande,active,3420,district,161,,24,161,,,,schemas/reference-data/TACATDP_RefWards.csv
tacatdp,ward,3421,Chapwa,Chapwa,active,3421,district,161,,24,161,,,,schemas/reference-data/TACATDP_RefWards.csv
tacatdp,ward,3422,Maporomoko,Maporomoko,active,3422,district,161,,24,161,,,,schemas/reference-data/TACATDP_RefWards.csv
tacatdp,ward,3423,Kaloleni,Kaloleni,active,3423,district,161,,24,161,,,,schemas/reference-data/TACATDP_RefWards.csv
tacatdp,ward,3424,Sogea,Sogea,active,3424,district,161,,24,161,,,,schemas/reference-data/TACATDP_RefWards.csv
tacatdp,ward,3425,Makambini,Makambini,active,3425,district,161,,24,161,,,,schemas/reference-data/TACATDP_RefWards.csv
tacatdp,ward,3426,Tunduma,Tunduma,active,3426,district,161,,24,161,,,,schemas/reference-data/TACATDP_RefWards.csv
tacatdp,ward,3427,Katete,Katete,active,3427,district,161,,24,161,,,,schemas/reference-data/TACATDP_RefWards.csv
tacatdp,ward,3428,Mpemba,Mpemba,active,3428,district,161,,24,161,,,,schemas/reference-data/TACATDP_RefWards.csv
tacatdp,ward,3429,Chiwezi,Chiwezi,active,3429,district,161,,24,161,,,,schemas/reference-data/TACATDP_RefWards.csv
tacatdp,ward,3430,Muungano,Muungano,active,3430,district,161,,24,161,,,,schemas/reference-data/TACATDP_RefWards.csv
tacatdp,ward,3431,Mwakakati,Mwakakati,active,3431,district,161,,24,161,,,,schemas/reference-data/TACATDP_RefWards.csv
tacatdp,ward,3432,Chipaka,Chipaka,active,3432,district,161,,24,161,,,,schemas/reference-data/TACATDP_RefWards.csv
tacatdp,ward,3433,Uwanjani,Uwanjani,active,3433,district,161,,24,161,,,,schemas/reference-data/TACATDP_RefWards.csv
tacatdp,ward,3434,Bupigu,Bupigu,active,3434,district,162,,24,162,,,,schemas/reference-data/TACATDP_RefWards.csv
tacatdp,ward,3435,Chitete,Chitete,active,3435,district,162,,24,162,,,,schemas/reference-data/TACATDP_RefWards.csv
tacatdp,ward,3436,Isongole,Isongole,active,3436,district,162,,24,162,,,,schemas/reference-data/TACATDP_RefWards.csv
tacatdp,ward,3437,Mbebe,Mbebe,active,3437,district,162,,24,162,,,,schemas/reference-data/TACATDP_RefWards.csv
tacatdp,ward,3438,Ibaba,Ibaba,active,3438,district,162,,24,162,,,,schemas/reference-data/TACATDP_RefWards.csv
tacatdp,ward,3439,Itale,Itale,active,3439,district,162,,24,162,,,,schemas/reference-data/TACATDP_RefWards.csv
tacatdp,ward,3440,Itumba,Itumba,active,3440,district,162,,24,162,,,,schemas/reference-data/TACATDP_RefWards.csv
tacatdp,ward,3441,Mlale,Mlale,active,3441,district,162,,24,162,,,,schemas/reference-data/TACATDP_RefWards.csv
tacatdp,ward,3442,Ndola,Ndola,active,3442,district,162,,24,162,,,,schemas/reference-data/TACATDP_RefWards.csv
tacatdp,ward,3443,Malangali,Malangali,active,3443,district,162,,24,162,,,,schemas/reference-data/TACATDP_RefWards.csv
tacatdp,ward,3444,Kalembo,Kalembo,active,3444,district,162,,24,162,,,,schemas/reference-data/TACATDP_RefWards.csv
tacatdp,ward,3445,Ikinga,Ikinga,active,3445,district,162,,24,162,,,,schemas/reference-data/TACATDP_RefWards.csv
tacatdp,ward,3446,Ngulilo,Ngulilo,active,3446,district,162,,24,162,,,,schemas/reference-data/TACATDP_RefWards.csv
tacatdp,ward,3447,Ngulugulu,Ngulugulu,active,3447,district,162,,24,162,,,,schemas/reference-data/TACATDP_RefWards.csv
tacatdp,ward,3448,Lubanda,Lubanda,active,3448,district,162,,24,162,,,,schemas/reference-data/TACATDP_RefWards.csv
tacatdp,ward,3449,Kafule,Kafule,active,3449,district,162,,24,162,,,,schemas/reference-data/TACATDP_RefWards.csv
tacatdp,ward,3450,Luswisi,Luswisi,active,3450,district,162,,24,162,,,,schemas/reference-data/TACATDP_RefWards.csv
tacatdp,ward,3451,Sange,Sange,active,3451,district,162,,24,162,,,,schemas/reference-data/TACATDP_RefWards.csv
tacatdp,ward,3452,Iyula,Iyula,active,3452,district,163,,24,163,,,,schemas/reference-data/TACATDP_RefWards.csv
tacatdp,ward,3453,Idiwili,Idiwili,active,3453,district,163,,24,163,,,,schemas/reference-data/TACATDP_RefWards.csv
tacatdp,ward,3454,Mahenje,Mahenje,active,3454,district,163,,24,163,,,,schemas/reference-data/TACATDP_RefWards.csv
tacatdp,ward,3455,Mlangali,Mlangali,active,3455,district,163,,24,163,,,,schemas/reference-data/TACATDP_RefWards.csv
tacatdp,ward,3456,Nanyala,Nanyala,active,3456,district,163,,24,163,,,,schemas/reference-data/TACATDP_RefWards.csv
tacatdp,ward,3457,Ruanda,Ruanda,active,3457,district,163,,24,163,,,,schemas/reference-data/TACATDP_RefWards.csv
tacatdp,ward,3458,Isansa,Isansa,active,3458,district,163,,24,163,,,,schemas/reference-data/TACATDP_RefWards.csv
tacatdp,ward,3459,Magamba,Magamba,active,3459,district,163,,24,163,,,,schemas/reference-data/TACATDP_RefWards.csv
tacatdp,ward,3460,Itumpi,Itumpi,active,3460,district,163,,24,163,,,,schemas/reference-data/TACATDP_RefWards.csv
tacatdp,ward,3461,Msia,Msia,active,3461,district,163,,24,163,,,,schemas/reference-data/TACATDP_RefWards.csv
tacatdp,ward,3462,Isalalo,Isalalo,active,3462,district,163,,24,163,,,,schemas/reference-data/TACATDP_RefWards.csv
tacatdp,ward,3463,Igamba,Igamba,active,3463,district,163,,24,163,,,,schemas/reference-data/TACATDP_RefWards.csv
tacatdp,ward,3464,Shiwinga,Shiwinga,active,3464,district,163,,24,163,,,,schemas/reference-data/TACATDP_RefWards.csv
tacatdp,ward,3465,Itaka,Itaka,active,3465,district,163,,24,163,,,,schemas/reference-data/TACATDP_RefWards.csv
tacatdp,ward,3466,Nambinzo,Nambinzo,active,3466,district,163,,24,163,,,,schemas/reference-data/TACATDP_RefWards.csv
tacatdp,ward,3467,Bara,Bara,active,3467,district,163,,24,163,,,,schemas/reference-data/TACATDP_RefWards.csv
tacatdp,ward,3468,Halungu,Halungu,active,3468,district,163,,24,163,,,,schemas/reference-data/TACATDP_RefWards.csv
tacatdp,ward,3469,Ipunga,Ipunga,active,3469,district,163,,24,163,,,,schemas/reference-data/TACATDP_RefWards.csv
tacatdp,ward,3470,Ihanda,Ihanda,active,3470,district,163,,24,163,,,,schemas/reference-data/TACATDP_RefWards.csv
tacatdp,ward,3471,Ukwile,Ukwile,active,3471,district,163,,24,163,,,,schemas/reference-data/TACATDP_RefWards.csv
tacatdp,ward,3472,Kilimampimbi,Kilimampimbi,active,3472,district,163,,24,163,,,,schemas/reference-data/TACATDP_RefWards.csv
tacatdp,ward,3473,Nyimbili,Nyimbili,active,3473,district,163,,24,163,,,,schemas/reference-data/TACATDP_RefWards.csv
tacatdp,ward,3474,Hezya,Hezya,active,3474,district,163,,24,163,,,,schemas/reference-data/TACATDP_RefWards.csv
tacatdp,ward,3475,Mlowo,Mlowo,active,3475,district,163,,24,163,,,,schemas/reference-data/TACATDP_RefWards.csv
tacatdp,ward,3476,Vwawa,Vwawa,active,3476,district,163,,24,163,,,,schemas/reference-data/TACATDP_RefWards.csv
tacatdp,ward,3477,Ilolo,Ilolo,active,3477,district,163,,24,163,,,,schemas/reference-data/TACATDP_RefWards.csv
tacatdp,ward,3478,Ichenjezya,Ichenjezya,active,3478,district,163,,24,163,,,,schemas/reference-data/TACATDP_RefWards.csv
tacatdp,ward,3479,Hasanga,Hasanga,active,3479,district,163,,24,163,,,,schemas/reference-data/TACATDP_RefWards.csv
tacatdp,ward,3480,Hasamba,Hasamba,active,3480,district,163,,24,163,,,,schemas/reference-data/TACATDP_RefWards.csv
tacatdp,ward,3481,Ndalambo,Ndalambo,active,3481,district,164,,24,164,,,,schemas/reference-data/TACATDP_RefWards.csv
tacatdp,ward,3482,Ikana,Ikana,active,3482,district,164,,24,164,,,,schemas/reference-data/TACATDP_RefWards.csv
tacatdp,ward,3483,Myunga,Myunga,active,3483,district,164,,24,164,,,,schemas/reference-data/TACATDP_RefWards.csv
tacatdp,ward,3484,Nzoka,Nzoka,active,3484,district,164,,24,164,,,,schemas/reference-data/TACATDP_RefWards.csv
tacatdp,ward,3485,Kapele,Kapele,active,3485,district,164,,24,164,,,,schemas/reference-data/TACATDP_RefWards.csv
tacatdp,ward,3486,Nkangamo,Nkangamo,active,3486,district,164,,24,164,,,,schemas/reference-data/TACATDP_RefWards.csv
tacatdp,ward,3487,Kamsamba,Kamsamba,active,3487,district,164,,24,164,,,,schemas/reference-data/TACATDP_RefWards.csv
tacatdp,ward,3488,Mpapa,Mpapa,active,3488,district,164,,24,164,,,,schemas/reference-data/TACATDP_RefWards.csv
tacatdp,ward,3489,Ivuna,Ivuna,active,3489,district,164,,24,164,,,,schemas/reference-data/TACATDP_RefWards.csv
tacatdp,ward,3490,Mkomba,Mkomba,active,3490,district,164,,24,164,,,,schemas/reference-data/TACATDP_RefWards.csv
tacatdp,ward,3491,Chilulumo,Chilulumo,active,3491,district,164,,24,164,,,,schemas/reference-data/TACATDP_RefWards.csv
tacatdp,ward,3492,Mkulwe,Mkulwe,active,3492,district,164,,24,164,,,,schemas/reference-data/TACATDP_RefWards.csv
tacatdp,ward,3493,Msangano,Msangano,active,3493,district,164,,24,164,,,,schemas/reference-data/TACATDP_RefWards.csv
tacatdp,ward,3494,Chitete,Chitete,active,3494,district,164,,24,164,,,,schemas/reference-data/TACATDP_RefWards.csv
tacatdp,ward,3495,Gua,Gua,active,3495,district,165,,24,165,,,,schemas/reference-data/TACATDP_RefWards.csv
tacatdp,ward,3496,Ngwala,Ngwala,active,3496,district,165,,24,165,,,,schemas/reference-data/TACATDP_RefWards.csv
tacatdp,ward,3497,Kapalala,Kapalala,active,3497,district,165,,24,165,,,,schemas/reference-data/TACATDP_RefWards.csv
tacatdp,ward,3498,Udinde,Udinde,active,3498,district,165,,24,165,,,,schemas/reference-data/TACATDP_RefWards.csv
tacatdp,ward,3499,Mbangala,Mbangala,active,3499,district,165,,24,165,,,,schemas/reference-data/TACATDP_RefWards.csv
tacatdp,ward,3500,Saza,Saza,active,3500,district,165,,24,165,,,,schemas/reference-data/TACATDP_RefWards.csv
tacatdp,ward,3501,Mkwajuni,Mkwajuni,active,3501,district,165,,24,165,,,,schemas/reference-data/TACATDP_RefWards.csv
tacatdp,ward,3502,Mwambani,Mwambani,active,3502,district,165,,24,165,,,,schemas/reference-data/TACATDP_RefWards.csv
tacatdp,ward,3503,Totowe,Totowe,active,3503,district,165,,24,165,,,,schemas/reference-data/TACATDP_RefWards.csv
tacatdp,ward,3504,Mpona,Mpona,active,3504,district,165,,24,165,,,,schemas/reference-data/TACATDP_RefWards.csv
tacatdp,ward,3505,Namkukwe,Namkukwe,active,3505,district,165,,24,165,,,,schemas/reference-data/TACATDP_RefWards.csv
tacatdp,ward,3506,Manda,Manda,active,3506,district,165,,24,165,,,,schemas/reference-data/TACATDP_RefWards.csv
tacatdp,ward,3507,Magamba,Magamba,active,3507,district,165,,24,165,,,,schemas/reference-data/TACATDP_RefWards.csv
tacatdp,ward,3508,Galula,Galula,active,3508,district,165,,24,165,,,,schemas/reference-data/TACATDP_RefWards.csv
tacatdp,ward,3509,Mbuyuni,Mbuyuni,active,3509,district,165,,24,165,,,,schemas/reference-data/TACATDP_RefWards.csv
tacatdp,ward,3510,Chang’ombe,Chang’ombe,active,3510,district,165,,24,165,,,,schemas/reference-data/TACATDP_RefWards.csv
tacatdp,ward,3511,Kanga,Kanga,active,3511,district,165,,24,165,,,,schemas/reference-data/TACATDP_RefWards.csv
tacatdp,ward,3512,Ifwenkenya,Ifwenkenya,active,3512,district,165,,24,165,,,,schemas/reference-data/TACATDP_RefWards.csv
tacatdp,ward,3513,Ipuli,Ipuli,active,3513,district,166,,25,166,,,,schemas/reference-data/TACATDP_RefWards.csv
tacatdp,ward,3514,Mpela,Mpela,active,3514,district,166,,25,166,,,,schemas/reference-data/TACATDP_RefWards.csv
tacatdp,ward,3515,Kitete,Kitete,active,3515,district,166,,25,166,,,,schemas/reference-data/TACATDP_RefWards.csv
tacatdp,ward,3516,Chemchem,Chemchem,active,3516,district,166,,25,166,,,,schemas/reference-data/TACATDP_RefWards.csv
tacatdp,ward,3517,Mwinyi,Mwinyi,active,3517,district,166,,25,166,,,,schemas/reference-data/TACATDP_RefWards.csv
tacatdp,ward,3518,Ng'ambo,Ng'ambo,active,3518,district,166,,25,166,,,,schemas/reference-data/TACATDP_RefWards.csv
tacatdp,ward,3519,Kidongochekundu,Kidongochekundu,active,3519,district,166,,25,166,,,,schemas/reference-data/TACATDP_RefWards.csv
tacatdp,ward,3520,Kiloleni,Kiloleni,active,3520,district,166,,25,166,,,,schemas/reference-data/TACATDP_RefWards.csv
tacatdp,ward,3521,Mapambano,Mapambano,active,3521,district,166,,25,166,,,,schemas/reference-data/TACATDP_RefWards.csv
tacatdp,ward,3522,Mtendeni,Mtendeni,active,3522,district,166,,25,166,,,,schemas/reference-data/TACATDP_RefWards.csv
tacatdp,ward,3523,Malolo,Malolo,active,3523,district,166,,25,166,,,,schemas/reference-data/TACATDP_RefWards.csv
tacatdp,ward,3524,Tambuka-Reli,Tambuka-Reli,active,3524,district,166,,25,166,,,,schemas/reference-data/TACATDP_RefWards.csv
tacatdp,ward,3525,Isevya,Isevya,active,3525,district,166,,25,166,,,,schemas/reference-data/TACATDP_RefWards.csv
tacatdp,ward,3526,Gongoni,Gongoni,active,3526,district,166,,25,166,,,,schemas/reference-data/TACATDP_RefWards.csv
tacatdp,ward,3527,Kanyenye,Kanyenye,active,3527,district,166,,25,166,,,,schemas/reference-data/TACATDP_RefWards.csv
tacatdp,ward,3528,Mbugani,Mbugani,active,3528,district,166,,25,166,,,,schemas/reference-data/TACATDP_RefWards.csv
tacatdp,ward,3529,Cheyo,Cheyo,active,3529,district,166,,25,166,,,,schemas/reference-data/TACATDP_RefWards.csv
tacatdp,ward,3530,Ndevelwa,Ndevelwa,active,3530,district,166,,25,166,,,,schemas/reference-data/TACATDP_RefWards.csv
tacatdp,ward,3531,Kalunde,Kalunde,active,3531,district,166,,25,166,,,,schemas/reference-data/TACATDP_RefWards.csv
tacatdp,ward,3532,Uyui,Uyui,active,3532,district,166,,25,166,,,,schemas/reference-data/TACATDP_RefWards.csv
tacatdp,ward,3533,Tumbi,Tumbi,active,3533,district,166,,25,166,,,,schemas/reference-data/TACATDP_RefWards.csv
tacatdp,ward,3534,Itonjanda,Itonjanda,active,3534,district,166,,25,166,,,,schemas/reference-data/TACATDP_RefWards.csv
tacatdp,ward,3535,Ikomwa,Ikomwa,active,3535,district,166,,25,166,,,,schemas/reference-data/TACATDP_RefWards.csv
tacatdp,ward,3536,Ifucha,Ifucha,active,3536,district,166,,25,166,,,,schemas/reference-data/TACATDP_RefWards.csv
tacatdp,ward,3537,Kabila,Kabila,active,3537,district,166,,25,166,,,,schemas/reference-data/TACATDP_RefWards.csv
tacatdp,ward,3538,Misha,Misha,active,3538,district,166,,25,166,,,,schemas/reference-data/TACATDP_RefWards.csv
tacatdp,ward,3539,Kakola,Kakola,active,3539,district,166,,25,166,,,,schemas/reference-data/TACATDP_RefWards.csv
tacatdp,ward,3540,Itetemia,Itetemia,active,3540,district,166,,25,166,,,,schemas/reference-data/TACATDP_RefWards.csv
tacatdp,ward,3541,Ntalikwa,Ntalikwa,active,3541,district,166,,25,166,,,,schemas/reference-data/TACATDP_RefWards.csv
tacatdp,ward,3542,Nzega Mjini Magharibi,Nzega Mjini Magharibi,active,3542,district,167,,25,167,,,,schemas/reference-data/TACATDP_RefWards.csv
tacatdp,ward,3543,Nzega Mjini Mashariki,Nzega Mjini Mashariki,active,3543,district,167,,25,167,,,,schemas/reference-data/TACATDP_RefWards.csv
tacatdp,ward,3544,Kitangili,Kitangili,active,3544,district,167,,25,167,,,,schemas/reference-data/TACATDP_RefWards.csv
tacatdp,ward,3545,Ijanija,Ijanija,active,3545,district,167,,25,167,,,,schemas/reference-data/TACATDP_RefWards.csv
tacatdp,ward,3546,Uchama,Uchama,active,3546,district,167,,25,167,,,,schemas/reference-data/TACATDP_RefWards.csv
tacatdp,ward,3547,Itilo,Itilo,active,3547,district,167,,25,167,,,,schemas/reference-data/TACATDP_RefWards.csv
tacatdp,ward,3548,Mbogwe,Mbogwe,active,3548,district,167,,25,167,,,,schemas/reference-data/TACATDP_RefWards.csv
tacatdp,ward,3549,Miguwa,Miguwa,active,3549,district,167,,25,167,,,,schemas/reference-data/TACATDP_RefWards.csv
tacatdp,ward,3550,Mwanzoli,Mwanzoli,active,3550,district,167,,25,167,,,,schemas/reference-data/TACATDP_RefWards.csv
tacatdp,ward,3551,Nzega Ndogo,Nzega Ndogo,active,3551,district,167,,25,167,,,,schemas/reference-data/TACATDP_RefWards.csv
tacatdp,ward,3552,Igurubi,Igurubi,active,3552,district,168,,25,168,,,,schemas/reference-data/TACATDP_RefWards.csv
tacatdp,ward,3553,Itunduru,Itunduru,active,3553,district,168,,25,168,,,,schemas/reference-data/TACATDP_RefWards.csv
tacatdp,ward,3554,Kinungu,Kinungu,active,3554,district,168,,25,168,,,,schemas/reference-data/TACATDP_RefWards.csv
tacatdp,ward,3555,Mwamashimba,Mwamashimba,active,3555,district,168,,25,168,,,,schemas/reference-data/TACATDP_RefWards.csv
tacatdp,ward,3556,Mwamakona,Mwamakona,active,3556,district,168,,25,168,,,,schemas/reference-data/TACATDP_RefWards.csv
tacatdp,ward,3557,Mwamashiga,Mwamashiga,active,3557,district,168,,25,168,,,,schemas/reference-data/TACATDP_RefWards.csv
tacatdp,ward,3558,Kining'inila,Kining'inila,active,3558,district,168,,25,168,,,,schemas/reference-data/TACATDP_RefWards.csv
tacatdp,ward,3559,Nkinga,Nkinga,active,3559,district,168,,25,168,,,,schemas/reference-data/TACATDP_RefWards.csv
tacatdp,ward,3560,Ndembezi,Ndembezi,active,3560,district,168,,25,168,,,,schemas/reference-data/TACATDP_RefWards.csv
tacatdp,ward,3561,Nyandekwa,Nyandekwa,active,3561,district,168,,25,168,,,,schemas/reference-data/TACATDP_RefWards.csv
tacatdp,ward,3562,Ugaka,Ugaka,active,3562,district,168,,25,168,,,,schemas/reference-data/TACATDP_RefWards.csv
tacatdp,ward,3563,Kitangili,Kitangili,active,3563,district,168,,25,168,,,,schemas/reference-data/TACATDP_RefWards.csv
tacatdp,ward,3564,Chomachankola,Chomachankola,active,3564,district,168,,25,168,,,,schemas/reference-data/TACATDP_RefWards.csv
tacatdp,ward,3565,Mwashikumbili,Mwashikumbili,active,3565,district,168,,25,168,,,,schemas/reference-data/TACATDP_RefWards.csv
tacatdp,ward,3566,Ngulu,Ngulu,active,3566,district,168,,25,168,,,,schemas/reference-data/TACATDP_RefWards.csv
tacatdp,ward,3567,Ntobo,Ntobo,active,3567,district,168,,25,168,,,,schemas/reference-data/TACATDP_RefWards.csv
tacatdp,ward,3568,Ziba,Ziba,active,3568,district,168,,25,168,,,,schemas/reference-data/TACATDP_RefWards.csv
tacatdp,ward,3569,Iborogelo,Iborogelo,active,3569,district,168,,25,168,,,,schemas/reference-data/TACATDP_RefWards.csv
tacatdp,ward,3570,Sungwizi,Sungwizi,active,3570,district,168,,25,168,,,,schemas/reference-data/TACATDP_RefWards.csv
tacatdp,ward,3571,Mwamala,Mwamala,active,3571,district,168,,25,168,,,,schemas/reference-data/TACATDP_RefWards.csv
tacatdp,ward,3572,Simbo,Simbo,active,3572,district,168,,25,168,,,,schemas/reference-data/TACATDP_RefWards.csv
tacatdp,ward,3573,Igoweko,Igoweko,active,3573,district,168,,25,168,,,,schemas/reference-data/TACATDP_RefWards.csv
tacatdp,ward,3574,Chabutwa,Chabutwa,active,3574,district,168,,25,168,,,,schemas/reference-data/TACATDP_RefWards.csv
tacatdp,ward,3575,Mwisi,Mwisi,active,3575,district,168,,25,168,,,,schemas/reference-data/TACATDP_RefWards.csv
tacatdp,ward,3576,Uswaya,Uswaya,active,3576,district,168,,25,168,,,,schemas/reference-data/TACATDP_RefWards.csv
tacatdp,ward,3577,Tambalale,Tambalale,active,3577,district,168,,25,168,,,,schemas/reference-data/TACATDP_RefWards.csv
tacatdp,ward,3578,Mbutu,Mbutu,active,3578,district,168,,25,168,,,,schemas/reference-data/TACATDP_RefWards.csv
tacatdp,ward,3579,Bukoko,Bukoko,active,3579,district,168,,25,168,,,,schemas/reference-data/TACATDP_RefWards.csv
tacatdp,ward,3580,Itumba,Itumba,active,3580,district,168,,25,168,,,,schemas/reference-data/TACATDP_RefWards.csv
tacatdp,ward,3581,Lugubu,Lugubu,active,3581,district,168,,25,168,,,,schemas/reference-data/TACATDP_RefWards.csv
tacatdp,ward,3582,Nanga,Nanga,active,3582,district,168,,25,168,,,,schemas/reference-data/TACATDP_RefWards.csv
tacatdp,ward,3583,Nguvumoja,Nguvumoja,active,3583,district,168,,25,168,,,,schemas/reference-data/TACATDP_RefWards.csv
tacatdp,ward,3584,Mtunguru,Mtunguru,active,3584,district,168,,25,168,,,,schemas/reference-data/TACATDP_RefWards.csv
tacatdp,ward,3585,Isakamaliwa,Isakamaliwa,active,3585,district,168,,25,168,,,,schemas/reference-data/TACATDP_RefWards.csv
tacatdp,ward,3586,Igunga,Igunga,active,3586,district,168,,25,168,,,,schemas/reference-data/TACATDP_RefWards.csv
tacatdp,ward,3587,Kaliua,Kaliua,active,3587,district,169,,25,169,,,,schemas/reference-data/TACATDP_RefWards.csv
tacatdp,ward,3588,Ufukutwa,Ufukutwa,active,3588,district,169,,25,169,,,,schemas/reference-data/TACATDP_RefWards.csv
tacatdp,ward,3589,Ugunga,Ugunga,active,3589,district,169,,25,169,,,,schemas/reference-data/TACATDP_RefWards.csv
tacatdp,ward,3590,Ukumbi Siganga,Ukumbi Siganga,active,3590,district,169,,25,169,,,,schemas/reference-data/TACATDP_RefWards.csv
tacatdp,ward,3591,Zugimlole,Zugimlole,active,3591,district,169,,25,169,,,,schemas/reference-data/TACATDP_RefWards.csv
tacatdp,ward,3592,Kamsekwa,Kamsekwa,active,3592,district,169,,25,169,,,,schemas/reference-data/TACATDP_RefWards.csv
tacatdp,ward,3593,Igagala,Igagala,active,3593,district,169,,25,169,,,,schemas/reference-data/TACATDP_RefWards.csv
tacatdp,ward,3594,Usinge,Usinge,active,3594,district,169,,25,169,,,,schemas/reference-data/TACATDP_RefWards.csv
tacatdp,ward,3595,Usenye,Usenye,active,3595,district,169,,25,169,,,,schemas/reference-data/TACATDP_RefWards.csv
tacatdp,ward,3596,Kazaroho,Kazaroho,active,3596,district,169,,25,169,,,,schemas/reference-data/TACATDP_RefWards.csv
tacatdp,ward,3597,Usimba,Usimba,active,3597,district,169,,25,169,,,,schemas/reference-data/TACATDP_RefWards.csv
tacatdp,ward,3598,Igwisi,Igwisi,active,3598,district,169,,25,169,,,,schemas/reference-data/TACATDP_RefWards.csv
tacatdp,ward,3599,Ushokola,Ushokola,active,3599,district,169,,25,169,,,,schemas/reference-data/TACATDP_RefWards.csv
tacatdp,ward,3600,Mwongozo,Mwongozo,active,3600,district,169,,25,169,,,,schemas/reference-data/TACATDP_RefWards.csv
tacatdp,ward,3601,Kanoge,Kanoge,active,3601,district,169,,25,169,,,,schemas/reference-data/TACATDP_RefWards.csv
tacatdp,ward,3602,Uyowa,Uyowa,active,3602,district,169,,25,169,,,,schemas/reference-data/TACATDP_RefWards.csv
tacatdp,ward,3603,Silambo,Silambo,active,3603,district,169,,25,169,,,,schemas/reference-data/TACATDP_RefWards.csv
tacatdp,ward,3604,Ichemba,Ichemba,active,3604,district,169,,25,169,,,,schemas/reference-data/TACATDP_RefWards.csv
tacatdp,ward,3605,Nhwande*,Nhwande*,active,3605,district,169,,25,169,,,,schemas/reference-data/TACATDP_RefWards.csv
tacatdp,ward,3606,Makingi,Makingi,active,3606,district,169,,25,169,,,,schemas/reference-data/TACATDP_RefWards.csv
tacatdp,ward,3607,Milambo,Milambo,active,3607,district,169,,25,169,,,,schemas/reference-data/TACATDP_RefWards.csv
tacatdp,ward,3608,Igombemkulu,Igombemkulu,active,3608,district,169,,25,169,,,,schemas/reference-data/TACATDP_RefWards.csv
tacatdp,ward,3609,Mkindo,Mkindo,active,3609,district,169,,25,169,,,,schemas/reference-data/TACATDP_RefWards.csv
tacatdp,ward,3610,Kashishi,Kashishi,active,3610,district,169,,25,169,,,,schemas/reference-data/TACATDP_RefWards.csv
tacatdp,ward,3611,Seleli,Seleli,active,3611,district,169,,25,169,,,,schemas/reference-data/TACATDP_RefWards.csv
tacatdp,ward,3612,Sasu,Sasu,active,3612,district,169,,25,169,,,,schemas/reference-data/TACATDP_RefWards.csv
tacatdp,ward,3613,Kona Nne,Kona Nne,active,3613,district,169,,25,169,,,,schemas/reference-data/TACATDP_RefWards.csv
tacatdp,ward,3614,Ilege,Ilege,active,3614,district,169,,25,169,,,,schemas/reference-data/TACATDP_RefWards.csv
tacatdp,ward,3615,Isanzu,Isanzu,active,3615,district,170,,25,170,,,,schemas/reference-data/TACATDP_RefWards.csv
tacatdp,ward,3616,Nata,Nata,active,3616,district,170,,25,170,,,,schemas/reference-data/TACATDP_RefWards.csv
tacatdp,ward,3617,Lusu,Lusu,active,3617,district,170,,25,170,,,,schemas/reference-data/TACATDP_RefWards.csv
tacatdp,ward,3618,Mwasala,Mwasala,active,3618,district,170,,25,170,,,,schemas/reference-data/TACATDP_RefWards.csv
tacatdp,ward,3619,Muhugi,Muhugi,active,3619,district,170,,25,170,,,,schemas/reference-data/TACATDP_RefWards.csv
tacatdp,ward,3620,Utwigu,Utwigu,active,3620,district,170,,25,170,,,,schemas/reference-data/TACATDP_RefWards.csv
tacatdp,ward,3621,Mwantundu,Mwantundu,active,3621,district,170,,25,170,,,,schemas/reference-data/TACATDP_RefWards.csv
tacatdp,ward,3622,Wela,Wela,active,3622,district,170,,25,170,,,,schemas/reference-data/TACATDP_RefWards.csv
tacatdp,ward,3623,Budushi,Budushi,active,3623,district,170,,25,170,,,,schemas/reference-data/TACATDP_RefWards.csv
tacatdp,ward,3624,Puge,Puge,active,3624,district,170,,25,170,,,,schemas/reference-data/TACATDP_RefWards.csv
tacatdp,ward,3625,Milambo Itobo,Milambo Itobo,active,3625,district,170,,25,170,,,,schemas/reference-data/TACATDP_RefWards.csv
tacatdp,ward,3626,Magengati,Magengati,active,3626,district,170,,25,170,,,,schemas/reference-data/TACATDP_RefWards.csv
tacatdp,ward,3627,Nkiniziwa,Nkiniziwa,active,3627,district,170,,25,170,,,,schemas/reference-data/TACATDP_RefWards.csv
tacatdp,ward,3628,Mbagwa,Mbagwa,active,3628,district,170,,25,170,,,,schemas/reference-data/TACATDP_RefWards.csv
tacatdp,ward,3629,Tongi,Tongi,active,3629,district,170,,25,170,,,,schemas/reference-data/TACATDP_RefWards.csv
tacatdp,ward,3630,Mizibaziba,Mizibaziba,active,3630,district,170,,25,170,,,,schemas/reference-data/TACATDP_RefWards.csv
tacatdp,ward,3631,Ndala,Ndala,active,3631,district,170,,25,170,,,,schemas/reference-data/TACATDP_RefWards.csv
tacatdp,ward,3632,Mwakashanhala,Mwakashanhala,active,3632,district,170,,25,170,,,,schemas/reference-data/TACATDP_RefWards.csv
tacatdp,ward,3633,Ugembe,Ugembe,active,3633,district,170,,25,170,,,,schemas/reference-data/TACATDP_RefWards.csv
tacatdp,ward,3634,Isagenhe,Isagenhe,active,3634,district,170,,25,170,,,,schemas/reference-data/TACATDP_RefWards.csv
tacatdp,ward,3635,Mogwa,Mogwa,active,3635,district,170,,25,170,,,,schemas/reference-data/TACATDP_RefWards.csv
tacatdp,ward,3636,Mambali,Mambali,active,3636,district,170,,25,170,,,,schemas/reference-data/TACATDP_RefWards.csv
tacatdp,ward,3637,Mbutu,Mbutu,active,3637,district,170,,25,170,,,,schemas/reference-data/TACATDP_RefWards.csv
tacatdp,ward,3638,Kahamanhalanga,Kahamanhalanga,active,3638,district,170,,25,170,,,,schemas/reference-data/TACATDP_RefWards.csv
tacatdp,ward,3639,Semembela,Semembela,active,3639,district,170,,25,170,,,,schemas/reference-data/TACATDP_RefWards.csv
tacatdp,ward,3640,Ikindwa,Ikindwa,active,3640,district,170,,25,170,,,,schemas/reference-data/TACATDP_RefWards.csv
tacatdp,ward,3641,Bukene,Bukene,active,3641,district,170,,25,170,,,,schemas/reference-data/TACATDP_RefWards.csv
tacatdp,ward,3642,Uduka,Uduka,active,3642,district,170,,25,170,,,,schemas/reference-data/TACATDP_RefWards.csv
tacatdp,ward,3643,Shigamba,Shigamba,active,3643,district,170,,25,170,,,,schemas/reference-data/TACATDP_RefWards.csv
tacatdp,ward,3644,Sigili,Sigili,active,3644,district,170,,25,170,,,,schemas/reference-data/TACATDP_RefWards.csv
tacatdp,ward,3645,Itobo,Itobo,active,3645,district,170,,25,170,,,,schemas/reference-data/TACATDP_RefWards.csv
tacatdp,ward,3646,Karitu,Karitu,active,3646,district,170,,25,170,,,,schemas/reference-data/TACATDP_RefWards.csv
tacatdp,ward,3647,Kasela,Kasela,active,3647,district,170,,25,170,,,,schemas/reference-data/TACATDP_RefWards.csv
tacatdp,ward,3648,Mwangoye,Mwangoye,active,3648,district,170,,25,170,,,,schemas/reference-data/TACATDP_RefWards.csv
tacatdp,ward,3649,Igusule,Igusule,active,3649,district,170,,25,170,,,,schemas/reference-data/TACATDP_RefWards.csv
tacatdp,ward,3650,Mwamala,Mwamala,active,3650,district,170,,25,170,,,,schemas/reference-data/TACATDP_RefWards.csv
tacatdp,ward,3651,Sikonge,Sikonge,active,3651,district,171,,25,171,,,,schemas/reference-data/TACATDP_RefWards.csv
tacatdp,ward,3652,Mkolye,Mkolye,active,3652,district,171,,25,171,,,,schemas/reference-data/TACATDP_RefWards.csv
tacatdp,ward,3653,Misheni,Misheni,active,3653,district,171,,25,171,,,,schemas/reference-data/TACATDP_RefWards.csv
tacatdp,ward,3654,Kisanga,Kisanga,active,3654,district,171,,25,171,,,,schemas/reference-data/TACATDP_RefWards.csv
tacatdp,ward,3655,Chabutwa,Chabutwa,active,3655,district,171,,25,171,,,,schemas/reference-data/TACATDP_RefWards.csv
tacatdp,ward,3656,Ipole,Ipole,active,3656,district,171,,25,171,,,,schemas/reference-data/TACATDP_RefWards.csv
tacatdp,ward,3657,Ngoywa,Ngoywa,active,3657,district,171,,25,171,,,,schemas/reference-data/TACATDP_RefWards.csv
tacatdp,ward,3658,Tutuo,Tutuo,active,3658,district,171,,25,171,,,,schemas/reference-data/TACATDP_RefWards.csv
tacatdp,ward,3659,Mole,Mole,active,3659,district,171,,25,171,,,,schemas/reference-data/TACATDP_RefWards.csv
tacatdp,ward,3660,Kiloleli,Kiloleli,active,3660,district,171,,25,171,,,,schemas/reference-data/TACATDP_RefWards.csv
tacatdp,ward,3661,Kipanga,Kipanga,active,3661,district,171,,25,171,,,,schemas/reference-data/TACATDP_RefWards.csv
tacatdp,ward,3662,Usunga,Usunga,active,3662,district,171,,25,171,,,,schemas/reference-data/TACATDP_RefWards.csv
tacatdp,ward,3663,Igigwa,Igigwa,active,3663,district,171,,25,171,,,,schemas/reference-data/TACATDP_RefWards.csv
tacatdp,ward,3664,Nyahua,Nyahua,active,3664,district,171,,25,171,,,,schemas/reference-data/TACATDP_RefWards.csv
tacatdp,ward,3665,Pangale,Pangale,active,3665,district,171,,25,171,,,,schemas/reference-data/TACATDP_RefWards.csv
tacatdp,ward,3666,Mpombwe,Mpombwe,active,3666,district,171,,25,171,,,,schemas/reference-data/TACATDP_RefWards.csv
tacatdp,ward,3667,Kipili,Kipili,active,3667,district,171,,25,171,,,,schemas/reference-data/TACATDP_RefWards.csv
tacatdp,ward,3668,Kilumbi,Kilumbi,active,3668,district,171,,25,171,,,,schemas/reference-data/TACATDP_RefWards.csv
tacatdp,ward,3669,Kiloli,Kiloli,active,3669,district,171,,25,171,,,,schemas/reference-data/TACATDP_RefWards.csv
tacatdp,ward,3670,Kitunda,Kitunda,active,3670,district,171,,25,171,,,,schemas/reference-data/TACATDP_RefWards.csv
tacatdp,ward,3671,Ibiri,Ibiri,active,3671,district,172,,25,172,,,,schemas/reference-data/TACATDP_RefWards.csv
tacatdp,ward,3672,Usagari,Usagari,active,3672,district,172,,25,172,,,,schemas/reference-data/TACATDP_RefWards.csv
tacatdp,ward,3673,Ilolangulu,Ilolangulu,active,3673,district,172,,25,172,,,,schemas/reference-data/TACATDP_RefWards.csv
tacatdp,ward,3674,Isila,Isila,active,3674,district,172,,25,172,,,,schemas/reference-data/TACATDP_RefWards.csv
tacatdp,ward,3675,Mabama,Mabama,active,3675,district,172,,25,172,,,,schemas/reference-data/TACATDP_RefWards.csv
tacatdp,ward,3676,Kalola,Kalola,active,3676,district,172,,25,172,,,,schemas/reference-data/TACATDP_RefWards.csv
tacatdp,ward,3677,Ndono,Ndono,active,3677,district,172,,25,172,,,,schemas/reference-data/TACATDP_RefWards.csv
tacatdp,ward,3678,Ufuluma,Ufuluma,active,3678,district,172,,25,172,,,,schemas/reference-data/TACATDP_RefWards.csv
tacatdp,ward,3679,Makazi,Makazi,active,3679,district,172,,25,172,,,,schemas/reference-data/TACATDP_RefWards.csv
tacatdp,ward,3680,Miyenze,Miyenze,active,3680,district,172,,25,172,,,,schemas/reference-data/TACATDP_RefWards.csv
tacatdp,ward,3681,Miswaki,Miswaki,active,3681,district,172,,25,172,,,,schemas/reference-data/TACATDP_RefWards.csv
tacatdp,ward,3682,Loya,Loya,active,3682,district,172,,25,172,,,,schemas/reference-data/TACATDP_RefWards.csv
tacatdp,ward,3683,Goweko,Goweko,active,3683,district,172,,25,172,,,,schemas/reference-data/TACATDP_RefWards.csv
tacatdp,ward,3684,Tura,Tura,active,3684,district,172,,25,172,,,,schemas/reference-data/TACATDP_RefWards.csv
tacatdp,ward,3685,Nsololo,Nsololo,active,3685,district,172,,25,172,,,,schemas/reference-data/TACATDP_RefWards.csv
tacatdp,ward,3686,Kigwa,Kigwa,active,3686,district,172,,25,172,,,,schemas/reference-data/TACATDP_RefWards.csv
tacatdp,ward,3687,Igalula,Igalula,active,3687,district,172,,25,172,,,,schemas/reference-data/TACATDP_RefWards.csv
tacatdp,ward,3688,Kizengi,Kizengi,active,3688,district,172,,25,172,,,,schemas/reference-data/TACATDP_RefWards.csv
tacatdp,ward,3689,Lutende,Lutende,active,3689,district,172,,25,172,,,,schemas/reference-data/TACATDP_RefWards.csv
tacatdp,ward,3690,Mmale,Mmale,active,3690,district,172,,25,172,,,,schemas/reference-data/TACATDP_RefWards.csv
tacatdp,ward,3691,Bukumbi,Bukumbi,active,3691,district,172,,25,172,,,,schemas/reference-data/TACATDP_RefWards.csv
tacatdp,ward,3692,Magiri,Magiri,active,3692,district,172,,25,172,,,,schemas/reference-data/TACATDP_RefWards.csv
tacatdp,ward,3693,Igulungu,Igulungu,active,3693,district,172,,25,172,,,,schemas/reference-data/TACATDP_RefWards.csv
tacatdp,ward,3694,Upuge,Upuge,active,3694,district,172,,25,172,,,,schemas/reference-data/TACATDP_RefWards.csv
tacatdp,ward,3695,Shitage,Shitage,active,3695,district,172,,25,172,,,,schemas/reference-data/TACATDP_RefWards.csv
tacatdp,ward,3696,Ibelamilundi,Ibelamilundi,active,3696,district,172,,25,172,,,,schemas/reference-data/TACATDP_RefWards.csv
tacatdp,ward,3697,Nsimbo,Nsimbo,active,3697,district,172,,25,172,,,,schemas/reference-data/TACATDP_RefWards.csv
tacatdp,ward,3698,Isikizya,Isikizya,active,3698,district,172,,25,172,,,,schemas/reference-data/TACATDP_RefWards.csv
tacatdp,ward,3699,Ikongolo,Ikongolo,active,3699,district,172,,25,172,,,,schemas/reference-data/TACATDP_RefWards.csv
tacatdp,ward,3700,Nzubuka,Nzubuka,active,3700,district,172,,25,172,,,,schemas/reference-data/TACATDP_RefWards.csv
tacatdp,ward,3701,Kiloleni,Kiloleni,active,3701,district,173,,25,173,,,,schemas/reference-data/TACATDP_RefWards.csv
tacatdp,ward,3702,Usisya,Usisya,active,3702,district,173,,25,173,,,,schemas/reference-data/TACATDP_RefWards.csv
tacatdp,ward,3703,Ussoke,Ussoke,active,3703,district,173,,25,173,,,,schemas/reference-data/TACATDP_RefWards.csv
tacatdp,ward,3704,Uyumbu,Uyumbu,active,3704,district,173,,25,173,,,,schemas/reference-data/TACATDP_RefWards.csv
tacatdp,ward,3705,Ugalla,Ugalla,active,3705,district,173,,25,173,,,,schemas/reference-data/TACATDP_RefWards.csv
tacatdp,ward,3706,Kapilula,Kapilula,active,3706,district,173,,25,173,,,,schemas/reference-data/TACATDP_RefWards.csv
tacatdp,ward,3707,Itundu,Itundu,active,3707,district,173,,25,173,,,,schemas/reference-data/TACATDP_RefWards.csv
tacatdp,ward,3708,Kasisi,Kasisi,active,3708,district,173,,25,173,,,,schemas/reference-data/TACATDP_RefWards.csv
tacatdp,ward,3709,Imalamakoye,Imalamakoye,active,3709,district,173,,25,173,,,,schemas/reference-data/TACATDP_RefWards.csv
tacatdp,ward,3710,Nsenda,Nsenda,active,3710,district,173,,25,173,,,,schemas/reference-data/TACATDP_RefWards.csv
tacatdp,ward,3711,Vumilia,Vumilia,active,3711,district,173,,25,173,,,,schemas/reference-data/TACATDP_RefWards.csv
tacatdp,ward,3712,Songambele,Songambele,active,3712,district,173,,25,173,,,,schemas/reference-data/TACATDP_RefWards.csv
tacatdp,ward,3713,Uyogo,Uyogo,active,3713,district,173,,25,173,,,,schemas/reference-data/TACATDP_RefWards.csv
tacatdp,ward,3714,Ukondamoyo,Ukondamoyo,active,3714,district,173,,25,173,,,,schemas/reference-data/TACATDP_RefWards.csv
tacatdp,ward,3715,Muungano,Muungano,active,3715,district,173,,25,173,,,,schemas/reference-data/TACATDP_RefWards.csv
tacatdp,ward,3716,Mchikichini,Mchikichini,active,3716,district,173,,25,173,,,,schemas/reference-data/TACATDP_RefWards.csv
tacatdp,ward,3717,Kiyungi,Kiyungi,active,3717,district,173,,25,173,,,,schemas/reference-data/TACATDP_RefWards.csv
tacatdp,ward,3718,Urambo,Urambo,active,3718,district,173,,25,173,,,,schemas/reference-data/TACATDP_RefWards.csv
tacatdp,ward,3719,Mlimani,Mlimani,active,3719,district,174,,26,174,,,,schemas/reference-data/TACATDP_RefWards.csv
tacatdp,ward,3720,Konje,Konje,active,3720,district,174,,26,174,,,,schemas/reference-data/TACATDP_RefWards.csv
tacatdp,ward,3721,Msasa,Msasa,active,3721,district,174,,26,174,,,,schemas/reference-data/TACATDP_RefWards.csv
tacatdp,ward,3722,Kideleko,Kideleko,active,3722,district,174,,26,174,,,,schemas/reference-data/TACATDP_RefWards.csv
tacatdp,ward,3723,Kwamagome,Kwamagome,active,3723,district,174,,26,174,,,,schemas/reference-data/TACATDP_RefWards.csv
tacatdp,ward,3724,Vibaoni,Vibaoni,active,3724,district,174,,26,174,,,,schemas/reference-data/TACATDP_RefWards.csv
tacatdp,ward,3725,Chanika,Chanika,active,3725,district,174,,26,174,,,,schemas/reference-data/TACATDP_RefWards.csv
tacatdp,ward,3726,Mdoe,Mdoe,active,3726,district,174,,26,174,,,,schemas/reference-data/TACATDP_RefWards.csv
tacatdp,ward,3727,Kwenjugo,Kwenjugo,active,3727,district,174,,26,174,,,,schemas/reference-data/TACATDP_RefWards.csv
tacatdp,ward,3728,Kwediyamba,Kwediyamba,active,3728,district,174,,26,174,,,,schemas/reference-data/TACATDP_RefWards.csv
tacatdp,ward,3729,Malezi,Malezi,active,3729,district,174,,26,174,,,,schemas/reference-data/TACATDP_RefWards.csv
tacatdp,ward,3730,Mabanda,Mabanda,active,3730,district,174,,26,174,,,,schemas/reference-data/TACATDP_RefWards.csv
tacatdp,ward,3731,Old Korogwe,Old Korogwe,active,3731,district,175,,26,175,,,,schemas/reference-data/TACATDP_RefWards.csv
tacatdp,ward,3732,Kilole,Kilole,active,3732,district,175,,26,175,,,,schemas/reference-data/TACATDP_RefWards.csv
tacatdp,ward,3733,Bagamoyo,Bagamoyo,active,3733,district,175,,26,175,,,,schemas/reference-data/TACATDP_RefWards.csv
tacatdp,ward,3734,Manundu,Manundu,active,3734,district,175,,26,175,,,,schemas/reference-data/TACATDP_RefWards.csv
tacatdp,ward,3735,Majengo,Majengo,active,3735,district,175,,26,175,,,,schemas/reference-data/TACATDP_RefWards.csv
tacatdp,ward,3736,Mtonga,Mtonga,active,3736,district,175,,26,175,,,,schemas/reference-data/TACATDP_RefWards.csv
tacatdp,ward,3737,Magunga,Magunga,active,3737,district,175,,26,175,,,,schemas/reference-data/TACATDP_RefWards.csv
tacatdp,ward,3738,Masuguru,Masuguru,active,3738,district,175,,26,175,,,,schemas/reference-data/TACATDP_RefWards.csv
tacatdp,ward,3739,Mgombezi,Mgombezi,active,3739,district,175,,26,175,,,,schemas/reference-data/TACATDP_RefWards.csv
tacatdp,ward,3740,Kwamsisi,Kwamsisi,active,3740,district,175,,26,175,,,,schemas/reference-data/TACATDP_RefWards.csv
tacatdp,ward,3741,Kwamndolwa,Kwamndolwa,active,3741,district,175,,26,175,,,,schemas/reference-data/TACATDP_RefWards.csv
tacatdp,ward,3742,Ngamiani Kati,Ngamiani Kati,active,3742,district,176,,26,176,,,,schemas/reference-data/TACATDP_RefWards.csv
tacatdp,ward,3743,Ngamiani Kusini,Ngamiani Kusini,active,3743,district,176,,26,176,,,,schemas/reference-data/TACATDP_RefWards.csv
tacatdp,ward,3744,Majengo,Majengo,active,3744,district,176,,26,176,,,,schemas/reference-data/TACATDP_RefWards.csv
tacatdp,ward,3745,Msambweni,Msambweni,active,3745,district,176,,26,176,,,,schemas/reference-data/TACATDP_RefWards.csv
tacatdp,ward,3746,Mwanzange,Mwanzange,active,3746,district,176,,26,176,,,,schemas/reference-data/TACATDP_RefWards.csv
tacatdp,ward,3747,Mabawa,Mabawa,active,3747,district,176,,26,176,,,,schemas/reference-data/TACATDP_RefWards.csv
tacatdp,ward,3748,Magaoni,Magaoni,active,3748,district,176,,26,176,,,,schemas/reference-data/TACATDP_RefWards.csv
tacatdp,ward,3749,Ngamiani Kaskazini,Ngamiani Kaskazini,active,3749,district,176,,26,176,,,,schemas/reference-data/TACATDP_RefWards.csv
tacatdp,ward,3750,Central,Central,active,3750,district,176,,26,176,,,,schemas/reference-data/TACATDP_RefWards.csv
tacatdp,ward,3751,Usagara,Usagara,active,3751,district,176,,26,176,,,,schemas/reference-data/TACATDP_RefWards.csv
tacatdp,ward,3752,Makorora,Makorora,active,3752,district,176,,26,176,,,,schemas/reference-data/TACATDP_RefWards.csv
tacatdp,ward,3753,Mzingani,Mzingani,active,3753,district,176,,26,176,,,,schemas/reference-data/TACATDP_RefWards.csv
tacatdp,ward,3754,Mnyanjani,Mnyanjani,active,3754,district,176,,26,176,,,,schemas/reference-data/TACATDP_RefWards.csv
tacatdp,ward,3755,Pongwe,Pongwe,active,3755,district,176,,26,176,,,,schemas/reference-data/TACATDP_RefWards.csv
tacatdp,ward,3756,Tangasisi,Tangasisi,active,3756,district,176,,26,176,,,,schemas/reference-data/TACATDP_RefWards.csv
tacatdp,ward,3757,Masiwani,Masiwani,active,3757,district,176,,26,176,,,,schemas/reference-data/TACATDP_RefWards.csv
tacatdp,ward,3758,Tongoni,Tongoni,active,3758,district,176,,26,176,,,,schemas/reference-data/TACATDP_RefWards.csv
tacatdp,ward,3759,Marungu,Marungu,active,3759,district,176,,26,176,,,,schemas/reference-data/TACATDP_RefWards.csv
tacatdp,ward,3760,Kirare,Kirare,active,3760,district,176,,26,176,,,,schemas/reference-data/TACATDP_RefWards.csv
tacatdp,ward,3761,Maweni,Maweni,active,3761,district,176,,26,176,,,,schemas/reference-data/TACATDP_RefWards.csv
tacatdp,ward,3762,Duga,Duga,active,3762,district,176,,26,176,,,,schemas/reference-data/TACATDP_RefWards.csv
tacatdp,ward,3763,Chumbageni,Chumbageni,active,3763,district,176,,26,176,,,,schemas/reference-data/TACATDP_RefWards.csv
tacatdp,ward,3764,Nguvumali,Nguvumali,active,3764,district,176,,26,176,,,,schemas/reference-data/TACATDP_RefWards.csv
tacatdp,ward,3765,Kiomoni,Kiomoni,active,3765,district,176,,26,176,,,,schemas/reference-data/TACATDP_RefWards.csv
tacatdp,ward,3766,Mzizima,Mzizima,active,3766,district,176,,26,176,,,,schemas/reference-data/TACATDP_RefWards.csv
tacatdp,ward,3767,Mabokweni,Mabokweni,active,3767,district,176,,26,176,,,,schemas/reference-data/TACATDP_RefWards.csv
tacatdp,ward,3768,Chongoleani,Chongoleani,active,3768,district,176,,26,176,,,,schemas/reference-data/TACATDP_RefWards.csv
tacatdp,ward,3769,,,active,3769,district,176,,26,176,,,,schemas/reference-data/TACATDP_RefWards.csv
tacatdp,ward,3770,Mamba,Mamba,active,3770,district,177,,26,177,,,,schemas/reference-data/TACATDP_RefWards.csv
tacatdp,ward,3771,Mbuzii,Mbuzii,active,3771,district,177,,26,177,,,,schemas/reference-data/TACATDP_RefWards.csv
tacatdp,ward,3772,Usambara,Usambara,active,3772,district,177,,26,177,,,,schemas/reference-data/TACATDP_RefWards.csv
tacatdp,ward,3773,Vuga,Vuga,active,3773,district,177,,26,177,,,,schemas/reference-data/TACATDP_RefWards.csv
tacatdp,ward,3774,Mponde,Mponde,active,3774,district,177,,26,177,,,,schemas/reference-data/TACATDP_RefWards.csv
tacatdp,ward,3775,Soni,Soni,active,3775,district,177,,26,177,,,,schemas/reference-data/TACATDP_RefWards.csv
tacatdp,ward,3776,Funta,Funta,active,3776,district,177,,26,177,,,,schemas/reference-data/TACATDP_RefWards.csv
tacatdp,ward,3777,Bumbuli,Bumbuli,active,3777,district,177,,26,177,,,,schemas/reference-data/TACATDP_RefWards.csv
tacatdp,ward,3778,"Dule ""B""","Dule ""B""",active,3778,district,177,,26,177,,,,schemas/reference-data/TACATDP_RefWards.csv
tacatdp,ward,3779,Mahezangulu,Mahezangulu,active,3779,district,177,,26,177,,,,schemas/reference-data/TACATDP_RefWards.csv
tacatdp,ward,3780,Mayo,Mayo,active,3780,district,177,,26,177,,,,schemas/reference-data/TACATDP_RefWards.csv
tacatdp,ward,3781,Kisiwani,Kisiwani,active,3781,district,177,,26,177,,,,schemas/reference-data/TACATDP_RefWards.csv
tacatdp,ward,3782,Tamota,Tamota,active,3782,district,177,,26,177,,,,schemas/reference-data/TACATDP_RefWards.csv
tacatdp,ward,3783,Milingano,Milingano,active,3783,district,177,,26,177,,,,schemas/reference-data/TACATDP_RefWards.csv
tacatdp,ward,3784,Kwemkomole,Kwemkomole,active,3784,district,177,,26,177,,,,schemas/reference-data/TACATDP_RefWards.csv
tacatdp,ward,3785,Nkongoi,Nkongoi,active,3785,district,177,,26,177,,,,schemas/reference-data/TACATDP_RefWards.csv
tacatdp,ward,3786,Baga,Baga,active,3786,district,177,,26,177,,,,schemas/reference-data/TACATDP_RefWards.csv
tacatdp,ward,3787,Mgwashi,Mgwashi,active,3787,district,177,,26,177,,,,schemas/reference-data/TACATDP_RefWards.csv
tacatdp,ward,3788,Kiva,Kiva,active,3788,district,178,,26,178,,,,schemas/reference-data/TACATDP_RefWards.csv
tacatdp,ward,3789,Kwamatuku,Kwamatuku,active,3789,district,178,,26,178,,,,schemas/reference-data/TACATDP_RefWards.csv
tacatdp,ward,3790,Misima,Misima,active,3790,district,178,,26,178,,,,schemas/reference-data/TACATDP_RefWards.csv
tacatdp,ward,3791,Sindeni,Sindeni,active,3791,district,178,,26,178,,,,schemas/reference-data/TACATDP_RefWards.csv
tacatdp,ward,3792,Kwamsisi,Kwamsisi,active,3792,district,178,,26,178,,,,schemas/reference-data/TACATDP_RefWards.csv
tacatdp,ward,3793,Kwasunga,Kwasunga,active,3793,district,178,,26,178,,,,schemas/reference-data/TACATDP_RefWards.csv
tacatdp,ward,3794,Segera,Segera,active,3794,district,178,,26,178,,,,schemas/reference-data/TACATDP_RefWards.csv
tacatdp,ward,3795,Kwedizinga,Kwedizinga,active,3795,district,178,,26,178,,,,schemas/reference-data/TACATDP_RefWards.csv
tacatdp,ward,3796,Kwamgwe,Kwamgwe,active,3796,district,178,,26,178,,,,schemas/reference-data/TACATDP_RefWards.csv
tacatdp,ward,3797,Kabuku,Kabuku,active,3797,district,178,,26,178,,,,schemas/reference-data/TACATDP_RefWards.csv
tacatdp,ward,3798,Komkonga,Komkonga,active,3798,district,178,,26,178,,,,schemas/reference-data/TACATDP_RefWards.csv
tacatdp,ward,3799,Ndolwa,Ndolwa,active,3799,district,178,,26,178,,,,schemas/reference-data/TACATDP_RefWards.csv
tacatdp,ward,3800,Kabuku Ndani,Kabuku Ndani,active,3800,district,178,,26,178,,,,schemas/reference-data/TACATDP_RefWards.csv
tacatdp,ward,3801,Mgambo,Mgambo,active,3801,district,178,,26,178,,,,schemas/reference-data/TACATDP_RefWards.csv
tacatdp,ward,3802,Kwankonje,Kwankonje,active,3802,district,178,,26,178,,,,schemas/reference-data/TACATDP_RefWards.csv
tacatdp,ward,3803,Kwachaga,Kwachaga,active,3803,district,178,,26,178,,,,schemas/reference-data/TACATDP_RefWards.csv
tacatdp,ward,3804,Kwaluguru,Kwaluguru,active,3804,district,178,,26,178,,,,schemas/reference-data/TACATDP_RefWards.csv
tacatdp,ward,3805,Kang'ata,Kang'ata,active,3805,district,178,,26,178,,,,schemas/reference-data/TACATDP_RefWards.csv
tacatdp,ward,3806,Mkata,Mkata,active,3806,district,178,,26,178,,,,schemas/reference-data/TACATDP_RefWards.csv
tacatdp,ward,3807,Kitumbi,Kitumbi,active,3807,district,178,,26,178,,,,schemas/reference-data/TACATDP_RefWards.csv
tacatdp,ward,3808,Mazingara,Mazingara,active,3808,district,178,,26,178,,,,schemas/reference-data/TACATDP_RefWards.csv
tacatdp,ward,3809,Lwande,Lwande,active,3809,district,179,,26,179,,,,schemas/reference-data/TACATDP_RefWards.csv
tacatdp,ward,3810,Pagwi,Pagwi,active,3810,district,179,,26,179,,,,schemas/reference-data/TACATDP_RefWards.csv
tacatdp,ward,3811,Kikunde,Kikunde,active,3811,district,179,,26,179,,,,schemas/reference-data/TACATDP_RefWards.csv
tacatdp,ward,3812,Tunguli,Tunguli,active,3812,district,179,,26,179,,,,schemas/reference-data/TACATDP_RefWards.csv
tacatdp,ward,3813,Kilwa,Kilwa,active,3813,district,179,,26,179,,,,schemas/reference-data/TACATDP_RefWards.csv
tacatdp,ward,3814,Kwekivu,Kwekivu,active,3814,district,179,,26,179,,,,schemas/reference-data/TACATDP_RefWards.csv
tacatdp,ward,3815,Bokwa,Bokwa,active,3815,district,179,,26,179,,,,schemas/reference-data/TACATDP_RefWards.csv
tacatdp,ward,3816,Songe,Songe,active,3816,district,179,,26,179,,,,schemas/reference-data/TACATDP_RefWards.csv
tacatdp,ward,3817,Masagalu,Masagalu,active,3817,district,179,,26,179,,,,schemas/reference-data/TACATDP_RefWards.csv
tacatdp,ward,3818,Negero,Negero,active,3818,district,179,,26,179,,,,schemas/reference-data/TACATDP_RefWards.csv
tacatdp,ward,3819,Kimbe,Kimbe,active,3819,district,179,,26,179,,,,schemas/reference-data/TACATDP_RefWards.csv
tacatdp,ward,3820,Kilindi,Kilindi,active,3820,district,179,,26,179,,,,schemas/reference-data/TACATDP_RefWards.csv
tacatdp,ward,3821,Msanja,Msanja,active,3821,district,179,,26,179,,,,schemas/reference-data/TACATDP_RefWards.csv
tacatdp,ward,3822,Mabalanga,Mabalanga,active,3822,district,179,,26,179,,,,schemas/reference-data/TACATDP_RefWards.csv
tacatdp,ward,3823,Jaila,Jaila,active,3823,district,179,,26,179,,,,schemas/reference-data/TACATDP_RefWards.csv
tacatdp,ward,3824,Mkindi,Mkindi,active,3824,district,179,,26,179,,,,schemas/reference-data/TACATDP_RefWards.csv
tacatdp,ward,3825,Kwediboma,Kwediboma,active,3825,district,179,,26,179,,,,schemas/reference-data/TACATDP_RefWards.csv
tacatdp,ward,3826,Kisangasa,Kisangasa,active,3826,district,179,,26,179,,,,schemas/reference-data/TACATDP_RefWards.csv
tacatdp,ward,3827,Mvungwe,Mvungwe,active,3827,district,179,,26,179,,,,schemas/reference-data/TACATDP_RefWards.csv
tacatdp,ward,3828,Kibirashi,Kibirashi,active,3828,district,179,,26,179,,,,schemas/reference-data/TACATDP_RefWards.csv
tacatdp,ward,3829,Saunyi,Saunyi,active,3829,district,179,,26,179,,,,schemas/reference-data/TACATDP_RefWards.csv
tacatdp,ward,3830,Vugiri,Vugiri,active,3830,district,180,,26,180,,,,schemas/reference-data/TACATDP_RefWards.csv
tacatdp,ward,3831,Kwashemshi,Kwashemshi,active,3831,district,180,,26,180,,,,schemas/reference-data/TACATDP_RefWards.csv
tacatdp,ward,3832,Dindira,Dindira,active,3832,district,180,,26,180,,,,schemas/reference-data/TACATDP_RefWards.csv
tacatdp,ward,3833,Mgwashi,Mgwashi,active,3833,district,180,,26,180,,,,schemas/reference-data/TACATDP_RefWards.csv
tacatdp,ward,3834,Mpale,Mpale,active,3834,district,180,,26,180,,,,schemas/reference-data/TACATDP_RefWards.csv
tacatdp,ward,3835,Bungu,Bungu,active,3835,district,180,,26,180,,,,schemas/reference-data/TACATDP_RefWards.csv
tacatdp,ward,3836,Mlungui,Mlungui,active,3836,district,180,,26,180,,,,schemas/reference-data/TACATDP_RefWards.csv
tacatdp,ward,3837,Lutindi,Lutindi,active,3837,district,180,,26,180,,,,schemas/reference-data/TACATDP_RefWards.csv
tacatdp,ward,3838,Lewa,Lewa,active,3838,district,180,,26,180,,,,schemas/reference-data/TACATDP_RefWards.csv
tacatdp,ward,3839,Mashewa,Mashewa,active,3839,district,180,,26,180,,,,schemas/reference-data/TACATDP_RefWards.csv
tacatdp,ward,3840,Kalalani,Kalalani,active,3840,district,180,,26,180,,,,schemas/reference-data/TACATDP_RefWards.csv
tacatdp,ward,3841,Kizara,Kizara,active,3841,district,180,,26,180,,,,schemas/reference-data/TACATDP_RefWards.csv
tacatdp,ward,3842,Foroforo,Foroforo,active,3842,district,180,,26,180,,,,schemas/reference-data/TACATDP_RefWards.csv
tacatdp,ward,3843,Magoma,Magoma,active,3843,district,180,,26,180,,,,schemas/reference-data/TACATDP_RefWards.csv
tacatdp,ward,3844,Kerenge,Kerenge,active,3844,district,180,,26,180,,,,schemas/reference-data/TACATDP_RefWards.csv
tacatdp,ward,3845,Makumba,Makumba,active,3845,district,180,,26,180,,,,schemas/reference-data/TACATDP_RefWards.csv
tacatdp,ward,3846,Kwagunda,Kwagunda,active,3846,district,180,,26,180,,,,schemas/reference-data/TACATDP_RefWards.csv
tacatdp,ward,3847,Hale,Hale,active,3847,district,180,,26,180,,,,schemas/reference-data/TACATDP_RefWards.csv
tacatdp,ward,3848,Mnyuzi,Mnyuzi,active,3848,district,180,,26,180,,,,schemas/reference-data/TACATDP_RefWards.csv
tacatdp,ward,3849,Makuyuni,Makuyuni,active,3849,district,180,,26,180,,,,schemas/reference-data/TACATDP_RefWards.csv
tacatdp,ward,3850,Magila Gereza,Magila Gereza,active,3850,district,180,,26,180,,,,schemas/reference-data/TACATDP_RefWards.csv
tacatdp,ward,3851,Mswaha,Mswaha,active,3851,district,180,,26,180,,,,schemas/reference-data/TACATDP_RefWards.csv
tacatdp,ward,3852,Chekelei,Chekelei,active,3852,district,180,,26,180,,,,schemas/reference-data/TACATDP_RefWards.csv
tacatdp,ward,3853,Mkalamo,Mkalamo,active,3853,district,180,,26,180,,,,schemas/reference-data/TACATDP_RefWards.csv
tacatdp,ward,3854,Magamba kwalukonge,Magamba kwalukonge,active,3854,district,180,,26,180,,,,schemas/reference-data/TACATDP_RefWards.csv
tacatdp,ward,3855,Mazinde,Mazinde,active,3855,district,180,,26,180,,,,schemas/reference-data/TACATDP_RefWards.csv
tacatdp,ward,3856,Mkumbara,Mkumbara,active,3856,district,180,,26,180,,,,schemas/reference-data/TACATDP_RefWards.csv
tacatdp,ward,3857,Mkomazi,Mkomazi,active,3857,district,180,,26,180,,,,schemas/reference-data/TACATDP_RefWards.csv
tacatdp,ward,3858,Mombo,Mombo,active,3858,district,180,,26,180,,,,schemas/reference-data/TACATDP_RefWards.csv
tacatdp,ward,3859,Kilole,Kilole,active,3859,district,181,,26,181,,,,schemas/reference-data/TACATDP_RefWards.csv
tacatdp,ward,3860,,,active,3860,district,181,,26,181,,,,schemas/reference-data/TACATDP_RefWards.csv
tacatdp,ward,3861,Mlola,Mlola,active,3861,district,181,,26,181,,,,schemas/reference-data/TACATDP_RefWards.csv
tacatdp,ward,3862,Ngwelo,Ngwelo,active,3862,district,181,,26,181,,,,schemas/reference-data/TACATDP_RefWards.csv
tacatdp,ward,3863,Makanya,Makanya,active,3863,district,181,,26,181,,,,schemas/reference-data/TACATDP_RefWards.csv
tacatdp,ward,3864,Malibwi,Malibwi,active,3864,district,181,,26,181,,,,schemas/reference-data/TACATDP_RefWards.csv
tacatdp,ward,3865,Mbwei,Mbwei,active,3865,district,181,,26,181,,,,schemas/reference-data/TACATDP_RefWards.csv
tacatdp,ward,3866,Kwekanga,Kwekanga,active,3866,district,181,,26,181,,,,schemas/reference-data/TACATDP_RefWards.csv
tacatdp,ward,3867,Mng'aro,Mng'aro,active,3867,district,181,,26,181,,,,schemas/reference-data/TACATDP_RefWards.csv
tacatdp,ward,3868,Lunguza,Lunguza,active,3868,district,181,,26,181,,,,schemas/reference-data/TACATDP_RefWards.csv
tacatdp,ward,3869,Mnazi,Mnazi,active,3869,district,181,,26,181,,,,schemas/reference-data/TACATDP_RefWards.csv
tacatdp,ward,3870,Mbaramo,Mbaramo,active,3870,district,181,,26,181,,,,schemas/reference-data/TACATDP_RefWards.csv
tacatdp,ward,3871,Sunga,Sunga,active,3871,district,181,,26,181,,,,schemas/reference-data/TACATDP_RefWards.csv
tacatdp,ward,3872,Mbaru,Mbaru,active,3872,district,181,,26,181,,,,schemas/reference-data/TACATDP_RefWards.csv
tacatdp,ward,3873,Mtae,Mtae,active,3873,district,181,,26,181,,,,schemas/reference-data/TACATDP_RefWards.csv
tacatdp,ward,3874,Shagayu,Shagayu,active,3874,district,181,,26,181,,,,schemas/reference-data/TACATDP_RefWards.csv
tacatdp,ward,3875,Rangwi,Rangwi,active,3875,district,181,,26,181,,,,schemas/reference-data/TACATDP_RefWards.csv
tacatdp,ward,3876,Malindi,Malindi,active,3876,district,181,,26,181,,,,schemas/reference-data/TACATDP_RefWards.csv
tacatdp,ward,3877,Kwemshasha,Kwemshasha,active,3877,district,181,,26,181,,,,schemas/reference-data/TACATDP_RefWards.csv
tacatdp,ward,3878,Mwangoi,Mwangoi,active,3878,district,181,,26,181,,,,schemas/reference-data/TACATDP_RefWards.csv
tacatdp,ward,3879,Lukozi,Lukozi,active,3879,district,181,,26,181,,,,schemas/reference-data/TACATDP_RefWards.csv
tacatdp,ward,3880,Manolo,Manolo,active,3880,district,181,,26,181,,,,schemas/reference-data/TACATDP_RefWards.csv
tacatdp,ward,3881,Mlalo,Mlalo,active,3881,district,181,,26,181,,,,schemas/reference-data/TACATDP_RefWards.csv
tacatdp,ward,3882,Dule 'M',Dule 'M',active,3882,district,181,,26,181,,,,schemas/reference-data/TACATDP_RefWards.csv
tacatdp,ward,3883,Shume,Shume,active,3883,district,181,,26,181,,,,schemas/reference-data/TACATDP_RefWards.csv
tacatdp,ward,3884,Hemtoye,Hemtoye,active,3884,district,181,,26,181,,,,schemas/reference-data/TACATDP_RefWards.csv
tacatdp,ward,3885,Kwai,Kwai,active,3885,district,181,,26,181,,,,schemas/reference-data/TACATDP_RefWards.csv
tacatdp,ward,3886,Migambo,Migambo,active,3886,district,181,,26,181,,,,schemas/reference-data/TACATDP_RefWards.csv
tacatdp,ward,3887,Gare,Gare,active,3887,district,181,,26,181,,,,schemas/reference-data/TACATDP_RefWards.csv
tacatdp,ward,3888,Ngulwi,Ngulwi,active,3888,district,181,,26,181,,,,schemas/reference-data/TACATDP_RefWards.csv
tacatdp,ward,3889,Ubiri,Ubiri,active,3889,district,181,,26,181,,,,schemas/reference-data/TACATDP_RefWards.csv
tacatdp,ward,3890,Kwemashai,Kwemashai,active,3890,district,181,,26,181,,,,schemas/reference-data/TACATDP_RefWards.csv
tacatdp,ward,3891,Lushoto,Lushoto,active,3891,district,181,,26,181,,,,schemas/reference-data/TACATDP_RefWards.csv
tacatdp,ward,3892,Magamba,Magamba,active,3892,district,181,,26,181,,,,schemas/reference-data/TACATDP_RefWards.csv
tacatdp,ward,3893,Daluni,Daluni,active,3893,district,182,,26,182,,,,schemas/reference-data/TACATDP_RefWards.csv
tacatdp,ward,3894,Gombero,Gombero,active,3894,district,182,,26,182,,,,schemas/reference-data/TACATDP_RefWards.csv
tacatdp,ward,3895,Mnyenzani,Mnyenzani,active,3895,district,182,,26,182,,,,schemas/reference-data/TACATDP_RefWards.csv
tacatdp,ward,3896,Kigongoi Magharibi,Kigongoi Magharibi,active,3896,district,182,,26,182,,,,schemas/reference-data/TACATDP_RefWards.csv
tacatdp,ward,3897,Kigongoi Mashariki,Kigongoi Mashariki,active,3897,district,182,,26,182,,,,schemas/reference-data/TACATDP_RefWards.csv
tacatdp,ward,3898,Maramba,Maramba,active,3898,district,182,,26,182,,,,schemas/reference-data/TACATDP_RefWards.csv
tacatdp,ward,3899,Bwiti,Bwiti,active,3899,district,182,,26,182,,,,schemas/reference-data/TACATDP_RefWards.csv
tacatdp,ward,3900,Mapatano,Mapatano,active,3900,district,182,,26,182,,,,schemas/reference-data/TACATDP_RefWards.csv
tacatdp,ward,3901,Mhinduro,Mhinduro,active,3901,district,182,,26,182,,,,schemas/reference-data/TACATDP_RefWards.csv
tacatdp,ward,3902,Bosha,Bosha,active,3902,district,182,,26,182,,,,schemas/reference-data/TACATDP_RefWards.csv
tacatdp,ward,3903,Duga,Duga,active,3903,district,182,,26,182,,,,schemas/reference-data/TACATDP_RefWards.csv
tacatdp,ward,3904,Sigaya,Sigaya,active,3904,district,182,,26,182,,,,schemas/reference-data/TACATDP_RefWards.csv
tacatdp,ward,3905,Kwale,Kwale,active,3905,district,182,,26,182,,,,schemas/reference-data/TACATDP_RefWards.csv
tacatdp,ward,3906,Manza,Manza,active,3906,district,182,,26,182,,,,schemas/reference-data/TACATDP_RefWards.csv
tacatdp,ward,3907,Boma,Boma,active,3907,district,182,,26,182,,,,schemas/reference-data/TACATDP_RefWards.csv
tacatdp,ward,3908,Mkinga,Mkinga,active,3908,district,182,,26,182,,,,schemas/reference-data/TACATDP_RefWards.csv
tacatdp,ward,3909,Parungu Kasera,Parungu Kasera,active,3909,district,182,,26,182,,,,schemas/reference-data/TACATDP_RefWards.csv
tacatdp,ward,3910,Moa,Moa,active,3910,district,182,,26,182,,,,schemas/reference-data/TACATDP_RefWards.csv
tacatdp,ward,3911,,,active,3911,district,182,,26,182,,,,schemas/reference-data/TACATDP_RefWards.csv
tacatdp,ward,3912,Mayomboni,Mayomboni,active,3912,district,182,,26,182,,,,schemas/reference-data/TACATDP_RefWards.csv
tacatdp,ward,3913,Mtimbwani,Mtimbwani,active,3913,district,182,,26,182,,,,schemas/reference-data/TACATDP_RefWards.csv
tacatdp,ward,3914,Doda,Doda,active,3914,district,182,,26,182,,,,schemas/reference-data/TACATDP_RefWards.csv
tacatdp,ward,3915,Mwakijembe,Mwakijembe,active,3915,district,182,,26,182,,,,schemas/reference-data/TACATDP_RefWards.csv
tacatdp,ward,3916,Kisiwani,Kisiwani,active,3916,district,183,,26,183,,,,schemas/reference-data/TACATDP_RefWards.csv
tacatdp,ward,3917,Amani,Amani,active,3917,district,183,,26,183,,,,schemas/reference-data/TACATDP_RefWards.csv
tacatdp,ward,3918,Misalai,Misalai,active,3918,district,183,,26,183,,,,schemas/reference-data/TACATDP_RefWards.csv
tacatdp,ward,3919,Mbomole,Mbomole,active,3919,district,183,,26,183,,,,schemas/reference-data/TACATDP_RefWards.csv
tacatdp,ward,3920,Kwezitu,Kwezitu,active,3920,district,183,,26,183,,,,schemas/reference-data/TACATDP_RefWards.csv
tacatdp,ward,3921,Zirai,Zirai,active,3921,district,183,,26,183,,,,schemas/reference-data/TACATDP_RefWards.csv
tacatdp,ward,3922,Nkumba,Nkumba,active,3922,district,183,,26,183,,,,schemas/reference-data/TACATDP_RefWards.csv
tacatdp,ward,3923,Tongwe,Tongwe,active,3923,district,183,,26,183,,,,schemas/reference-data/TACATDP_RefWards.csv
tacatdp,ward,3924,Songa,Songa,active,3924,district,183,,26,183,,,,schemas/reference-data/TACATDP_RefWards.csv
tacatdp,ward,3925,Mhamba,Mhamba,active,3925,district,183,,26,183,,,,schemas/reference-data/TACATDP_RefWards.csv
tacatdp,ward,3926,Bwembwera,Bwembwera,active,3926,district,183,,26,183,,,,schemas/reference-data/TACATDP_RefWards.csv
tacatdp,ward,3927,Kwafungo,Kwafungo,active,3927,district,183,,26,183,,,,schemas/reference-data/TACATDP_RefWards.csv
tacatdp,ward,3928,Makole,Makole,active,3928,district,183,,26,183,,,,schemas/reference-data/TACATDP_RefWards.csv
tacatdp,ward,3929,Potwe,Potwe,active,3929,district,183,,26,183,,,,schemas/reference-data/TACATDP_RefWards.csv
tacatdp,ward,3930,Pande Darajani,Pande Darajani,active,3930,district,183,,26,183,,,,schemas/reference-data/TACATDP_RefWards.csv
tacatdp,ward,3931,Mlingano,Mlingano,active,3931,district,183,,26,183,,,,schemas/reference-data/TACATDP_RefWards.csv
tacatdp,ward,3932,Mpapayu,Mpapayu,active,3932,district,183,,26,183,,,,schemas/reference-data/TACATDP_RefWards.csv
tacatdp,ward,3933,Lusanga,Lusanga,active,3933,district,183,,26,183,,,,schemas/reference-data/TACATDP_RefWards.csv
tacatdp,ward,3934,Kigombe,Kigombe,active,3934,district,183,,26,183,,,,schemas/reference-data/TACATDP_RefWards.csv
tacatdp,ward,3935,Ngomeni,Ngomeni,active,3935,district,183,,26,183,,,,schemas/reference-data/TACATDP_RefWards.csv
tacatdp,ward,3936,Misozwe,Misozwe,active,3936,district,183,,26,183,,,,schemas/reference-data/TACATDP_RefWards.csv
tacatdp,ward,3937,Kwemingoji,Kwemingoji,active,3937,district,183,,26,183,,,,schemas/reference-data/TACATDP_RefWards.csv
tacatdp,ward,3938,Kicheba,Kicheba,active,3938,district,183,,26,183,,,,schemas/reference-data/TACATDP_RefWards.csv
tacatdp,ward,3939,Kwakifua,Kwakifua,active,3939,district,183,,26,183,,,,schemas/reference-data/TACATDP_RefWards.csv
tacatdp,ward,3940,Tingeni,Tingeni,active,3940,district,183,,26,183,,,,schemas/reference-data/TACATDP_RefWards.csv
tacatdp,ward,3941,Magoroto,Magoroto,active,3941,district,183,,26,183,,,,schemas/reference-data/TACATDP_RefWards.csv
tacatdp,ward,3942,Mkuzi,Mkuzi,active,3942,district,183,,26,183,,,,schemas/reference-data/TACATDP_RefWards.csv
tacatdp,ward,3943,Mtindiro,Mtindiro,active,3943,district,183,,26,183,,,,schemas/reference-data/TACATDP_RefWards.csv
tacatdp,ward,3944,Kwabada,Kwabada,active,3944,district,183,,26,183,,,,schemas/reference-data/TACATDP_RefWards.csv
tacatdp,ward,3945,Kilulu,Kilulu,active,3945,district,183,,26,183,,,,schemas/reference-data/TACATDP_RefWards.csv
tacatdp,ward,3946,Magila,Magila,active,3946,district,183,,26,183,,,,schemas/reference-data/TACATDP_RefWards.csv
tacatdp,ward,3947,Masuguru,Masuguru,active,3947,district,183,,26,183,,,,schemas/reference-data/TACATDP_RefWards.csv
tacatdp,ward,3948,Kwemkabala,Kwemkabala,active,3948,district,183,,26,183,,,,schemas/reference-data/TACATDP_RefWards.csv
tacatdp,ward,3949,Mbaramo,Mbaramo,active,3949,district,183,,26,183,,,,schemas/reference-data/TACATDP_RefWards.csv
tacatdp,ward,3950,Tanganyika,Tanganyika,active,3950,district,183,,26,183,,,,schemas/reference-data/TACATDP_RefWards.csv
tacatdp,ward,3951,Majengo,Majengo,active,3951,district,183,,26,183,,,,schemas/reference-data/TACATDP_RefWards.csv
tacatdp,ward,3952,Genge,Genge,active,3952,district,183,,26,183,,,,schemas/reference-data/TACATDP_RefWards.csv
tacatdp,ward,3953,Bushiri,Bushiri,active,3953,district,184,,26,184,,,,schemas/reference-data/TACATDP_RefWards.csv
tacatdp,ward,3954,Masaika,Masaika,active,3954,district,184,,26,184,,,,schemas/reference-data/TACATDP_RefWards.csv
tacatdp,ward,3955,Madanga,Madanga,active,3955,district,184,,26,184,,,,schemas/reference-data/TACATDP_RefWards.csv
tacatdp,ward,3956,Kimang’a,Kimang’a,active,3956,district,184,,26,184,,,,schemas/reference-data/TACATDP_RefWards.csv
tacatdp,ward,3957,Pangani Mashariki,Pangani Mashariki,active,3957,district,184,,26,184,,,,schemas/reference-data/TACATDP_RefWards.csv
tacatdp,ward,3958,Pangani Magharibi,Pangani Magharibi,active,3958,district,184,,26,184,,,,schemas/reference-data/TACATDP_RefWards.csv
tacatdp,ward,3959,Bweni,Bweni,active,3959,district,184,,26,184,,,,schemas/reference-data/TACATDP_RefWards.csv
tacatdp,ward,3960,Mwera,Mwera,active,3960,district,184,,26,184,,,,schemas/reference-data/TACATDP_RefWards.csv
tacatdp,ward,3961,Tungamaa,Tungamaa,active,3961,district,184,,26,184,,,,schemas/reference-data/TACATDP_RefWards.csv
tacatdp,ward,3962,Mikinguni,Mikinguni,active,3962,district,184,,26,184,,,,schemas/reference-data/TACATDP_RefWards.csv
tacatdp,ward,3963,Kipumbwi,Kipumbwi,active,3963,district,184,,26,184,,,,schemas/reference-data/TACATDP_RefWards.csv
tacatdp,ward,3964,Ubangaa,Ubangaa,active,3964,district,184,,26,184,,,,schemas/reference-data/TACATDP_RefWards.csv
tacatdp,ward,3965,Mkwaja,Mkwaja,active,3965,district,184,,26,184,,,,schemas/reference-data/TACATDP_RefWards.csv
tacatdp,ward,3966,Mkalamo,Mkalamo,active,3966,district,184,,26,184,,,,schemas/reference-data/TACATDP_RefWards.csv
tacatdp,branch,1,1.1 Dodoma,1.1 Dodoma,active,1,zone,1,1,,,,,,schemas/reference-data/TACATDP_RefBranches.csv
tacatdp,branch,2,1.2 UDOM,1.2 UDOM,active,2,zone,1,1,,,,,,schemas/reference-data/TACATDP_RefBranches.csv
tacatdp,branch,3,1.3 Chamwino Dodoma,1.3 Chamwino Dodoma,active,3,zone,1,1,,,,,,schemas/reference-data/TACATDP_RefBranches.csv
tacatdp,branch,4,1.4 LAPF Dodoma,1.4 LAPF Dodoma,active,4,zone,1,1,,,,,,schemas/reference-data/TACATDP_RefBranches.csv
tacatdp,branch,5,1.5 Chamwino IKULU,1.5 Chamwino IKULU,active,5,zone,1,1,,,,,,schemas/reference-data/TACATDP_RefBranches.csv
tacatdp,branch,6,1.6 Kambarage Premier Center,1.6 Kambarage Premier Center,active,6,zone,1,1,,,,,,schemas/reference-data/TACATDP_RefBranches.csv
tacatdp,branch,7,1.7 Morogoro,1.7 Morogoro,active,7,zone,1,1,,,,,,schemas/reference-data/TACATDP_RefBranches.csv
tacatdp,branch,8,1.8 Mandela,1.8 Mandela,active,8,zone,1,1,,,,,,schemas/reference-data/TACATDP_RefBranches.csv
tacatdp,branch,9,1.9 Kilombero,1.9 Kilombero,active,9,zone,1,1,,,,,,schemas/reference-data/TACATDP_RefBranches.csv
tacatdp,branch,10,1.10 Ifakara,1.10 Ifakara,active,10,zone,1,1,,,,,,schemas/reference-data/TACATDP_RefBranches.csv
tacatdp,branch,11,1.11 Iringa,1.11 Iringa,active,11,zone,1,1,,,,,,schemas/reference-data/TACATDP_RefBranches.csv
tacatdp,branch,12,1.12 Mafinga,1.12 Mafinga,active,12,zone,1,1,,,,,,schemas/reference-data/TACATDP_RefBranches.csv
tacatdp,branch,13,1.13 Singida,1.13 Singida,active,13,zone,1,1,,,,,,schemas/reference-data/TACATDP_RefBranches.csv
tacatdp,branch,14,1.14 Mzumbe,1.14 Mzumbe,active,14,zone,1,1,,,,,,schemas/reference-data/TACATDP_RefBranches.csv
tacatdp,branch,15,1.15 Gairo,1.15 Gairo,active,15,zone,1,1,,,,,,schemas/reference-data/TACATDP_RefBranches.csv
tacatdp,branch,16,1.16 Mazimbu,1.16 Mazimbu,active,16,zone,1,1,,,,,,schemas/reference-data/TACATDP_RefBranches.csv
tacatdp,branch,17,1.17 Mkwawa,1.17 Mkwawa,active,17,zone,1,1,,,,,,schemas/reference-data/TACATDP_RefBranches.csv
tacatdp,branch,18,1.18 Chief Kingalu,1.18 Chief Kingalu,active,18,zone,1,1,,,,,,schemas/reference-data/TACATDP_RefBranches.csv
tacatdp,branch,19,1.19 Bunge,1.19 Bunge,active,19,zone,1,1,,,,,,schemas/reference-data/TACATDP_RefBranches.csv
tacatdp,branch,20,1.20 Mpwapwa,1.20 Mpwapwa,active,20,zone,1,1,,,,,,schemas/reference-data/TACATDP_RefBranches.csv
tacatdp,branch,21,1.21 SUA,1.21 SUA,active,21,zone,1,1,,,,,,schemas/reference-data/TACATDP_RefBranches.csv
tacatdp,branch,22,1.22 Turiani,1.22 Turiani,active,22,zone,1,1,,,,,,schemas/reference-data/TACATDP_RefBranches.csv
tacatdp,branch,23,1.23 Kilosa,1.23 Kilosa,active,23,zone,1,1,,,,,,schemas/reference-data/TACATDP_RefBranches.csv
tacatdp,branch,24,1.24 Majengo,1.24 Majengo,active,24,zone,1,1,,,,,,schemas/reference-data/TACATDP_RefBranches.csv
tacatdp,branch,25,1.25 Msamvu,1.25 Msamvu,active,25,zone,1,1,,,,,,schemas/reference-data/TACATDP_RefBranches.csv
tacatdp,branch,26,1.26 Kondoa,1.26 Kondoa,active,26,zone,1,1,,,,,,schemas/reference-data/TACATDP_RefBranches.csv
tacatdp,branch,27,1.27 Ulanga,1.27 Ulanga,active,27,zone,1,1,,,,,,schemas/reference-data/TACATDP_RefBranches.csv
tacatdp,branch,28,1.28 Ilula,1.28 Ilula,active,28,zone,1,1,,,,,,schemas/reference-data/TACATDP_RefBranches.csv
tacatdp,branch,29,1.29 Kibaigwa,1.29 Kibaigwa,active,29,zone,1,1,,,,,,schemas/reference-data/TACATDP_RefBranches.csv
tacatdp,branch,30,1.30 Manyoni,1.30 Manyoni,active,30,zone,1,1,,,,,,schemas/reference-data/TACATDP_RefBranches.csv
tacatdp,branch,31,1.31 Singida NHC,1.31 Singida NHC,active,31,zone,1,1,,,,,,schemas/reference-data/TACATDP_RefBranches.csv
tacatdp,branch,32,1.32 Mikumi,1.32 Mikumi,active,32,zone,1,1,,,,,,schemas/reference-data/TACATDP_RefBranches.csv
tacatdp,branch,33,2.1 Bagamoyo,2.1 Bagamoyo,active,33,zone,2,2,,,,,,schemas/reference-data/TACATDP_RefBranches.csv
tacatdp,branch,34,2.2 Kibaha,2.2 Kibaha,active,34,zone,2,2,,,,,,schemas/reference-data/TACATDP_RefBranches.csv
tacatdp,branch,35,2.3 Mkuranga,2.3 Mkuranga,active,35,zone,2,2,,,,,,schemas/reference-data/TACATDP_RefBranches.csv
tacatdp,branch,36,2.4 Mlandizi,2.4 Mlandizi,active,36,zone,2,2,,,,,,schemas/reference-data/TACATDP_RefBranches.csv
tacatdp,branch,37,2.5 Bunju,2.5 Bunju,active,37,zone,2,2,,,,,,schemas/reference-data/TACATDP_RefBranches.csv
tacatdp,branch,38,2.6 Buza,2.6 Buza,active,38,zone,2,2,,,,,,schemas/reference-data/TACATDP_RefBranches.csv
tacatdp,branch,39,2.7 Goba,2.7 Goba,active,39,zone,2,2,,,,,,schemas/reference-data/TACATDP_RefBranches.csv
tacatdp,branch,40,2.8 Msasani,2.8 Msasani,active,40,zone,2,2,,,,,,schemas/reference-data/TACATDP_RefBranches.csv
tacatdp,branch,41,2.9 Mwananyamala,2.9 Mwananyamala,active,41,zone,2,2,,,,,,schemas/reference-data/TACATDP_RefBranches.csv
tacatdp,branch,42,2.10 Mbezi Beach,2.10 Mbezi Beach,active,42,zone,2,2,,,,,,schemas/reference-data/TACATDP_RefBranches.csv
tacatdp,branch,43,2.11 Mbagala,2.11 Mbagala,active,43,zone,2,2,,,,,,schemas/reference-data/TACATDP_RefBranches.csv
tacatdp,branch,44,2.12 Mikocheni,2.12 Mikocheni,active,44,zone,2,2,,,,,,schemas/reference-data/TACATDP_RefBranches.csv
tacatdp,branch,45,2.13 Tegeta,2.13 Tegeta,active,45,zone,2,2,,,,,,schemas/reference-data/TACATDP_RefBranches.csv
tacatdp,branch,46,2.14 Kijitonyama,2.14 Kijitonyama,active,46,zone,2,2,,,,,,schemas/reference-data/TACATDP_RefBranches.csv
tacatdp,branch,47,2.15 Oysterbay,2.15 Oysterbay,active,47,zone,2,2,,,,,,schemas/reference-data/TACATDP_RefBranches.csv
tacatdp,branch,48,2.16 Temeke,2.16 Temeke,active,48,zone,2,2,,,,,,schemas/reference-data/TACATDP_RefBranches.csv
tacatdp,branch,49,2.17 Kisarawe,2.17 Kisarawe,active,49,zone,2,2,,,,,,schemas/reference-data/TACATDP_RefBranches.csv
tacatdp,branch,50,2.18 Mafia,2.18 Mafia,active,50,zone,2,2,,,,,,schemas/reference-data/TACATDP_RefBranches.csv
tacatdp,branch,51,2.19 Ikwiriri,2.19 Ikwiriri,active,51,zone,2,2,,,,,,schemas/reference-data/TACATDP_RefBranches.csv
tacatdp,branch,52,2.20 Zanzibar,2.20 Zanzibar,active,52,zone,2,2,,,,,,schemas/reference-data/TACATDP_RefBranches.csv
tacatdp,branch,53,2.21 Pemba,2.21 Pemba,active,53,zone,2,2,,,,,,schemas/reference-data/TACATDP_RefBranches.csv
tacatdp,branch,54,2.22 Mwenge,2.22 Mwenge,active,54,zone,2,2,,,,,,schemas/reference-data/TACATDP_RefBranches.csv
tacatdp,branch,55,2.23 Magomeni,2.23 Magomeni,active,55,zone,2,2,,,,,,schemas/reference-data/TACATDP_RefBranches.csv
tacatdp,branch,56,2.24 Mtoni Kijichi,2.24 Mtoni Kijichi,active,56,zone,2,2,,,,,,schemas/reference-data/TACATDP_RefBranches.csv
tacatdp,branch,57,2.25 JN Hydropower,2.25 JN Hydropower,active,57,zone,2,2,,,,,,schemas/reference-data/TACATDP_RefBranches.csv
tacatdp,branch,58,2.26 Kinondoni Municipal,2.26 Kinondoni Municipal,active,58,zone,2,2,,,,,,schemas/reference-data/TACATDP_RefBranches.csv
tacatdp,branch,59,2.27 Chalinze,2.27 Chalinze,active,59,zone,2,2,,,,,,schemas/reference-data/TACATDP_RefBranches.csv
tacatdp,branch,60,2.28 Wete,2.28 Wete,active,60,zone,2,2,,,,,,schemas/reference-data/TACATDP_RefBranches.csv
tacatdp,branch,61,2.29 Temeke Taifa,2.29 Temeke Taifa,active,61,zone,2,2,,,,,,schemas/reference-data/TACATDP_RefBranches.csv
tacatdp,branch,62,2.30 Tandika,2.30 Tandika,active,62,zone,2,2,,,,,,schemas/reference-data/TACATDP_RefBranches.csv
tacatdp,branch,63,2.31 Mbande,2.31 Mbande,active,63,zone,2,2,,,,,,schemas/reference-data/TACATDP_RefBranches.csv
tacatdp,branch,64,2.32 Kawe,2.32 Kawe,active,64,zone,2,2,,,,,,schemas/reference-data/TACATDP_RefBranches.csv
tacatdp,branch,65,2.33 Michenzani Mall,2.33 Michenzani Mall,active,65,zone,2,2,,,,,,schemas/reference-data/TACATDP_RefBranches.csv
tacatdp,branch,66,3.1 Kibada,3.1 Kibada,active,66,zone,3,3,,,,,,schemas/reference-data/TACATDP_RefBranches.csv
tacatdp,branch,67,3.2 Ardhi University,3.2 Ardhi University,active,67,zone,3,3,,,,,,schemas/reference-data/TACATDP_RefBranches.csv
tacatdp,branch,68,3.3 Azam ICD,3.3 Azam ICD,active,68,zone,3,3,,,,,,schemas/reference-data/TACATDP_RefBranches.csv
tacatdp,branch,69,3.4 Azikiwe,3.4 Azikiwe,active,69,zone,3,3,,,,,,schemas/reference-data/TACATDP_RefBranches.csv
tacatdp,branch,70,3.5 Banana,3.5 Banana,active,70,zone,3,3,,,,,,schemas/reference-data/TACATDP_RefBranches.csv
tacatdp,branch,71,3.6 Chanika,3.6 Chanika,active,71,zone,3,3,,,,,,schemas/reference-data/TACATDP_RefBranches.csv
tacatdp,branch,72,3.7 Tower,3.7 Tower,active,72,zone,3,3,,,,,,schemas/reference-data/TACATDP_RefBranches.csv
tacatdp,branch,73,3.8 Vijana,3.8 Vijana,active,73,zone,3,3,,,,,,schemas/reference-data/TACATDP_RefBranches.csv
tacatdp,branch,74,3.9 Lumumba,3.9 Lumumba,active,74,zone,3,3,,,,,,schemas/reference-data/TACATDP_RefBranches.csv
tacatdp,branch,75,3.10 Palm Beach Premier Branch,3.10 Palm Beach Premier Branch,active,75,zone,3,3,,,,,,schemas/reference-data/TACATDP_RefBranches.csv
tacatdp,branch,76,3.11 TPA/Waterfront),3.11 TPA/Waterfront),active,76,zone,3,3,,,,,,schemas/reference-data/TACATDP_RefBranches.csv
tacatdp,branch,77,3.12 Mlimani City,3.12 Mlimani City,active,77,zone,3,3,,,,,,schemas/reference-data/TACATDP_RefBranches.csv
tacatdp,branch,78,3.13 UDSM,3.13 UDSM,active,78,zone,3,3,,,,,,schemas/reference-data/TACATDP_RefBranches.csv
tacatdp,branch,79,3.14 Tabata,3.14 Tabata,active,79,zone,3,3,,,,,,schemas/reference-data/TACATDP_RefBranches.csv
tacatdp,branch,80,3.15 Pugu Road,3.15 Pugu Road,active,80,zone,3,3,,,,,,schemas/reference-data/TACATDP_RefBranches.csv
tacatdp,branch,81,3.16 TAZARA,3.16 TAZARA,active,81,zone,3,3,,,,,,schemas/reference-data/TACATDP_RefBranches.csv
tacatdp,branch,82,3.17 Ubungo,3.17 Ubungo,active,82,zone,3,3,,,,,,schemas/reference-data/TACATDP_RefBranches.csv
tacatdp,branch,83,3.18 Kariakoo Narung'ombe,3.18 Kariakoo Narung'ombe,active,83,zone,3,3,,,,,,schemas/reference-data/TACATDP_RefBranches.csv
tacatdp,branch,84,3.19 Holland House,3.19 Holland House,active,84,zone,3,3,,,,,,schemas/reference-data/TACATDP_RefBranches.csv
tacatdp,branch,85,3.20 Kimara,3.20 Kimara,active,85,zone,3,3,,,,,,schemas/reference-data/TACATDP_RefBranches.csv
tacatdp,branch,86,3.21 Kinyerezi,3.21 Kinyerezi,active,86,zone,3,3,,,,,,schemas/reference-data/TACATDP_RefBranches.csv
tacatdp,branch,87,3.22 Gongo la Mboto,3.22 Gongo la Mboto,active,87,zone,3,3,,,,,,schemas/reference-data/TACATDP_RefBranches.csv
tacatdp,branch,88,3.23 Kariakoo Uhuru,3.23 Kariakoo Uhuru,active,88,zone,3,3,,,,,,schemas/reference-data/TACATDP_RefBranches.csv
tacatdp,branch,89,3.24 Ilala Municipal,3.24 Ilala Municipal,active,89,zone,3,3,,,,,,schemas/reference-data/TACATDP_RefBranches.csv
tacatdp,branch,90,3.25 Mbezi Luis,3.25 Mbezi Luis,active,90,zone,3,3,,,,,,schemas/reference-data/TACATDP_RefBranches.csv
tacatdp,branch,91,3.26 TRA- Samora,3.26 TRA- Samora,active,91,zone,3,3,,,,,,schemas/reference-data/TACATDP_RefBranches.csv
tacatdp,branch,92,4.1 Ludewa,4.1 Ludewa,active,92,zone,4,4,,,,,,schemas/reference-data/TACATDP_RefBranches.csv
tacatdp,branch,93,4.2 Mbeya,4.2 Mbeya,active,93,zone,4,4,,,,,,schemas/reference-data/TACATDP_RefBranches.csv
tacatdp,branch,94,4.3 Kyela,4.3 Kyela,active,94,zone,4,4,,,,,,schemas/reference-data/TACATDP_RefBranches.csv
tacatdp,branch,95,4.4 Mbarali,4.4 Mbarali,active,95,zone,4,4,,,,,,schemas/reference-data/TACATDP_RefBranches.csv
tacatdp,branch,96,4.5 Mbozi,4.5 Mbozi,active,96,zone,4,4,,,,,,schemas/reference-data/TACATDP_RefBranches.csv
tacatdp,branch,97,4.6 Mwanjelwa,4.6 Mwanjelwa,active,97,zone,4,4,,,,,,schemas/reference-data/TACATDP_RefBranches.csv
tacatdp,branch,98,4.7 Tunduma,4.7 Tunduma,active,98,zone,4,4,,,,,,schemas/reference-data/TACATDP_RefBranches.csv
tacatdp,branch,99,4.8 Sumbawanga,4.8 Sumbawanga,active,99,zone,4,4,,,,,,schemas/reference-data/TACATDP_RefBranches.csv
tacatdp,branch,100,4.9 Mpanda,4.9 Mpanda,active,100,zone,4,4,,,,,,schemas/reference-data/TACATDP_RefBranches.csv
tacatdp,branch,101,4.10 Njombe,4.10 Njombe,active,101,zone,4,4,,,,,,schemas/reference-data/TACATDP_RefBranches.csv
tacatdp,branch,102,4.11 Makambako,4.11 Makambako,active,102,zone,4,4,,,,,,schemas/reference-data/TACATDP_RefBranches.csv
tacatdp,branch,103,4.12 Mbalizi,4.12 Mbalizi,active,103,zone,4,4,,,,,,schemas/reference-data/TACATDP_RefBranches.csv
tacatdp,branch,104,4.13 Mt Livingstone,4.13 Mt Livingstone,active,104,zone,4,4,,,,,,schemas/reference-data/TACATDP_RefBranches.csv
tacatdp,branch,105,4.14 Majimoto,4.14 Majimoto,active,105,zone,4,4,,,,,,schemas/reference-data/TACATDP_RefBranches.csv
tacatdp,branch,106,4.15 Uyole,4.15 Uyole,active,106,zone,4,4,,,,,,schemas/reference-data/TACATDP_RefBranches.csv
tacatdp,branch,107,4.16 Mlowo,4.16 Mlowo,active,107,zone,4,4,,,,,,schemas/reference-data/TACATDP_RefBranches.csv
tacatdp,branch,108,4.17 Chunya,4.17 Chunya,active,108,zone,4,4,,,,,,schemas/reference-data/TACATDP_RefBranches.csv
tacatdp,branch,109,4.18 Rungwe,4.18 Rungwe,active,109,zone,4,4,,,,,,schemas/reference-data/TACATDP_RefBranches.csv
tacatdp,branch,110,4.19 Nkasi,4.19 Nkasi,active,110,zone,4,4,,,,,,schemas/reference-data/TACATDP_RefBranches.csv
tacatdp,branch,111,4.20 Songwe,4.20 Songwe,active,111,zone,4,4,,,,,,schemas/reference-data/TACATDP_RefBranches.csv
tacatdp,branch,112,4.21 Mtwango,4.21 Mtwango,active,112,zone,4,4,,,,,,schemas/reference-data/TACATDP_RefBranches.csv
tacatdp,branch,113,4.22 Wanging'ombe,4.22 Wanging'ombe,active,113,zone,4,4,,,,,,schemas/reference-data/TACATDP_RefBranches.csv
tacatdp,branch,114,4.23 Ikonda,4.23 Ikonda,active,114,zone,4,4,,,,,,schemas/reference-data/TACATDP_RefBranches.csv
tacatdp,branch,115,4.24 TRA- Tunduma,4.24 TRA- Tunduma,active,115,zone,4,4,,,,,,schemas/reference-data/TACATDP_RefBranches.csv
tacatdp,branch,116,5.1 Bunda,5.1 Bunda,active,116,zone,5,5,,,,,,schemas/reference-data/TACATDP_RefBranches.csv
tacatdp,branch,117,5.2 Mwanza,5.2 Mwanza,active,117,zone,5,5,,,,,,schemas/reference-data/TACATDP_RefBranches.csv
tacatdp,branch,118,5.3 Nyerere,5.3 Nyerere,active,118,zone,5,5,,,,,,schemas/reference-data/TACATDP_RefBranches.csv
tacatdp,branch,119,5.4 Nyanza,5.4 Nyanza,active,119,zone,5,5,,,,,,schemas/reference-data/TACATDP_RefBranches.csv
tacatdp,branch,120,5.5 Sirari,5.5 Sirari,active,120,zone,5,5,,,,,,schemas/reference-data/TACATDP_RefBranches.csv
tacatdp,branch,121,5.6 Shirati,5.6 Shirati,active,121,zone,5,5,,,,,,schemas/reference-data/TACATDP_RefBranches.csv
tacatdp,branch,122,5.7 SAUT,5.7 SAUT,active,122,zone,5,5,,,,,,schemas/reference-data/TACATDP_RefBranches.csv
tacatdp,branch,123,5.8 Bukoba,5.8 Bukoba,active,123,zone,5,5,,,,,,schemas/reference-data/TACATDP_RefBranches.csv
tacatdp,branch,124,5.9 Mugango,5.9 Mugango,active,124,zone,5,5,,,,,,schemas/reference-data/TACATDP_RefBranches.csv
tacatdp,branch,125,5.10 Karagwe,5.10 Karagwe,active,125,zone,5,5,,,,,,schemas/reference-data/TACATDP_RefBranches.csv
tacatdp,branch,126,5.11 Muleba,5.11 Muleba,active,126,zone,5,5,,,,,,schemas/reference-data/TACATDP_RefBranches.csv
tacatdp,branch,127,5.12 Tarime,5.12 Tarime,active,127,zone,5,5,,,,,,schemas/reference-data/TACATDP_RefBranches.csv
tacatdp,branch,128,5.13 Musoma,5.13 Musoma,active,128,zone,5,5,,,,,,schemas/reference-data/TACATDP_RefBranches.csv
tacatdp,branch,129,5.14 Bariadi,5.14 Bariadi,active,129,zone,5,5,,,,,,schemas/reference-data/TACATDP_RefBranches.csv
tacatdp,branch,130,5.15 Buzuruga,5.15 Buzuruga,active,130,zone,5,5,,,,,,schemas/reference-data/TACATDP_RefBranches.csv
tacatdp,branch,131,5.16 Misungwi,5.16 Misungwi,active,131,zone,5,5,,,,,,schemas/reference-data/TACATDP_RefBranches.csv
tacatdp,branch,132,5.17 Rock City,5.17 Rock City,active,132,zone,5,5,,,,,,schemas/reference-data/TACATDP_RefBranches.csv
tacatdp,branch,133,5.18 Rorya,5.18 Rorya,active,133,zone,5,5,,,,,,schemas/reference-data/TACATDP_RefBranches.csv
tacatdp,branch,134,5.19 Nyamongo,5.19 Nyamongo,active,134,zone,5,5,,,,,,schemas/reference-data/TACATDP_RefBranches.csv
tacatdp,branch,135,5.20 Nansio,5.20 Nansio,active,135,zone,5,5,,,,,,schemas/reference-data/TACATDP_RefBranches.csv
tacatdp,branch,136,5.21 Ngara,5.21 Ngara,active,136,zone,5,5,,,,,,schemas/reference-data/TACATDP_RefBranches.csv
tacatdp,branch,137,5.22 Mwaloni,5.22 Mwaloni,active,137,zone,5,5,,,,,,schemas/reference-data/TACATDP_RefBranches.csv
tacatdp,branch,138,5.23 Bugando,5.23 Bugando,active,138,zone,5,5,,,,,,schemas/reference-data/TACATDP_RefBranches.csv
tacatdp,branch,139,5.24 Meatu,5.24 Meatu,active,139,zone,5,5,,,,,,schemas/reference-data/TACATDP_RefBranches.csv
tacatdp,branch,140,5.25 Magu,5.25 Magu,active,140,zone,5,5,,,,,,schemas/reference-data/TACATDP_RefBranches.csv
tacatdp,branch,141,5.26 Ilemela,5.26 Ilemela,active,141,zone,5,5,,,,,,schemas/reference-data/TACATDP_RefBranches.csv
tacatdp,branch,142,5.27 Mkuyuni,5.27 Mkuyuni,active,142,zone,5,5,,,,,,schemas/reference-data/TACATDP_RefBranches.csv
tacatdp,branch,143,5.28 Kwimba,5.28 Kwimba,active,143,zone,5,5,,,,,,schemas/reference-data/TACATDP_RefBranches.csv
tacatdp,branch,144,5.29 Buhongwa,5.29 Buhongwa,active,144,zone,5,5,,,,,,schemas/reference-data/TACATDP_RefBranches.csv
tacatdp,branch,145,5.30 Igoma,5.30 Igoma,active,145,zone,5,5,,,,,,schemas/reference-data/TACATDP_RefBranches.csv
tacatdp,branch,146,5.31 Kagera Sugar,5.31 Kagera Sugar,active,146,zone,5,5,,,,,,schemas/reference-data/TACATDP_RefBranches.csv
tacatdp,branch,147,5.32 Nshamba,5.32 Nshamba,active,147,zone,5,5,,,,,,schemas/reference-data/TACATDP_RefBranches.csv
tacatdp,branch,148,5.33 Serengeti,5.33 Serengeti,active,148,zone,5,5,,,,,,schemas/reference-data/TACATDP_RefBranches.csv
tacatdp,branch,149,5.34 Rwamishenye,5.34 Rwamishenye,active,149,zone,5,5,,,,,,schemas/reference-data/TACATDP_RefBranches.csv
tacatdp,branch,150,5.35 Biharamulo,5.35 Biharamulo,active,150,zone,5,5,,,,,,schemas/reference-data/TACATDP_RefBranches.csv
tacatdp,branch,151,5.36 Rulenge,5.36 Rulenge,active,151,zone,5,5,,,,,,schemas/reference-data/TACATDP_RefBranches.csv
tacatdp,branch,152,5.37 Kyerwa,5.37 Kyerwa,active,152,zone,5,5,,,,,,schemas/reference-data/TACATDP_RefBranches.csv
tacatdp,branch,153,5.38 Mwanza Refinery,5.38 Mwanza Refinery,active,153,zone,5,5,,,,,,schemas/reference-data/TACATDP_RefBranches.csv
tacatdp,branch,154,5.39 Mutukula,5.39 Mutukula,active,154,zone,5,5,,,,,,schemas/reference-data/TACATDP_RefBranches.csv
tacatdp,branch,155,5.40 Maswa,5.40 Maswa,active,155,zone,5,5,,,,,,schemas/reference-data/TACATDP_RefBranches.csv
tacatdp,branch,156,5.41 Sengerema,5.41 Sengerema,active,156,zone,5,5,,,,,,schemas/reference-data/TACATDP_RefBranches.csv
tacatdp,branch,157,6.1 Arusha,6.1 Arusha,active,157,zone,6,6,,,,,,schemas/reference-data/TACATDP_RefBranches.csv
tacatdp,branch,158,6.2 Kwa Mromboo,6.2 Kwa Mromboo,active,158,zone,6,6,,,,,,schemas/reference-data/TACATDP_RefBranches.csv
tacatdp,branch,159,6.3 Mapato,6.3 Mapato,active,159,zone,6,6,,,,,,schemas/reference-data/TACATDP_RefBranches.csv
tacatdp,branch,160,6.4 Meru,6.4 Meru,active,160,zone,6,6,,,,,,schemas/reference-data/TACATDP_RefBranches.csv
tacatdp,branch,161,6.5 Dongobesh,6.5 Dongobesh,active,161,zone,6,6,,,,,,schemas/reference-data/TACATDP_RefBranches.csv
tacatdp,branch,162,6.6 Monduli,6.6 Monduli,active,162,zone,6,6,,,,,,schemas/reference-data/TACATDP_RefBranches.csv
tacatdp,branch,163,6.7 Mto wa Mbu,6.7 Mto wa Mbu,active,163,zone,6,6,,,,,,schemas/reference-data/TACATDP_RefBranches.csv
tacatdp,branch,164,6.8 Ngaramtoni,6.8 Ngaramtoni,active,164,zone,6,6,,,,,,schemas/reference-data/TACATDP_RefBranches.csv
tacatdp,branch,165,6.9 Njiro,6.9 Njiro,active,165,zone,6,6,,,,,,schemas/reference-data/TACATDP_RefBranches.csv
tacatdp,branch,166,6.10 Sakina,6.10 Sakina,active,166,zone,6,6,,,,,,schemas/reference-data/TACATDP_RefBranches.csv
tacatdp,branch,167,6.11 Soko Kuu,6.11 Soko Kuu,active,167,zone,6,6,,,,,,schemas/reference-data/TACATDP_RefBranches.csv
tacatdp,branch,168,6.12 Tengeru,6.12 Tengeru,active,168,zone,6,6,,,,,,schemas/reference-data/TACATDP_RefBranches.csv
tacatdp,branch,169,6.13 Mererani Mineral Market,6.13 Mererani Mineral Market,active,169,zone,6,6,,,,,,schemas/reference-data/TACATDP_RefBranches.csv
tacatdp,branch,170,6.14 Lushoto,6.14 Lushoto,active,170,zone,6,6,,,,,,schemas/reference-data/TACATDP_RefBranches.csv
tacatdp,branch,171,6.15 Cultural Heritage,6.15 Cultural Heritage,active,171,zone,6,6,,,,,,schemas/reference-data/TACATDP_RefBranches.csv
tacatdp,branch,172,6.16 TFA,6.16 TFA,active,172,zone,6,6,,,,,,schemas/reference-data/TACATDP_RefBranches.csv
tacatdp,branch,173,6.17 Usa River,6.17 Usa River,active,173,zone,6,6,,,,,,schemas/reference-data/TACATDP_RefBranches.csv
tacatdp,branch,174,6.18 Moshi,6.18 Moshi,active,174,zone,6,6,,,,,,schemas/reference-data/TACATDP_RefBranches.csv
tacatdp,branch,175,6.19 Hai,6.19 Hai,active,175,zone,6,6,,,,,,schemas/reference-data/TACATDP_RefBranches.csv
tacatdp,branch,176,6.20 Marangu,6.20 Marangu,active,176,zone,6,6,,,,,,schemas/reference-data/TACATDP_RefBranches.csv
tacatdp,branch,177,6.21 Babati,6.21 Babati,active,177,zone,6,6,,,,,,schemas/reference-data/TACATDP_RefBranches.csv
tacatdp,branch,178,6.22 Tanga,6.22 Tanga,active,178,zone,6,6,,,,,,schemas/reference-data/TACATDP_RefBranches.csv
tacatdp,branch,179,6.23 Korogwe,6.23 Korogwe,active,179,zone,6,6,,,,,,schemas/reference-data/TACATDP_RefBranches.csv
tacatdp,branch,180,6.24 Handeni,6.24 Handeni,active,180,zone,6,6,,,,,,schemas/reference-data/TACATDP_RefBranches.csv
tacatdp,branch,181,6.25 Muheza,6.25 Muheza,active,181,zone,6,6,,,,,,schemas/reference-data/TACATDP_RefBranches.csv
tacatdp,branch,182,6.26 Mbuyuni,6.26 Mbuyuni,active,182,zone,6,6,,,,,,schemas/reference-data/TACATDP_RefBranches.csv
tacatdp,branch,183,6.27 Siha,6.27 Siha,active,183,zone,6,6,,,,,,schemas/reference-data/TACATDP_RefBranches.csv
tacatdp,branch,184,6.28 Hydom,6.28 Hydom,active,184,zone,6,6,,,,,,schemas/reference-data/TACATDP_RefBranches.csv
tacatdp,branch,185,6.29 Karatu,6.29 Karatu,active,185,zone,6,6,,,,,,schemas/reference-data/TACATDP_RefBranches.csv
tacatdp,branch,186,6.30 Mererani,6.30 Mererani,active,186,zone,6,6,,,,,,schemas/reference-data/TACATDP_RefBranches.csv
tacatdp,branch,187,6.31 Katesh,6.31 Katesh,active,187,zone,6,6,,,,,,schemas/reference-data/TACATDP_RefBranches.csv
tacatdp,branch,188,6.32 Tarakea,6.32 Tarakea,active,188,zone,6,6,,,,,,schemas/reference-data/TACATDP_RefBranches.csv
tacatdp,branch,189,6.33 Kiteto,6.33 Kiteto,active,189,zone,6,6,,,,,,schemas/reference-data/TACATDP_RefBranches.csv
tacatdp,branch,190,6.34 Mbulu,6.34 Mbulu,active,190,zone,6,6,,,,,,schemas/reference-data/TACATDP_RefBranches.csv
tacatdp,branch,191,6.35 Mwanga,6.35 Mwanga,active,191,zone,6,6,,,,,,schemas/reference-data/TACATDP_RefBranches.csv
tacatdp,branch,192,6.36 Rombo Mkuu,6.36 Rombo Mkuu,active,192,zone,6,6,,,,,,schemas/reference-data/TACATDP_RefBranches.csv
tacatdp,branch,193,6.37 Kilindi,6.37 Kilindi,active,193,zone,6,6,,,,,,schemas/reference-data/TACATDP_RefBranches.csv
tacatdp,branch,194,6.38 Same,6.38 Same,active,194,zone,6,6,,,,,,schemas/reference-data/TACATDP_RefBranches.csv
tacatdp,branch,195,6.39 Ngamiani,6.39 Ngamiani,active,195,zone,6,6,,,,,,schemas/reference-data/TACATDP_RefBranches.csv
tacatdp,branch,196,6.40 KCMC,6.40 KCMC,active,196,zone,6,6,,,,,,schemas/reference-data/TACATDP_RefBranches.csv
tacatdp,branch,197,6.41 TPC - MOSHI,6.41 TPC - MOSHI,active,197,zone,6,6,,,,,,schemas/reference-data/TACATDP_RefBranches.csv
tacatdp,branch,198,7.1 Mtwara,7.1 Mtwara,active,198,zone,7,7,,,,,,schemas/reference-data/TACATDP_RefBranches.csv
tacatdp,branch,199,7.2 Lindi,7.2 Lindi,active,199,zone,7,7,,,,,,schemas/reference-data/TACATDP_RefBranches.csv
tacatdp,branch,200,7.3 Masasi,7.3 Masasi,active,200,zone,7,7,,,,,,schemas/reference-data/TACATDP_RefBranches.csv
tacatdp,branch,201,7.4 Nanyamba,7.4 Nanyamba,active,201,zone,7,7,,,,,,schemas/reference-data/TACATDP_RefBranches.csv
tacatdp,branch,202,7.5 Newala,7.5 Newala,active,202,zone,7,7,,,,,,schemas/reference-data/TACATDP_RefBranches.csv
tacatdp,branch,203,7.6 Nanyumbu,7.6 Nanyumbu,active,203,zone,7,7,,,,,,schemas/reference-data/TACATDP_RefBranches.csv
tacatdp,branch,204,7.7 Mbinga,7.7 Mbinga,active,204,zone,7,7,,,,,,schemas/reference-data/TACATDP_RefBranches.csv
tacatdp,branch,205,7.8 Songea,7.8 Songea,active,205,zone,7,7,,,,,,schemas/reference-data/TACATDP_RefBranches.csv
tacatdp,branch,206,7.9 Ruangwa,7.9 Ruangwa,active,206,zone,7,7,,,,,,schemas/reference-data/TACATDP_RefBranches.csv
tacatdp,branch,207,7.10 Kilwa Kivinje,7.10 Kilwa Kivinje,active,207,zone,7,7,,,,,,schemas/reference-data/TACATDP_RefBranches.csv
tacatdp,branch,208,7.11 Liwale,7.11 Liwale,active,208,zone,7,7,,,,,,schemas/reference-data/TACATDP_RefBranches.csv
tacatdp,branch,209,7.12 Tandahimba,7.12 Tandahimba,active,209,zone,7,7,,,,,,schemas/reference-data/TACATDP_RefBranches.csv
tacatdp,branch,210,7.13 Nyasa,7.13 Nyasa,active,210,zone,7,7,,,,,,schemas/reference-data/TACATDP_RefBranches.csv
tacatdp,branch,211,7.14 Namtumbo,7.14 Namtumbo,active,211,zone,7,7,,,,,,schemas/reference-data/TACATDP_RefBranches.csv
tacatdp,branch,212,7.15 Tunduru,7.15 Tunduru,active,212,zone,7,7,,,,,,schemas/reference-data/TACATDP_RefBranches.csv
tacatdp,branch,213,7.16 Nachingwea,7.16 Nachingwea,active,213,zone,7,7,,,,,,schemas/reference-data/TACATDP_RefBranches.csv
tacatdp,branch,214,8.1 Tabora,8.1 Tabora,active,214,zone,8,8,,,,,,schemas/reference-data/TACATDP_RefBranches.csv
tacatdp,branch,215,8.2 Urambo,8.2 Urambo,active,215,zone,8,8,,,,,,schemas/reference-data/TACATDP_RefBranches.csv
tacatdp,branch,216,8.3 Kaliua,8.3 Kaliua,active,216,zone,8,8,,,,,,schemas/reference-data/TACATDP_RefBranches.csv
tacatdp,branch,217,8.4 Kigoma,8.4 Kigoma,active,217,zone,8,8,,,,,,schemas/reference-data/TACATDP_RefBranches.csv
tacatdp,branch,218,8.5 Kasulu,8.5 Kasulu,active,218,zone,8,8,,,,,,schemas/reference-data/TACATDP_RefBranches.csv
tacatdp,branch,219,8.6 Shinyanga,8.6 Shinyanga,active,219,zone,8,8,,,,,,schemas/reference-data/TACATDP_RefBranches.csv
tacatdp,branch,220,8.7 Kahama,8.7 Kahama,active,220,zone,8,8,,,,,,schemas/reference-data/TACATDP_RefBranches.csv
tacatdp,branch,221,8.8 Geita,8.8 Geita,active,221,zone,8,8,,,,,,schemas/reference-data/TACATDP_RefBranches.csv
tacatdp,branch,222,8.9 Chato,8.9 Chato,active,222,zone,8,8,,,,,,schemas/reference-data/TACATDP_RefBranches.csv
tacatdp,branch,223,8.10 Katoro,8.10 Katoro,active,223,zone,8,8,,,,,,schemas/reference-data/TACATDP_RefBranches.csv
tacatdp,branch,224,8.11 Maganzo,8.11 Maganzo,active,224,zone,8,8,,,,,,schemas/reference-data/TACATDP_RefBranches.csv
tacatdp,branch,225,8.12 Mbogwe,8.12 Mbogwe,active,225,zone,8,8,,,,,,schemas/reference-data/TACATDP_RefBranches.csv
tacatdp,branch,226,8.13 Nzega,8.13 Nzega,active,226,zone,8,8,,,,,,schemas/reference-data/TACATDP_RefBranches.csv
tacatdp,branch,227,8.14 Buhigwe,8.14 Buhigwe,active,227,zone,8,8,,,,,,schemas/reference-data/TACATDP_RefBranches.csv
tacatdp,branch,228,8.15 Kibondo,8.15 Kibondo,active,228,zone,8,8,,,,,,schemas/reference-data/TACATDP_RefBranches.csv
tacatdp,branch,229,8.16 Nyang'hwale,8.16 Nyang'hwale,active,229,zone,8,8,,,,,,schemas/reference-data/TACATDP_RefBranches.csv
tacatdp,branch,230,8.17 Runzewe,8.17 Runzewe,active,230,zone,8,8,,,,,,schemas/reference-data/TACATDP_RefBranches.csv
tacatdp,branch,231,8.18 Igunga,8.18 Igunga,active,231,zone,8,8,,,,,,schemas/reference-data/TACATDP_RefBranches.csv
tacatdp,branch,232,8.19 Kakola,8.19 Kakola,active,232,zone,8,8,,,,,,schemas/reference-data/TACATDP_RefBranches.csv
tacatdp,branch,233,8.20 Tinde,8.20 Tinde,active,233,zone,8,8,,,,,,schemas/reference-data/TACATDP_RefBranches.csv
tacatdp,branch,234,8.21 Bukombe,8.21 Bukombe,active,234,zone,8,8,,,,,,schemas/reference-data/TACATDP_RefBranches.csv
tacatdp,branch,235,8.22 Kahama Social,8.22 Kahama Social,active,235,zone,8,8,,,,,,schemas/reference-data/TACATDP_RefBranches.csv
tacatdp,branch,236,8.23 Nguruka,8.23 Nguruka,active,236,zone,8,8,,,,,,schemas/reference-data/TACATDP_RefBranches.csv
tacatdp,branch,237,8.24 Sikonge,8.24 Sikonge,active,237,zone,8,8,,,,,,schemas/reference-data/TACATDP_RefBranches.csv
tacatdp,branch,238,8.25 Kakonko,8.25 Kakonko,active,238,zone,8,8,,,,,,schemas/reference-data/TACATDP_RefBranches.csv
tacatdp,branch,239,"8.26 Geita Gold Market""","8.26 Geita Gold Market""",active,239,zone,8,8,,,,,,schemas/reference-data/TACATDP_RefBranches.csv
tacatdp,gender,1,Male,Mme,active,1,,,,,,,,,schemas/reference-data/TACATDP_RefChoices.csv
tacatdp,gender,2,Female,Mke,active,2,,,,,,,,,schemas/reference-data/TACATDP_RefChoices.csv
tacatdp,education_level,1,None,Hakuna,active,1,,,,,,,,,schemas/reference-data/TACATDP_RefChoices.csv
tacatdp,education_level,2,Primary,Elimu ya Msingi,active,2,,,,,,,,,schemas/reference-data/TACATDP_RefChoices.csv
tacatdp,education_level,3,Secondary,Elimu ya Sekondari,active,3,,,,,,,,,schemas/reference-data/TACATDP_RefChoices.csv
tacatdp,education_level,4,College,Chuo,active,4,,,,,,,,,schemas/reference-data/TACATDP_RefChoices.csv
tacatdp,education_level,5,University,Chuo Kikuu,active,5,,,,,,,,,schemas/reference-data/TACATDP_RefChoices.csv
tacatdp,zone,1,1. Central Zone,1. Central Zone,active,1,,,,,,,,,schemas/reference-data/TACATDP_RefChoices.csv
tacatdp,zone,2,2. Coastal Zone,2. Coastal Zone,active,2,,,,,,,,,schemas/reference-data/TACATDP_RefChoices.csv
tacatdp,zone,3,3. Dar Zone,3. Dar Zone,active,3,,,,,,,,,schemas/reference-data/TACATDP_RefChoices.csv
tacatdp,zone,4,4. Highland Zone,4. Highland Zone,active,4,,,,,,,,,schemas/reference-data/TACATDP_RefChoices.csv
tacatdp,zone,5,5. Lake Zone,5. Lake Zone,active,5,,,,,,,,,schemas/reference-data/TACATDP_RefChoices.csv
tacatdp,zone,6,6. Northern Zone,6. Northern Zone,active,6,,,,,,,,,schemas/reference-data/TACATDP_RefChoices.csv
tacatdp,zone,7,7. Southern Zone,7. Southern Zone,active,7,,,,,,,,,schemas/reference-data/TACATDP_RefChoices.csv
tacatdp,zone,8,"8. Western Zone""","8. Western Zone""",active,8,,,,,,,,,schemas/reference-data/TACATDP_RefChoices.csv
tacatdp,age_group,1,18–35,18–35,active,1,,,,,,,,,schemas/reference-data/TACATDP_RefChoices.csv
tacatdp,age_group,2,36–60,36–60,active,2,,,,,,,,,schemas/reference-data/TACATDP_RefChoices.csv
tacatdp,age_group,3,>60,>60,active,3,,,,,,,,,schemas/reference-data/TACATDP_RefChoices.csv
tacatdp,yes_no,1,Yes,Ndio,active,1,,,,,,,,,schemas/reference-data/TACATDP_RefChoices.csv
tacatdp,yes_no,2,No,Hapana,active,2,,,,,,,,,schemas/reference-data/TACATDP_RefChoices.csv
tacatdp,crop_name,1.1,1.1. Maize (Mahindi),1.1. Maize (Mahindi),active,1,,,,,,,,,schemas/reference-data/TACATDP_RefChoices.csv
tacatdp,crop_name,1.2,1.2. Paddy (Mpunga),1.2. Paddy (Mpunga),active,2,,,,,,,,,schemas/reference-data/TACATDP_RefChoices.csv
tacatdp,crop_name,1.3,1.3. Rice (Mchele),1.3. Rice (Mchele),active,3,,,,,,,,,schemas/reference-data/TACATDP_RefChoices.csv
tacatdp,crop_name,1.4,1.4. Wheat (Ngano),1.4. Wheat (Ngano),active,4,,,,,,,,,schemas/reference-data/TACATDP_RefChoices.csv
tacatdp,crop_name,1.5,1.5. Millet (Uwele),1.5. Millet (Uwele),active,5,,,,,,,,,schemas/reference-data/TACATDP_RefChoices.csv
tacatdp,crop_name,1.6,1.6. Finger Millet (Mwere/ ulezi),1.6. Finger Millet (Mwere/ ulezi),active,6,,,,,,,,,schemas/reference-data/TACATDP_RefChoices.csv
tacatdp,crop_name,1.7,1.7. Pearl Millet (Uwele wa lulu),1.7. Pearl Millet (Uwele wa lulu),active,7,,,,,,,,,schemas/reference-data/TACATDP_RefChoices.csv
tacatdp,crop_name,1.8,1.8. Barley (Shairi),1.8. Barley (Shairi),active,8,,,,,,,,,schemas/reference-data/TACATDP_RefChoices.csv
tacatdp,crop_name,1.9,1.9. Sorghum (Mtama),1.9. Sorghum (Mtama),active,9,,,,,,,,,schemas/reference-data/TACATDP_RefChoices.csv
tacatdp,crop_name,1.10,1.10. Oats (Shayiri pori),1.10. Oats (Shayiri pori),active,10,,,,,,,,,schemas/reference-data/TACATDP_RefChoices.csv
tacatdp,crop_name,2.1,2.1 . Banana (Ndizi),2.1 . Banana (Ndizi),active,11,,,,,,,,,schemas/reference-data/TACATDP_RefChoices.csv
tacatdp,crop_name,3.1,3.1. Beans (Common) (Maharage),3.1. Beans (Common) (Maharage),active,12,,,,,,,,,schemas/reference-data/TACATDP_RefChoices.csv
tacatdp,crop_name,3.2,3. 2.  Pigeon Pea (Mbaazi),3. 2.  Pigeon Pea (Mbaazi),active,13,,,,,,,,,schemas/reference-data/TACATDP_RefChoices.csv
tacatdp,crop_name,3.3,3.3. Cowpea (Kunde),3.3. Cowpea (Kunde),active,14,,,,,,,,,schemas/reference-data/TACATDP_RefChoices.csv
tacatdp,crop_name,3.4,3. 4. Green Grams (Mung) (Choroko),3. 4. Green Grams (Mung) (Choroko),active,15,,,,,,,,,schemas/reference-data/TACATDP_RefChoices.csv
tacatdp,crop_name,3.5,3.5. Lentils (Dengu),3.5. Lentils (Dengu),active,16,,,,,,,,,schemas/reference-data/TACATDP_RefChoices.csv
tacatdp,crop_name,3.6,3.6. Chickpeas (Njegere),3.6. Chickpeas (Njegere),active,17,,,,,,,,,schemas/reference-data/TACATDP_RefChoices.csv
tacatdp,crop_name,3.7,3. 7. Amaranth Seed (Mbegu za mchicha),3. 7. Amaranth Seed (Mbegu za mchicha),active,18,,,,,,,,,schemas/reference-data/TACATDP_RefChoices.csv
tacatdp,crop_name,4.1,4. 1. Avocado (Parachichi),4. 1. Avocado (Parachichi),active,19,,,,,,,,,schemas/reference-data/TACATDP_RefChoices.csv
tacatdp,crop_name,5.1,5.1. Cassava (Muhogo),5.1. Cassava (Muhogo),active,20,,,,,,,,,schemas/reference-data/TACATDP_RefChoices.csv
tacatdp,crop_name,5.2,5.2. Sweet Potato (Viazi vitamu),5.2. Sweet Potato (Viazi vitamu),active,21,,,,,,,,,schemas/reference-data/TACATDP_RefChoices.csv
tacatdp,crop_name,5.3,5. 3. Yam (White Yam) (Viazi vikuu),5. 3. Yam (White Yam) (Viazi vikuu),active,22,,,,,,,,,schemas/reference-data/TACATDP_RefChoices.csv
tacatdp,crop_name,5.4,5. 4. Taro (Cocoyam) (Magimbi),5. 4. Taro (Cocoyam) (Magimbi),active,23,,,,,,,,,schemas/reference-data/TACATDP_RefChoices.csv
tacatdp,crop_name,5.5,5.5. Cocoyam (Taro) (Magimbi),5.5. Cocoyam (Taro) (Magimbi),active,24,,,,,,,,,schemas/reference-data/TACATDP_RefChoices.csv
tacatdp,crop_name,5.6,5. 6. Arrowroot (Nduma),5. 6. Arrowroot (Nduma),active,25,,,,,,,,,schemas/reference-data/TACATDP_RefChoices.csv
tacatdp,crop_name,6.1,6.1. Irish Potato (Viazi mviringo),6.1. Irish Potato (Viazi mviringo),active,26,,,,,,,,,schemas/reference-data/TACATDP_RefChoices.csv
tacatdp,crop_name,7.1,7.1. Sunflower (Alizeti),7.1. Sunflower (Alizeti),active,27,,,,,,,,,schemas/reference-data/TACATDP_RefChoices.csv
tacatdp,crop_name,8.1,8.1 Groundnut (Peanut) (Karanga),8.1 Groundnut (Peanut) (Karanga),active,28,,,,,,,,,schemas/reference-data/TACATDP_RefChoices.csv
tacatdp,crop_name,9.1,9.1. Palm Oil (small holder) (Mawese -rafiki mazingira)),9.1. Palm Oil (small holder) (Mawese -rafiki mazingira)),active,29,,,,,,,,,schemas/reference-data/TACATDP_RefChoices.csv
tacatdp,crop_name,9.2,9.2. Sesame/Simsim (Ufuta),9.2. Sesame/Simsim (Ufuta),active,30,,,,,,,,,schemas/reference-data/TACATDP_RefChoices.csv
tacatdp,crop_name,9.3,9.3. Cottonseed (Mbegu za Pamba),9.3. Cottonseed (Mbegu za Pamba),active,31,,,,,,,,,schemas/reference-data/TACATDP_RefChoices.csv
tacatdp,crop_name,10.1,10.1. Tomato (Nyanya),10.1. Tomato (Nyanya),active,32,,,,,,,,,schemas/reference-data/TACATDP_RefChoices.csv
tacatdp,crop_name,10.2,10.2. Pumpkin (Maboga),10.2. Pumpkin (Maboga),active,33,,,,,,,,,schemas/reference-data/TACATDP_RefChoices.csv
tacatdp,crop_name,10.3,10.3. Squash (Boga),10.3. Squash (Boga),active,34,,,,,,,,,schemas/reference-data/TACATDP_RefChoices.csv
tacatdp,crop_name,10.4,10.4. Watermelon (Tikiti maji),10.4. Watermelon (Tikiti maji),active,35,,,,,,,,,schemas/reference-data/TACATDP_RefChoices.csv
tacatdp,crop_name,10.5,10.5. Bell Pepper (Pilipili hoho),10.5. Bell Pepper (Pilipili hoho),active,36,,,,,,,,,schemas/reference-data/TACATDP_RefChoices.csv
tacatdp,crop_name,10.6,10.6. Cucumber (Tango),10.6. Cucumber (Tango),active,37,,,,,,,,,schemas/reference-data/TACATDP_RefChoices.csv
tacatdp,crop_name,10.7,10.7. Eggplant (Bilinganya),10.7. Eggplant (Bilinganya),active,38,,,,,,,,,schemas/reference-data/TACATDP_RefChoices.csv
tacatdp,crop_name,10.8,10.8. Spinach (Spinachi),10.8. Spinach (Spinachi),active,39,,,,,,,,,schemas/reference-data/TACATDP_RefChoices.csv
tacatdp,crop_name,10.9,10.9. Okra (Bamia),10.9. Okra (Bamia),active,40,,,,,,,,,schemas/reference-data/TACATDP_RefChoices.csv
tacatdp,crop_name,10.10,10.10. Peppers (Pilipili),10.10. Peppers (Pilipili),active,41,,,,,,,,,schemas/reference-data/TACATDP_RefChoices.csv
tacatdp,crop_name,11.1,11.1. Chili Pepper (Pilipili kali),11.1. Chili Pepper (Pilipili kali),active,42,,,,,,,,,schemas/reference-data/TACATDP_RefChoices.csv
tacatdp,crop_name,12.1,12.1. Soybean (Soya),12.1. Soybean (Soya),active,43,,,,,,,,,schemas/reference-data/TACATDP_RefChoices.csv
tacatdp,crop_name,13.1,13.1. Apple (Tofaa),13.1. Apple (Tofaa),active,44,,,,,,,,,schemas/reference-data/TACATDP_RefChoices.csv
tacatdp,crop_name,13.2,13.2. Custard Apple (Tomoko),13.2. Custard Apple (Tomoko),active,45,,,,,,,,,schemas/reference-data/TACATDP_RefChoices.csv
tacatdp,crop_name,13.3,13.3. Peach (Furis/Pindigesi),13.3. Peach (Furis/Pindigesi),active,46,,,,,,,,,schemas/reference-data/TACATDP_RefChoices.csv
tacatdp,crop_name,13.4,13.4. Pear (Peazi),13.4. Pear (Peazi),active,47,,,,,,,,,schemas/reference-data/TACATDP_RefChoices.csv
tacatdp,crop_name,13.5,13.5. Plum (Pera ya Ulaya),13.5. Plum (Pera ya Ulaya),active,48,,,,,,,,,schemas/reference-data/TACATDP_RefChoices.csv
tacatdp,crop_name,13.6,13.6. Soursop (Graviola) (Mtopetope),13.6. Soursop (Graviola) (Mtopetope),active,49,,,,,,,,,schemas/reference-data/TACATDP_RefChoices.csv
tacatdp,crop_name,13.7,13.7. Strawberry (Stroberi),13.7. Strawberry (Stroberi),active,50,,,,,,,,,schemas/reference-data/TACATDP_RefChoices.csv
tacatdp,crop_name,14.1,14.1. Lime (Ndimu),14.1. Lime (Ndimu),active,51,,,,,,,,,schemas/reference-data/TACATDP_RefChoices.csv
tacatdp,crop_name,14.2,14.2. Grapefruit (Balungi),14.2. Grapefruit (Balungi),active,52,,,,,,,,,schemas/reference-data/TACATDP_RefChoices.csv
tacatdp,crop_name,14.3,14.3. Lemon (Limao),14.3. Lemon (Limao),active,53,,,,,,,,,schemas/reference-data/TACATDP_RefChoices.csv
tacatdp,crop_name,14.4,14.4. Orange (Chungwa),14.4. Orange (Chungwa),active,54,,,,,,,,,schemas/reference-data/TACATDP_RefChoices.csv
tacatdp,crop_name,14.5,14.5. Tangerine (Chenza),14.5. Tangerine (Chenza),active,55,,,,,,,,,schemas/reference-data/TACATDP_RefChoices.csv
tacatdp,crop_name,15.1,15.1.  Passion Fruit (pasheni/Karakara),15.1.  Passion Fruit (pasheni/Karakara),active,56,,,,,,,,,schemas/reference-data/TACATDP_RefChoices.csv
tacatdp,crop_name,15.2,15.2. Guavas (Pera),15.2. Guavas (Pera),active,57,,,,,,,,,schemas/reference-data/TACATDP_RefChoices.csv
tacatdp,crop_name,15.3,15.3. Pineapple (Nanasi),15.3. Pineapple (Nanasi),active,58,,,,,,,,,schemas/reference-data/TACATDP_RefChoices.csv
tacatdp,crop_name,15.4,15.4. Coconut (Nazi),15.4. Coconut (Nazi),active,59,,,,,,,,,schemas/reference-data/TACATDP_RefChoices.csv
tacatdp,crop_name,15.5,15.5. Jackfruit (Fenesi),15.5. Jackfruit (Fenesi),active,60,,,,,,,,,schemas/reference-data/TACATDP_RefChoices.csv
tacatdp,crop_name,15.6,15.6. Mango (Embe),15.6. Mango (Embe),active,61,,,,,,,,,schemas/reference-data/TACATDP_RefChoices.csv
tacatdp,crop_name,15.7,15.7. Papaya (Papai),15.7. Papaya (Papai),active,62,,,,,,,,,schemas/reference-data/TACATDP_RefChoices.csv
tacatdp,crop_name,16.1,16.1. Cabbage (Kabichi),16.1. Cabbage (Kabichi),active,63,,,,,,,,,schemas/reference-data/TACATDP_RefChoices.csv
tacatdp,crop_name,16.2,16.2. Chinese Cabbage (Kabichi ya Kichina),16.2. Chinese Cabbage (Kabichi ya Kichina),active,64,,,,,,,,,schemas/reference-data/TACATDP_RefChoices.csv
tacatdp,crop_name,16.3,16.3. Cowpea Leaves (Majani ya kunde),16.3. Cowpea Leaves (Majani ya kunde),active,65,,,,,,,,,schemas/reference-data/TACATDP_RefChoices.csv
tacatdp,crop_name,16.4,16.4. Jute Mallow (Mlenda),16.4. Jute Mallow (Mlenda),active,66,,,,,,,,,schemas/reference-data/TACATDP_RefChoices.csv
tacatdp,crop_name,16.5,16.5. Kale (Sukuma wiki),16.5. Kale (Sukuma wiki),active,67,,,,,,,,,schemas/reference-data/TACATDP_RefChoices.csv
tacatdp,crop_name,16.6,16.6. Lettuce (Saladi),16.6. Lettuce (Saladi),active,68,,,,,,,,,schemas/reference-data/TACATDP_RefChoices.csv
tacatdp,crop_name,16.7,16.7. Pumpkin Leaves (Majani ya maboga),16.7. Pumpkin Leaves (Majani ya maboga),active,69,,,,,,,,,schemas/reference-data/TACATDP_RefChoices.csv
tacatdp,crop_name,16.8,16.8. Sweet Potato Leaves (Matembele),16.8. Sweet Potato Leaves (Matembele),active,70,,,,,,,,,schemas/reference-data/TACATDP_RefChoices.csv
tacatdp,crop_name,16.9,16.9. Amaranth Leaf Indigenous(Mchicha),16.9. Amaranth Leaf Indigenous(Mchicha),active,71,,,,,,,,,schemas/reference-data/TACATDP_RefChoices.csv
tacatdp,crop_name,16.10,16.10. Nightshade-African (Mnavu mkali),16.10. Nightshade-African (Mnavu mkali),active,72,,,,,,,,,schemas/reference-data/TACATDP_RefChoices.csv
tacatdp,crop_name,16.11,16.11. Spider-Indigenou Plant (Mnafu),16.11. Spider-Indigenou Plant (Mnafu),active,73,,,,,,,,,schemas/reference-data/TACATDP_RefChoices.csv
tacatdp,crop_name,17.1,17.1. Cereal–Legume Mixed Cropping (Maize+Common Beans) (Kilimo Mseto cha Nafaka na Mikunde),17.1. Cereal–Legume Mixed Cropping (Maize+Common Beans) (Kilimo Mseto cha Nafaka na Mikunde),active,74,,,,,,,,,schemas/reference-data/TACATDP_RefChoices.csv
tacatdp,crop_name,17.2,17.2. Holtcultiure Vegetable and Cereal Mixed Cropping (Kilimo mseto (mboga za Bustani na Nafaka),17.2. Holtcultiure Vegetable and Cereal Mixed Cropping (Kilimo mseto (mboga za Bustani na Nafaka),active,75,,,,,,,,,schemas/reference-data/TACATDP_RefChoices.csv
tacatdp,crop_name,17.3,17.3. Oilseed–Cereal–Legume Mixed Cropping (Kilimo mseto-mafuta+Nafaka&Mikunde),17.3. Oilseed–Cereal–Legume Mixed Cropping (Kilimo mseto-mafuta+Nafaka&Mikunde),active,76,,,,,,,,,schemas/reference-data/TACATDP_RefChoices.csv
tacatdp,crop_name,17.4,17.4. Root/Tuber–Cereal–Legume Mixes (mazao Mchanganyiko),17.4. Root/Tuber–Cereal–Legume Mixes (mazao Mchanganyiko),active,77,,,,,,,,,schemas/reference-data/TACATDP_RefChoices.csv
tacatdp,crop_name,18.1,18.1. Erosion & Nutrients control crops (Mazao ya Kudhibiti Mmomonyoko na Kuboresha Virutubisho vya Udongo),18.1. Erosion & Nutrients control crops (Mazao ya Kudhibiti Mmomonyoko na Kuboresha Virutubisho vya Udongo),active,78,,,,,,,,,schemas/reference-data/TACATDP_RefChoices.csv
tacatdp,crop_name,19.1,19.1. Other holticulture Produce (Mazao mengine ya bustani),19.1. Other holticulture Produce (Mazao mengine ya bustani),active,79,,,,,,,,,schemas/reference-data/TACATDP_RefChoices.csv
tacatdp,crop_name,20.1,20.1. Greenhouse Vegetables Produce (Mboga za kitalu nyumba),20.1. Greenhouse Vegetables Produce (Mboga za kitalu nyumba),active,80,,,,,,,,,schemas/reference-data/TACATDP_RefChoices.csv
tacatdp,crop_name,21.1,"21.1. Edible Mushrooms (Oyster, Shiitake, Button) (Uyoga)","21.1. Edible Mushrooms (Oyster, Shiitake, Button) (Uyoga)",active,81,,,,,,,,,schemas/reference-data/TACATDP_RefChoices.csv
tacatdp,crop_name,22.1,22.1. Turnip (Nabo),22.1. Turnip (Nabo),active,82,,,,,,,,,schemas/reference-data/TACATDP_RefChoices.csv
tacatdp,crop_name,22.2,22.2. Onion (bulb) (Kitunguu),22.2. Onion (bulb) (Kitunguu),active,83,,,,,,,,,schemas/reference-data/TACATDP_RefChoices.csv
tacatdp,crop_name,22.3,22.3. Radish (Radishi),22.3. Radish (Radishi),active,84,,,,,,,,,schemas/reference-data/TACATDP_RefChoices.csv
tacatdp,crop_name,22.4,22.4. Garlic (Kitunguu saumu),22.4. Garlic (Kitunguu saumu),active,85,,,,,,,,,schemas/reference-data/TACATDP_RefChoices.csv
tacatdp,crop_name,23.1,23.1. Ginger (Tangawizi),23.1. Ginger (Tangawizi),active,86,,,,,,,,,schemas/reference-data/TACATDP_RefChoices.csv
tacatdp,crop_name,23.2,23.2. Parsnip (Caroot nyeupe),23.2. Parsnip (Caroot nyeupe),active,87,,,,,,,,,schemas/reference-data/TACATDP_RefChoices.csv
tacatdp,crop_name,24.1,24.1. Beetroot (Beetroot),24.1. Beetroot (Beetroot),active,88,,,,,,,,,schemas/reference-data/TACATDP_RefChoices.csv
tacatdp,crop_name,24.2,24.2. Carrot (Karoti),24.2. Carrot (Karoti),active,89,,,,,,,,,schemas/reference-data/TACATDP_RefChoices.csv
tacatdp,crop_name,25.1,25.1. Black Pepper (Pilipili manga),25.1. Black Pepper (Pilipili manga),active,90,,,,,,,,,schemas/reference-data/TACATDP_RefChoices.csv
tacatdp,crop_name,25.2,25.2. Cardamom (Iliki),25.2. Cardamom (Iliki),active,91,,,,,,,,,schemas/reference-data/TACATDP_RefChoices.csv
tacatdp,crop_name,25.3,25.3. Cinnamon (Mdalasini),25.3. Cinnamon (Mdalasini),active,92,,,,,,,,,schemas/reference-data/TACATDP_RefChoices.csv
tacatdp,crop_name,25.4,25.4. Clove (Karafuu),25.4. Clove (Karafuu),active,93,,,,,,,,,schemas/reference-data/TACATDP_RefChoices.csv
tacatdp,crop_name,25.5,25.5. Coriander (Kotimiri),25.5. Coriander (Kotimiri),active,94,,,,,,,,,schemas/reference-data/TACATDP_RefChoices.csv
tacatdp,crop_name,25.6,25.6. Cumin (Jira),25.6. Cumin (Jira),active,95,,,,,,,,,schemas/reference-data/TACATDP_RefChoices.csv
tacatdp,crop_name,25.7,25.7. Fennel (Haradali ya kupika),25.7. Fennel (Haradali ya kupika),active,96,,,,,,,,,schemas/reference-data/TACATDP_RefChoices.csv
tacatdp,crop_name,25.8,25.8. Lemongrass (Mchaichai),25.8. Lemongrass (Mchaichai),active,97,,,,,,,,,schemas/reference-data/TACATDP_RefChoices.csv
tacatdp,crop_name,25.9,25.9. Turmeric (Manjano/Binzari),25.9. Turmeric (Manjano/Binzari),active,98,,,,,,,,,schemas/reference-data/TACATDP_RefChoices.csv
tacatdp,crop_name,25.10,25.10. Vanilla (Vanila),25.10. Vanilla (Vanila),active,99,,,,,,,,,schemas/reference-data/TACATDP_RefChoices.csv
tacatdp,crop_name,26.1,26.1. Grafted Fruit Varieties (Matunda Yaliyopandikizwa),26.1. Grafted Fruit Varieties (Matunda Yaliyopandikizwa),active,100,,,,,,,,,schemas/reference-data/TACATDP_RefChoices.csv
tacatdp,crop_name,27.1,27.1. Green Manure Crops (Mazao ya kurutubisha),27.1. Green Manure Crops (Mazao ya kurutubisha),active,101,,,,,,,,,schemas/reference-data/TACATDP_RefChoices.csv
tacatdp,crop_name,27.2,"27.2. Cover Crops  Legumes (Mucuna, Lablab) (Mazao ya kufunika udongo (mikunde))","27.2. Cover Crops  Legumes (Mucuna, Lablab) (Mazao ya kufunika udongo (mikunde))",active,102,,,,,,,,,schemas/reference-data/TACATDP_RefChoices.csv
tacatdp,crop_name,28.1,28.1. Hydropinic crops (Mazao ya kilimo cha maji,28.1. Hydropinic crops (Mazao ya kilimo cha maji,active,103,,,,,,,,,schemas/reference-data/TACATDP_RefChoices.csv
tacatdp,crop_name,29,29. Improved seeds (Mbegu stahimilivu na zilizo boreshwa),29. Improved seeds (Mbegu stahimilivu na zilizo boreshwa),active,104,,,,,,,,,schemas/reference-data/TACATDP_RefChoices.csv
tacatdp,crop_name,30.1,"30.1.  Soil Conservation crops  (Vetiver Grass, Ornamental Plants etc) (Mazo ya kutunza udongo)","30.1.  Soil Conservation crops  (Vetiver Grass, Ornamental Plants etc) (Mazo ya kutunza udongo)",active,105,,,,,,,,,schemas/reference-data/TACATDP_RefChoices.csv
tacatdp,crop_name,31.1,31.1. Wind break Crops (Mazao ya kuzuia upepo),31.1. Wind break Crops (Mazao ya kuzuia upepo),active,106,,,,,,,,,schemas/reference-data/TACATDP_RefChoices.csv
tacatdp,crop_name,31.2,31.2. Agroforestry for mulching (mazo ya matandazo),31.2. Agroforestry for mulching (mazo ya matandazo),active,107,,,,,,,,,schemas/reference-data/TACATDP_RefChoices.csv
tacatdp,crop_name,31.3,31.3. Intercrop & Alley Cropping (Kilimo mseto kwa mistari Kupanda Mazao Kati ya Mistari ya Miti),31.3. Intercrop & Alley Cropping (Kilimo mseto kwa mistari Kupanda Mazao Kati ya Mistari ya Miti),active,108,,,,,,,,,schemas/reference-data/TACATDP_RefChoices.csv
tacatdp,crop_name,32.1,"32.1. Sustainable Aquaculture, Aquatic Crops and Aquaponics Systems (Ufugaji na Uvunaji Endelevu wa Samaki, Viumbe Maji na Mifumo ya Aquaponic)","32.1. Sustainable Aquaculture, Aquatic Crops and Aquaponics Systems (Ufugaji na Uvunaji Endelevu wa Samaki, Viumbe Maji na Mifumo ya Aquaponic)",active,109,,,,,,,,,schemas/reference-data/TACATDP_RefChoices.csv
tacatdp,crop_name,96,33. Other (please specify),33. Other (please specify),active,110,,,,,,,,,schemas/reference-data/TACATDP_RefChoices.csv
tacatdp,crop_category,1,1. Cereal Grain (Primary Staple Food),1. Cereal Grain (Primary Staple Food),active,1,,,,,,,,,schemas/reference-data/TACATDP_RefChoices.csv
tacatdp,crop_category,2,2. Fruit Crop (Staple Food),2. Fruit Crop (Staple Food),active,2,,,,,,,,,schemas/reference-data/TACATDP_RefChoices.csv
tacatdp,crop_category,3,3. Grain Legumes,3. Grain Legumes,active,3,,,,,,,,,schemas/reference-data/TACATDP_RefChoices.csv
tacatdp,crop_category,4,4. Fruit Crop (strategic),4. Fruit Crop (strategic),active,4,,,,,,,,,schemas/reference-data/TACATDP_RefChoices.csv
tacatdp,crop_category,5,5. Tuber- Energy Crops (Staple food),5. Tuber- Energy Crops (Staple food),active,5,,,,,,,,,schemas/reference-data/TACATDP_RefChoices.csv
tacatdp,crop_category,6,6. Tuber-Energy Crops (Staple food)/Strategic,6. Tuber-Energy Crops (Staple food)/Strategic,active,6,,,,,,,,,schemas/reference-data/TACATDP_RefChoices.csv
tacatdp,crop_category,7,7. Edible oil crop (Strategic),7. Edible oil crop (Strategic),active,7,,,,,,,,,schemas/reference-data/TACATDP_RefChoices.csv
tacatdp,crop_category,8,8. Edible oil crop (legume),8. Edible oil crop (legume),active,8,,,,,,,,,schemas/reference-data/TACATDP_RefChoices.csv
tacatdp,crop_category,9,9. Edible oil crop,9. Edible oil crop,active,9,,,,,,,,,schemas/reference-data/TACATDP_RefChoices.csv
tacatdp,crop_category,10,10. Fruit Vegetables (horticulture),10. Fruit Vegetables (horticulture),active,10,,,,,,,,,schemas/reference-data/TACATDP_RefChoices.csv
tacatdp,crop_category,11,11. Fruit Vegetables (Spice),11. Fruit Vegetables (Spice),active,11,,,,,,,,,schemas/reference-data/TACATDP_RefChoices.csv
tacatdp,crop_category,12,12. Grain Legume-edible oil crop,12. Grain Legume-edible oil crop,active,12,,,,,,,,,schemas/reference-data/TACATDP_RefChoices.csv
tacatdp,crop_category,13,13. Fruit crops,13. Fruit crops,active,13,,,,,,,,,schemas/reference-data/TACATDP_RefChoices.csv
tacatdp,crop_category,14,14. Fruit crops (Citrus),14. Fruit crops (Citrus),active,14,,,,,,,,,schemas/reference-data/TACATDP_RefChoices.csv
tacatdp,crop_category,15,15. Fruit crops (Tropical & Subtropic),15. Fruit crops (Tropical & Subtropic),active,15,,,,,,,,,schemas/reference-data/TACATDP_RefChoices.csv
tacatdp,crop_category,16,16. Leafy Vegetables,16. Leafy Vegetables,active,16,,,,,,,,,schemas/reference-data/TACATDP_RefChoices.csv
tacatdp,crop_category,17,17. Mixed farming cropping,17. Mixed farming cropping,active,17,,,,,,,,,schemas/reference-data/TACATDP_RefChoices.csv
tacatdp,crop_category,18,18. Multipurpose Legumes,18. Multipurpose Legumes,active,18,,,,,,,,,schemas/reference-data/TACATDP_RefChoices.csv
tacatdp,crop_category,19,19.  Horticulture (Vegetables),19.  Horticulture (Vegetables),active,19,,,,,,,,,schemas/reference-data/TACATDP_RefChoices.csv
tacatdp,crop_category,20,20. Horticulture (Protected Cultivation),20. Horticulture (Protected Cultivation),active,20,,,,,,,,,schemas/reference-data/TACATDP_RefChoices.csv
tacatdp,crop_category,21,21. Mushrooms,21. Mushrooms,active,21,,,,,,,,,schemas/reference-data/TACATDP_RefChoices.csv
tacatdp,crop_category,22,22. Root & Bulb Vegetables (Horticulture),22. Root & Bulb Vegetables (Horticulture),active,22,,,,,,,,,schemas/reference-data/TACATDP_RefChoices.csv
tacatdp,crop_category,23,23. Root Crops (Food Ingredients),23. Root Crops (Food Ingredients),active,23,,,,,,,,,schemas/reference-data/TACATDP_RefChoices.csv
tacatdp,crop_category,24,24. Root Vegetable (Horticulture),24. Root Vegetable (Horticulture),active,24,,,,,,,,,schemas/reference-data/TACATDP_RefChoices.csv
tacatdp,crop_category,25,25. Spice Crops,25. Spice Crops,active,25,,,,,,,,,schemas/reference-data/TACATDP_RefChoices.csv
tacatdp,crop_category,26,26. Fruit Tree,26. Fruit Tree,active,26,,,,,,,,,schemas/reference-data/TACATDP_RefChoices.csv
tacatdp,crop_category,27,27. Soil Health crops,27. Soil Health crops,active,27,,,,,,,,,schemas/reference-data/TACATDP_RefChoices.csv
tacatdp,crop_category,28,28. Resilience / Urban Gardening,28. Resilience / Urban Gardening,active,28,,,,,,,,,schemas/reference-data/TACATDP_RefChoices.csv
tacatdp,crop_category,29,29. Resilience seeds,29. Resilience seeds,active,29,,,,,,,,,schemas/reference-data/TACATDP_RefChoices.csv
tacatdp,crop_category,30,30. Conservation crops,30. Conservation crops,active,30,,,,,,,,,schemas/reference-data/TACATDP_RefChoices.csv
tacatdp,crop_category,31,31. Agroforestry,31. Agroforestry,active,31,,,,,,,,,schemas/reference-data/TACATDP_RefChoices.csv
tacatdp,crop_category,32,32. Integrated Adaptation System,32. Integrated Adaptation System,active,32,,,,,,,,,schemas/reference-data/TACATDP_RefChoices.csv
tacatdp,crop_category,33,"34.Aquaculture, Fisheries and Blue Economy Systems","34.Aquaculture, Fisheries and Blue Economy Systems",active,33,,,,,,,,,schemas/reference-data/TACATDP_RefChoices.csv
tacatdp,crop_category,96,"96. Other (please specify)""","96. Other (please specify)""",active,34,,,,,,,,,schemas/reference-data/TACATDP_RefChoices.csv
tacatdp,crop_adaptation,1.1,"1.1. Widely used Primary Staple Food cereal,  critical for food systems and adaptable to many climate zones.","1.1. Widely used Primary Staple Food cereal,  critical for food systems and adaptable to many climate zones.",active,1,,,,,,,1.1,,schemas/reference-data/TACATDP_RefChoices.csv
tacatdp,crop_adaptation,1.2,1.2. Staple food crop with adaptation needs in irrigation and flood zones.,1.2. Staple food crop with adaptation needs in irrigation and flood zones.,active,2,,,,,,,1.2,,schemas/reference-data/TACATDP_RefChoices.csv
tacatdp,crop_adaptation,1.3,"1.3.widely used(Primary Staple Food, fFlood-resilient crop with importance in water management.","1.3.widely used(Primary Staple Food, fFlood-resilient crop with importance in water management.",active,3,,,,,,,1.3,,schemas/reference-data/TACATDP_RefChoices.csv
tacatdp,crop_adaptation,1.4,"1.4. It is Primary,  Staple Food and Strategic, cool-season cereal with value for bread and rotation cropping.","1.4. It is Primary,  Staple Food and Strategic, cool-season cereal with value for bread and rotation cropping.",active,4,,,,,,,1.4,,schemas/reference-data/TACATDP_RefChoices.csv
tacatdp,crop_adaptation,1.5,1.5. Hardy cereal for dry zones and intercropping with legumes or pulses.,1.5. Hardy cereal for dry zones and intercropping with legumes or pulses.,active,5,,,,,,,1.5,,schemas/reference-data/TACATDP_RefChoices.csv
tacatdp,crop_adaptation,1.6,"1.6. Primary Staple food in rural , nutritious traditional cereal for dryland agriculture and food diversification.","1.6. Primary Staple food in rural , nutritious traditional cereal for dryland agriculture and food diversification.",active,6,,,,,,,1.6,,schemas/reference-data/TACATDP_RefChoices.csv
tacatdp,crop_adaptation,1.7,1.7.  Primary Staple Food and drought-tolerant cereal for food security in arid regions.,1.7.  Primary Staple Food and drought-tolerant cereal for food security in arid regions.,active,7,,,,,,,1.7,,schemas/reference-data/TACATDP_RefChoices.csv
tacatdp,crop_adaptation,1.8,1.8. Among Staple Food and cold-tolerant cereal used in highland climates with potential for rotational systems.,1.8. Among Staple Food and cold-tolerant cereal used in highland climates with potential for rotational systems.,active,8,,,,,,,1.8,,schemas/reference-data/TACATDP_RefChoices.csv
tacatdp,crop_adaptation,1.9,1.9.  Primary Staple Food and dry land cereal critical for nutrition and drought adaptation.,1.9.  Primary Staple Food and dry land cereal critical for nutrition and drought adaptation.,active,9,,,,,,,1.9,,schemas/reference-data/TACATDP_RefChoices.csv
tacatdp,crop_adaptation,1.10,1.10. Emerging cereal for highland climates with food and fodder co-benefits.,1.10. Emerging cereal for highland climates with food and fodder co-benefits.,active,10,,,,,,,1.10,,schemas/reference-data/TACATDP_RefChoices.csv
tacatdp,crop_adaptation,2.1,2.1 .Widely used staple fruit crop food and a perennial staple that stabilizes soil and supports food security year-round.,2.1 .Widely used staple fruit crop food and a perennial staple that stabilizes soil and supports food security year-round.,active,11,,,,,,,2.1,,schemas/reference-data/TACATDP_RefChoices.csv
tacatdp,crop_adaptation,3.1,3.1.Nitrogen-fixing legume improves soil fertility and household food security.,3.1.Nitrogen-fixing legume improves soil fertility and household food security.,active,12,,,,,,,3.1,,schemas/reference-data/TACATDP_RefChoices.csv
tacatdp,crop_adaptation,3.2,3. 2.  Deep-rooted legume supporting nitrogen fixation in drought-prone areas.,3. 2.  Deep-rooted legume supporting nitrogen fixation in drought-prone areas.,active,13,,,,,,,3.2,,schemas/reference-data/TACATDP_RefChoices.csv
tacatdp,crop_adaptation,3.3,"3.3. Multi-use legume supporting food, fodder, and soil fertility under low rainfall.","3.3. Multi-use legume supporting food, fodder, and soil fertility under low rainfall.",active,14,,,,,,,3.3,,schemas/reference-data/TACATDP_RefChoices.csv
tacatdp,crop_adaptation,3.4,3. 4. Protein-rich pulse ideal for short-cycle farming in drylands.,3. 4. Protein-rich pulse ideal for short-cycle farming in drylands.,active,15,,,,,,,3.4,,schemas/reference-data/TACATDP_RefChoices.csv
tacatdp,crop_adaptation,3.5,3.5.Short-cycle pulse that fits into post-rainy season and relay farming systems.,3.5.Short-cycle pulse that fits into post-rainy season and relay farming systems.,active,16,,,,,,,3.5,,schemas/reference-data/TACATDP_RefChoices.csv
tacatdp,crop_adaptation,3.6,3.6. Short-cycle pulse that supports crop diversification and dietary resilience.,3.6. Short-cycle pulse that supports crop diversification and dietary resilience.,active,17,,,,,,,3.6,,schemas/reference-data/TACATDP_RefChoices.csv
tacatdp,crop_adaptation,3.7,3. 7. Dual-purpose crop offering both leafy greens and nutrient-dense grains for resilience.,3. 7. Dual-purpose crop offering both leafy greens and nutrient-dense grains for resilience.,active,18,,,,,,,3.7,,schemas/reference-data/TACATDP_RefChoices.csv
tacatdp,crop_adaptation,4.1,"4. 1. High-value tree crop with export potential and soil conservation benefits, livelihood diviosefication ro small jholder undertalers","4. 1. High-value tree crop with export potential and soil conservation benefits, livelihood diviosefication ro small jholder undertalers",active,19,,,,,,,4.1,,schemas/reference-data/TACATDP_RefChoices.csv
tacatdp,crop_adaptation,5.1,5.1. Staple food with energy potential and highly drought-resistant staple essential for food security in semi-arid regions.,5.1. Staple food with energy potential and highly drought-resistant staple essential for food security in semi-arid regions.,active,20,,,,,,,5.1,,schemas/reference-data/TACATDP_RefChoices.csv
tacatdp,crop_adaptation,5.2,5.2. Staple tuber crop with short maturity and high caloric contribution.,5.2. Staple tuber crop with short maturity and high caloric contribution.,active,21,,,,,,,5.2,,schemas/reference-data/TACATDP_RefChoices.csv
tacatdp,crop_adaptation,5.3,5. 3. calorie-rich staple that contributes to household food supply during dry seasons or lean periods.,5. 3. calorie-rich staple that contributes to household food supply during dry seasons or lean periods.,active,22,,,,,,,5.3,,schemas/reference-data/TACATDP_RefChoices.csv
tacatdp,crop_adaptation,5.4,5. 4. Swamp-grown tuber important for climate-smart wetland farming.,5. 4. Swamp-grown tuber important for climate-smart wetland farming.,active,23,,,,,,,5.4,,schemas/reference-data/TACATDP_RefChoices.csv
tacatdp,crop_adaptation,5.5,5.5. Staple food with energy potential performs in moist areas and provides fallback tuber food during climate stress.,5.5. Staple food with energy potential performs in moist areas and provides fallback tuber food during climate stress.,active,24,,,,,,,5.5,,schemas/reference-data/TACATDP_RefChoices.csv
tacatdp,crop_adaptation,5.6,5. 6. One of Staple food grows in wetlands and improves food access during dry seasons in lowland areas.,5. 6. One of Staple food grows in wetlands and improves food access during dry seasons in lowland areas.,active,25,,,,,,,5.6,,schemas/reference-data/TACATDP_RefChoices.csv
tacatdp,crop_adaptation,6.1,"6.1.Staple food, energy crops and strtaegic tuber crop suitable for cool zones with short growth cycle and storage capacity.","6.1.Staple food, energy crops and strtaegic tuber crop suitable for cool zones with short growth cycle and storage capacity.",active,26,,,,,,,6.1,,schemas/reference-data/TACATDP_RefChoices.csv
tacatdp,crop_adaptation,7.1,7.1. Staple oilseed crop improving food and income resilience.,7.1. Staple oilseed crop improving food and income resilience.,active,27,,,,,,,7.1,,schemas/reference-data/TACATDP_RefChoices.csv
tacatdp,crop_adaptation,8.1,8.1 Oilseed legume that improves income and soil under low-input farming systems.,8.1 Oilseed legume that improves income and soil under low-input farming systems.,active,28,,,,,,,8.1,,schemas/reference-data/TACATDP_RefChoices.csv
tacatdp,crop_adaptation,9.1,9.1. Oil-rich tree supporting sustainable livelihoods in coastal agroecologies.,9.1. Oil-rich tree supporting sustainable livelihoods in coastal agroecologies.,active,29,,,,,,,9.1,,schemas/reference-data/TACATDP_RefChoices.csv
tacatdp,crop_adaptation,9.2,9.2. High-value oilseed suitable for export and dry season cropping.,9.2. High-value oilseed suitable for export and dry season cropping.,active,30,,,,,,,9.2,,schemas/reference-data/TACATDP_RefChoices.csv
tacatdp,crop_adaptation,9.3,9.3. Oilseed crop with by-product value and potential in dryland income systems.,9.3. Oilseed crop with by-product value and potential in dryland income systems.,active,31,,,,,,,9.3,,schemas/reference-data/TACATDP_RefChoices.csv
tacatdp,crop_adaptation,10.1,10.1. Widely grown vegetable supporting year-round nutrition needs.,10.1. Widely grown vegetable supporting year-round nutrition needs.,active,32,,,,,,,10.1,,schemas/reference-data/TACATDP_RefChoices.csv
tacatdp,crop_adaptation,10.2,10.2. Multi-use crop supporting climate-smart nutrition and mixed cropping.,10.2. Multi-use crop supporting climate-smart nutrition and mixed cropping.,active,33,,,,,,,10.2,,schemas/reference-data/TACATDP_RefChoices.csv
tacatdp,crop_adaptation,10.3,10.3. Multi-use vegetable for nutrition and intercropping.,10.3. Multi-use vegetable for nutrition and intercropping.,active,34,,,,,,,10.3,,schemas/reference-data/TACATDP_RefChoices.csv
tacatdp,crop_adaptation,10.4,10.4. Moisture-demanding fruit with strong value chain resilience.,10.4. Moisture-demanding fruit with strong value chain resilience.,active,35,,,,,,,10.4,,schemas/reference-data/TACATDP_RefChoices.csv
tacatdp,crop_adaptation,10.5,10.5.High-yield vegetable with short maturity suited to intercropping systems.,10.5.High-yield vegetable with short maturity suited to intercropping systems.,active,36,,,,,,,10.5,,schemas/reference-data/TACATDP_RefChoices.csv
tacatdp,crop_adaptation,10.6,10.6. Moisture-demanding vegetable suited for raised-bed and kitchen garden systems.,10.6. Moisture-demanding vegetable suited for raised-bed and kitchen garden systems.,active,37,,,,,,,10.6,,schemas/reference-data/TACATDP_RefChoices.csv
tacatdp,crop_adaptation,10.7,10.7. Thrives in hot zones and supports food production in small land plots.,10.7. Thrives in hot zones and supports food production in small land plots.,active,38,,,,,,,10.7,,schemas/reference-data/TACATDP_RefChoices.csv
tacatdp,crop_adaptation,10.8,10.8. Iron-rich leafy vegetable that thrives in wet and dry conditions.,10.8. Iron-rich leafy vegetable that thrives in wet and dry conditions.,active,39,,,,,,,10.8,,schemas/reference-data/TACATDP_RefChoices.csv
tacatdp,crop_adaptation,10.9,10.9. Thrives in hot climates and can be grown under shade in kitchen plots.,10.9. Thrives in hot climates and can be grown under shade in kitchen plots.,active,40,,,,,,,10.9,,schemas/reference-data/TACATDP_RefChoices.csv
tacatdp,crop_adaptation,10.10,10.10. Includes capsicum and chili adapted to diverse production systems.,10.10. Includes capsicum and chili adapted to diverse production systems.,active,41,,,,,,,10.10,,schemas/reference-data/TACATDP_RefChoices.csv
tacatdp,crop_adaptation,11.1,11.1. Tolerates hot climates and adds spice-value to diversified kitchen gardens.,11.1. Tolerates hot climates and adds spice-value to diversified kitchen gardens.,active,42,,,,,,,11.1,,schemas/reference-data/TACATDP_RefChoices.csv
tacatdp,crop_adaptation,12.1,12.1. Versatile protein crop adaptable to low-rainfall agroecologies.,12.1. Versatile protein crop adaptable to low-rainfall agroecologies.,active,43,,,,,,,12.1,,schemas/reference-data/TACATDP_RefChoices.csv
tacatdp,crop_adaptation,13.1,13.1. High-value temperate fruit suitable for diversification in highland agroecological zones.,13.1. High-value temperate fruit suitable for diversification in highland agroecological zones.,active,44,,,,,,,13.1,,schemas/reference-data/TACATDP_RefChoices.csv
tacatdp,crop_adaptation,13.2,13.2. Underutilized fruit tree with adaptation potential in humid areas.,13.2. Underutilized fruit tree with adaptation potential in humid areas.,active,45,,,,,,,13.2,,schemas/reference-data/TACATDP_RefChoices.csv
tacatdp,crop_adaptation,13.3,13.3.Temperate fruit with economic value and adaptation in highland systems.,13.3.Temperate fruit with economic value and adaptation in highland systems.,active,46,,,,,,,13.3,,schemas/reference-data/TACATDP_RefChoices.csv
tacatdp,crop_adaptation,13.4,13.4. Temperate fruit crop suited to niche orchard and kitchen garden systems.,13.4. Temperate fruit crop suited to niche orchard and kitchen garden systems.,active,47,,,,,,,13.4,,schemas/reference-data/TACATDP_RefChoices.csv
tacatdp,crop_adaptation,13.5,13.5. Highland fruit with market and dietary adaptation benefit.,13.5. Highland fruit with market and dietary adaptation benefit.,active,48,,,,,,,13.5,,schemas/reference-data/TACATDP_RefChoices.csv
tacatdp,crop_adaptation,13.6,13.6.Tropical fruit tree supporting smallholder fruit processing and income.,13.6.Tropical fruit tree supporting smallholder fruit processing and income.,active,49,,,,,,,13.6,,schemas/reference-data/TACATDP_RefChoices.csv
tacatdp,crop_adaptation,13.7,13.7. Berries that adapt well to raised-bed and vertical farming systems.,13.7. Berries that adapt well to raised-bed and vertical farming systems.,active,50,,,,,,,13.7,,schemas/reference-data/TACATDP_RefChoices.csv
tacatdp,crop_adaptation,14.1,14.1. Adds citrus diversity and micronutrient-rich options in smallholder diets.,14.1. Adds citrus diversity and micronutrient-rich options in smallholder diets.,active,51,,,,,,,14.1,,schemas/reference-data/TACATDP_RefChoices.csv
tacatdp,crop_adaptation,14.2,14.2. Tolerates semi-arid climates and supports citrus diversification.,14.2. Tolerates semi-arid climates and supports citrus diversification.,active,52,,,,,,,14.2,,schemas/reference-data/TACATDP_RefChoices.csv
tacatdp,crop_adaptation,14.3,14.3. Supports agroecological income through fruit juice and citrus diversity.,14.3. Supports agroecological income through fruit juice and citrus diversity.,active,53,,,,,,,14.3,,schemas/reference-data/TACATDP_RefChoices.csv
tacatdp,crop_adaptation,14.4,14.4. Widespread citrus crop with nutrition and juice processing opportunity.,14.4. Widespread citrus crop with nutrition and juice processing opportunity.,active,54,,,,,,,14.4,,schemas/reference-data/TACATDP_RefChoices.csv
tacatdp,crop_adaptation,14.5,14.5. Small citrus fruit with high vitamin C and urban farming potential.,14.5. Small citrus fruit with high vitamin C and urban farming potential.,active,55,,,,,,,14.5,,schemas/reference-data/TACATDP_RefChoices.csv
tacatdp,crop_adaptation,15.1,15.1.  Widely accepted fruit supporting livelihoods and export diversification.,15.1.  Widely accepted fruit supporting livelihoods and export diversification.,active,56,,,,,,,15.1,,schemas/reference-data/TACATDP_RefChoices.csv
tacatdp,crop_adaptation,15.2,15.2. High-vitamin fruit with year-round production supporting dietary resilience.,15.2. High-vitamin fruit with year-round production supporting dietary resilience.,active,57,,,,,,,15.2,,schemas/reference-data/TACATDP_RefChoices.csv
tacatdp,crop_adaptation,15.3,15.3. Tropical fruit crop that tolerates heat and supports juice production.,15.3. Tropical fruit crop that tolerates heat and supports juice production.,active,58,,,,,,,15.3,,schemas/reference-data/TACATDP_RefChoices.csv
tacatdp,crop_adaptation,15.4,"15.4.Multipurpose coastal crop providing food, oil, and resilience in saline soils.","15.4.Multipurpose coastal crop providing food, oil, and resilience in saline soils.",active,59,,,,,,,15.4,,schemas/reference-data/TACATDP_RefChoices.csv
tacatdp,crop_adaptation,15.5,15.5. Large fruit tree providing food security buffer during seasonal food gaps.,15.5. Large fruit tree providing food security buffer during seasonal food gaps.,active,60,,,,,,,15.5,,schemas/reference-data/TACATDP_RefChoices.csv
tacatdp,crop_adaptation,15.6,15.6. Popular fruit crop with resilience to pests and seasonal climate changes.,15.6. Popular fruit crop with resilience to pests and seasonal climate changes.,active,61,,,,,,,15.6,,schemas/reference-data/TACATDP_RefChoices.csv
tacatdp,crop_adaptation,15.7,15.7. Tropical fruit tree with wide acceptance and short bearing time.,15.7. Tropical fruit tree with wide acceptance and short bearing time.,active,62,,,,,,,15.7,,schemas/reference-data/TACATDP_RefChoices.csv
tacatdp,crop_adaptation,16.1,16.1.Fast-growing vegetable with high market value in both rural and urban areas.,16.1.Fast-growing vegetable with high market value in both rural and urban areas.,active,63,,,,,,,16.1,,schemas/reference-data/TACATDP_RefChoices.csv
tacatdp,crop_adaptation,16.2,16.2. Grows quickly and thrives under irrigation or raised bed systems.,16.2. Grows quickly and thrives under irrigation or raised bed systems.,active,64,,,,,,,16.2,,schemas/reference-data/TACATDP_RefChoices.csv
tacatdp,crop_adaptation,16.3,16.3. Nutritious leafy vegetable that thrives in tropical agroecologies with minimal input.,16.3. Nutritious leafy vegetable that thrives in tropical agroecologies with minimal input.,active,65,,,,,,,16.3,,schemas/reference-data/TACATDP_RefChoices.csv
tacatdp,crop_adaptation,16.4,16.4. Nutritious leafy vegetable that thrives in kitchen gardens with minimal water.,16.4. Nutritious leafy vegetable that thrives in kitchen gardens with minimal water.,active,66,,,,,,,16.4,,schemas/reference-data/TACATDP_RefChoices.csv
tacatdp,crop_adaptation,16.5,16.5. Hardy leafy green with pest tolerance and continuous harvest potential.,16.5. Hardy leafy green with pest tolerance and continuous harvest potential.,active,67,,,,,,,16.5,,schemas/reference-data/TACATDP_RefChoices.csv
tacatdp,crop_adaptation,16.6,16.6Leafy green well-suited for protected and raised-bed farming systems.,16.6Leafy green well-suited for protected and raised-bed farming systems.,active,68,,,,,,,16.6,,schemas/reference-data/TACATDP_RefChoices.csv
tacatdp,crop_adaptation,16.7,16.7. High-fiber leafy vegetable improving food security and compost returns.,16.7. High-fiber leafy vegetable improving food security and compost returns.,active,69,,,,,,,16.7,,schemas/reference-data/TACATDP_RefChoices.csv
tacatdp,crop_adaptation,16.8,16.8.Nutrient-rich greens used in homestead and household gardens.,16.8.Nutrient-rich greens used in homestead and household gardens.,active,70,,,,,,,16.8,,schemas/reference-data/TACATDP_RefChoices.csv
tacatdp,crop_adaptation,16.9,"16.9.Fast-growing leafy vegetable rich in iron, ideal for nutrition-sensitive adaptation.","16.9.Fast-growing leafy vegetable rich in iron, ideal for nutrition-sensitive adaptation.",active,71,,,,,,,16.9,,schemas/reference-data/TACATDP_RefChoices.csv
tacatdp,crop_adaptation,16.10,16.10. Nutrient-dense indigenous vegetable suitable for low-input nutrition gardens.,16.10. Nutrient-dense indigenous vegetable suitable for low-input nutrition gardens.,active,72,,,,,,,16.10,,schemas/reference-data/TACATDP_RefChoices.csv
tacatdp,crop_adaptation,16.11,16.11.Indigenous leafy vegetable that grows in wild and managed plots.,16.11.Indigenous leafy vegetable that grows in wild and managed plots.,active,73,,,,,,,16.11,,schemas/reference-data/TACATDP_RefChoices.csv
tacatdp,crop_adaptation,17.1,17.1. Increases yield stability and soil fertility in rainfed smallholder farming systems.,17.1. Increases yield stability and soil fertility in rainfed smallholder farming systems.,active,74,,,,,,,17.1,,schemas/reference-data/TACATDP_RefChoices.csv
tacatdp,crop_adaptation,17.2,17.2. Combines climate-smart horticulture and cereal systems in mixed farming.,17.2. Combines climate-smart horticulture and cereal systems in mixed farming.,active,75,,,,,,,17.2,,schemas/reference-data/TACATDP_RefChoices.csv
tacatdp,crop_adaptation,17.3,17.3. Flexible rotation grain to reduce monocropping vulnerability in ARA farms.,17.3. Flexible rotation grain to reduce monocropping vulnerability in ARA farms.,active,76,,,,,,,17.3,,schemas/reference-data/TACATDP_RefChoices.csv
tacatdp,crop_adaptation,17.4,"17.4.Combines resilient cereals, legumes, and root crops for adaptive farms.","17.4.Combines resilient cereals, legumes, and root crops for adaptive farms.",active,77,,,,,,,17.4,,schemas/reference-data/TACATDP_RefChoices.csv
tacatdp,crop_adaptation,18.1,18.1. Includes grasses and legumes to stabilize soils and restore nutrient cycles.,18.1. Includes grasses and legumes to stabilize soils and restore nutrient cycles.,active,78,,,,,,,18.1,,schemas/reference-data/TACATDP_RefChoices.csv
tacatdp,crop_adaptation,19.1,"19.1. Includes herbs, greens, and other vegetables for adaptive home gardens.","19.1. Includes herbs, greens, and other vegetables for adaptive home gardens.",active,79,,,,,,,19.1,,schemas/reference-data/TACATDP_RefChoices.csv
tacatdp,crop_adaptation,20.1,20.1. Protected cropping improves yields and reduces weather-related losses.,20.1. Protected cropping improves yields and reduces weather-related losses.,active,80,,,,,,,20.1,,schemas/reference-data/TACATDP_RefChoices.csv
tacatdp,crop_adaptation,21.1,21.1. Protein-rich fungi offering nutritional resilience and urban farming opportunity.,21.1. Protein-rich fungi offering nutritional resilience and urban farming opportunity.,active,81,,,,,,,21.1,,schemas/reference-data/TACATDP_RefChoices.csv
tacatdp,crop_adaptation,22.1,22.1.Root crop with rotation and erosion control advantage.,22.1.Root crop with rotation and erosion control advantage.,active,82,,,,,,,22.1,,schemas/reference-data/TACATDP_RefChoices.csv
tacatdp,crop_adaptation,22.2,22.2.Storage-resistant bulb vegetable for peri-urban and rural climate gardens.,22.2.Storage-resistant bulb vegetable for peri-urban and rural climate gardens.,active,83,,,,,,,22.2,,schemas/reference-data/TACATDP_RefChoices.csv
tacatdp,crop_adaptation,22.3,22.3. Quick-growing root vegetable that supports climate-smart salad production.,22.3. Quick-growing root vegetable that supports climate-smart salad production.,active,84,,,,,,,22.3,,schemas/reference-data/TACATDP_RefChoices.csv
tacatdp,crop_adaptation,22.4,22.4. Pest-repelling root crop suitable for organic farming and climate resilience.,22.4. Pest-repelling root crop suitable for organic farming and climate resilience.,active,85,,,,,,,22.4,,schemas/reference-data/TACATDP_RefChoices.csv
tacatdp,crop_adaptation,23.1,23.1.Adaptable root spice supporting household health and diversified income.,23.1.Adaptable root spice supporting household health and diversified income.,active,86,,,,,,,23.1,,schemas/reference-data/TACATDP_RefChoices.csv
tacatdp,crop_adaptation,23.2,23.2.Cool climate root vegetable suited for kitchen and nutrition gardens.,23.2.Cool climate root vegetable suited for kitchen and nutrition gardens.,active,87,,,,,,,23.2,,schemas/reference-data/TACATDP_RefChoices.csv
tacatdp,crop_adaptation,24.1,24.1. Rich in antioxidants and ideal for peri-urban climate-smart kitchen gardens.,24.1. Rich in antioxidants and ideal for peri-urban climate-smart kitchen gardens.,active,88,,,,,,,24.1,,schemas/reference-data/TACATDP_RefChoices.csv
tacatdp,crop_adaptation,24.2,24.2. Adaptable root vegetable that fits well in mixed cropping for climate-smart nutrition.,24.2. Adaptable root vegetable that fits well in mixed cropping for climate-smart nutrition.,active,89,,,,,,,24.2,,schemas/reference-data/TACATDP_RefChoices.csv
tacatdp,crop_adaptation,25.1,25.1. Commercial spice supporting agroforestry income diversification for smallholders.,25.1. Commercial spice supporting agroforestry income diversification for smallholders.,active,90,,,,,,,25.1,,schemas/reference-data/TACATDP_RefChoices.csv
tacatdp,crop_adaptation,25.2,25.2. Shade-loving spice crop that supports agroforestry and niche market income.,25.2. Shade-loving spice crop that supports agroforestry and niche market income.,active,91,,,,,,,25.2,,schemas/reference-data/TACATDP_RefChoices.csv
tacatdp,crop_adaptation,25.3,25.3. Agroforestry spice crop with income potential in humid coastal zones.,25.3. Agroforestry spice crop with income potential in humid coastal zones.,active,92,,,,,,,25.3,,schemas/reference-data/TACATDP_RefChoices.csv
tacatdp,crop_adaptation,25.4,25.4. Export spice with historical climate adaptation role in Zanzibar agriculture.,25.4. Export spice with historical climate adaptation role in Zanzibar agriculture.,active,93,,,,,,,25.4,,schemas/reference-data/TACATDP_RefChoices.csv
tacatdp,crop_adaptation,25.5,25.5. Herb with culinary and medicinal value that grows well in climate-smart gardens.,25.5. Herb with culinary and medicinal value that grows well in climate-smart gardens.,active,94,,,,,,,25.5,,schemas/reference-data/TACATDP_RefChoices.csv
tacatdp,crop_adaptation,25.6,25.6.High-value seed spice for dryland areas supporting climate-resilient income.,25.6.High-value seed spice for dryland areas supporting climate-resilient income.,active,95,,,,,,,25.6,,schemas/reference-data/TACATDP_RefChoices.csv
tacatdp,crop_adaptation,25.7,25.7. Drought-tolerant herb with aromatic and market potential in drylands.,25.7. Drought-tolerant herb with aromatic and market potential in drylands.,active,96,,,,,,,25.7,,schemas/reference-data/TACATDP_RefChoices.csv
tacatdp,crop_adaptation,25.8,"25.8. Fast-growing herb suitable for aromatherapy, teas, and intercropping.","25.8. Fast-growing herb suitable for aromatherapy, teas, and intercropping.",active,97,,,,,,,25.8,,schemas/reference-data/TACATDP_RefChoices.csv
tacatdp,crop_adaptation,25.9,25.9. Root spice crop with commercial value in nutrition-sensitive markets.,25.9. Root spice crop with commercial value in nutrition-sensitive markets.,active,98,,,,,,,25.9,,schemas/reference-data/TACATDP_RefChoices.csv
tacatdp,crop_adaptation,25.10,25.10. High-value vanilla spice with agroforestry potential.,25.10. High-value vanilla spice with agroforestry potential.,active,99,,,,,,,25.10,,schemas/reference-data/TACATDP_RefChoices.csv
tacatdp,crop_adaptation,26.1,26.1. Provides yield stability and fruit quality under drought-prone conditions.,26.1. Provides yield stability and fruit quality under drought-prone conditions.,active,100,,,,,,,26.1,,schemas/reference-data/TACATDP_RefChoices.csv
tacatdp,crop_adaptation,27.1,27.1. Improves soil fertility when rotated or used in organic compost systems.,27.1. Improves soil fertility when rotated or used in organic compost systems.,active,101,,,,,,,27.1,,schemas/reference-data/TACATDP_RefChoices.csv
tacatdp,crop_adaptation,27.2,27.2.Improves soil cover and nitrogen content in degraded lands.,27.2.Improves soil cover and nitrogen content in degraded lands.,active,102,,,,,,,27.2,,schemas/reference-data/TACATDP_RefChoices.csv
tacatdp,crop_adaptation,28.1,28.1.Soilless farming approach that maximizes water efficiency in climate-vulnerable zones.,28.1.Soilless farming approach that maximizes water efficiency in climate-vulnerable zones.,active,103,,,,,,,28.1,,schemas/reference-data/TACATDP_RefChoices.csv
tacatdp,crop_adaptation,29,29. Accelerates adoption of climate-resilient varieties with short maturity.,29. Accelerates adoption of climate-resilient varieties with short maturity.,active,104,,,,,,,29,,schemas/reference-data/TACATDP_RefChoices.csv
tacatdp,crop_adaptation,30.1,30.1. Grass and perennial species that reduce erosion and support soil cover.,30.1. Grass and perennial species that reduce erosion and support soil cover.,active,105,,,,,,,30.1,,schemas/reference-data/TACATDP_RefChoices.csv
tacatdp,crop_adaptation,31.1,"31.1. Protecting crops from harsh winds, reducing evapotranspiration and soil erosion, carbon sinks, improving carbon sequestration and ecosystem","31.1. Protecting crops from harsh winds, reducing evapotranspiration and soil erosion, carbon sinks, improving carbon sequestration and ecosystem",active,106,,,,,,,31.1,,schemas/reference-data/TACATDP_RefChoices.csv
tacatdp,crop_adaptation,31.2,31.2. Improves soil moisture retention and organic matter for resilient farming systems.,31.2. Improves soil moisture retention and organic matter for resilient farming systems.,active,107,,,,,,,31.2,,schemas/reference-data/TACATDP_RefChoices.csv
tacatdp,crop_adaptation,31.3,31.3. Enables sustainable land use through diversity and improved yields.,31.3. Enables sustainable land use through diversity and improved yields.,active,108,,,,,,,31.3,,schemas/reference-data/TACATDP_RefChoices.csv
tacatdp,crop_adaptation,32.1,32.1. Provides protein and food security diversification through fish–vegetable integration.,32.1. Provides protein and food security diversification through fish–vegetable integration.,active,109,,,,,,,32.1,,schemas/reference-data/TACATDP_RefChoices.csv
tacatdp,crop_adaptation,96,"96. Other (please specify)""","96. Other (please specify)""",active,110,,,,,,,96,,schemas/reference-data/TACATDP_RefChoices.csv
tacatdp,technology,1,"1)Climate-smart seeds, including drought-tolerant, early-maturing, pest-resistant and locally adaptive varieties,","1)Climate-smart seeds, including drought-tolerant, early-maturing, pest-resistant and locally adaptive varieties,",active,1,,,,,,,,,schemas/reference-data/TACATDP_RefChoices.csv
tacatdp,technology,2,"2)Organic inputs, compost, bio-fertilizers and soil testing kits,","2)Organic inputs, compost, bio-fertilizers and soil testing kits,",active,2,,,,,,,,,schemas/reference-data/TACATDP_RefChoices.csv
tacatdp,technology,3,"3)Land preparation and mechanization, including tractors, rippers, planters and laser land levelling,","3)Land preparation and mechanization, including tractors, rippers, planters and laser land levelling,",active,3,,,,,,,,,schemas/reference-data/TACATDP_RefChoices.csv
tacatdp,technology,4,"4)Efficient irrigation, including solar pumps, drip, sprinkler and water-saving systems,","4)Efficient irrigation, including solar pumps, drip, sprinkler and water-saving systems,",active,4,,,,,,,,,schemas/reference-data/TACATDP_RefChoices.csv
tacatdp,technology,5,"5)Rainwater harvesting and water storage, including tanks, ponds, reservoirs and charco dams,","5)Rainwater harvesting and water storage, including tanks, ponds, reservoirs and charco dams,",active,5,,,,,,,,,schemas/reference-data/TACATDP_RefChoices.csv
tacatdp,technology,6,"6)Irrigation infrastructure improvement, including canal lining, desilting, flow regulation and paddy water management,","6)Irrigation infrastructure improvement, including canal lining, desilting, flow regulation and paddy water management,",active,6,,,,,,,,,schemas/reference-data/TACATDP_RefChoices.csv
tacatdp,technology,7,"7)Flood control and drainage systems for farms and irrigation schemes,","7)Flood control and drainage systems for farms and irrigation schemes,",active,7,,,,,,,,,schemas/reference-data/TACATDP_RefChoices.csv
tacatdp,technology,8,"8)Greenhouses, net shading and protected farming systems,","8)Greenhouses, net shading and protected farming systems,",active,8,,,,,,,,,schemas/reference-data/TACATDP_RefChoices.csv
tacatdp,technology,9,"9)Agroforestry, including fruit trees, banana, coffee, legumes, cereals and avocado,","9)Agroforestry, including fruit trees, banana, coffee, legumes, cereals and avocado,",active,9,,,,,,,,,schemas/reference-data/TACATDP_RefChoices.csv
tacatdp,technology,10,"10)Soil and water conservation, including mulching, minimum tillage, cover cropping and erosion control,","10)Soil and water conservation, including mulching, minimum tillage, cover cropping and erosion control,",active,10,,,,,,,,,schemas/reference-data/TACATDP_RefChoices.csv
tacatdp,technology,11,"11)Climate-resilient crop practices, including crop rotation, intercropping, farm diversification and conservation agriculture,","11)Climate-resilient crop practices, including crop rotation, intercropping, farm diversification and conservation agriculture,",active,11,,,,,,,,,schemas/reference-data/TACATDP_RefChoices.csv
tacatdp,technology,12,"12)Integrated pest management, including bio-pesticides and biological control,","12)Integrated pest management, including bio-pesticides and biological control,",active,12,,,,,,,,,schemas/reference-data/TACATDP_RefChoices.csv
tacatdp,technology,13,"13)Harvesting and post-harvest equipment, including harvesters, threshers, cleaners and grading machines,","13)Harvesting and post-harvest equipment, including harvesters, threshers, cleaners and grading machines,",active,13,,,,,,,,,schemas/reference-data/TACATDP_RefChoices.csv
tacatdp,technology,14,"14)Storage systems, including hermetic bags, silos, warehouses and grain storage,","14)Storage systems, including hermetic bags, silos, warehouses and grain storage,",active,14,,,,,,,,,schemas/reference-data/TACATDP_RefChoices.csv
tacatdp,technology,15,"15)Drying technologies, including solar and mechanical dryers,","15)Drying technologies, including solar and mechanical dryers,",active,15,,,,,,,,,schemas/reference-data/TACATDP_RefChoices.csv
tacatdp,technology,16,"16)Cold chain systems, including solar cold rooms, cold storage and refrigerated transport,","16)Cold chain systems, including solar cold rooms, cold storage and refrigerated transport,",active,16,,,,,,,,,schemas/reference-data/TACATDP_RefChoices.csv
tacatdp,technology,17,"17)Agro-processing and value-addition equipment, including milling, oil extraction, packaging and labelling,","17)Agro-processing and value-addition equipment, including milling, oil extraction, packaging and labelling,",active,17,,,,,,,,,schemas/reference-data/TACATDP_RefChoices.csv
tacatdp,technology,18,"18)Aggregation and market access infrastructure, including collection centres, storage hubs and distribution systems,","18)Aggregation and market access infrastructure, including collection centres, storage hubs and distribution systems,",active,18,,,,,,,,,schemas/reference-data/TACATDP_RefChoices.csv
tacatdp,technology,19,"19)Renewable energy and energy-efficiency systems for ARA value chains,","19)Renewable energy and energy-efficiency systems for ARA value chains,",active,19,,,,,,,,,schemas/reference-data/TACATDP_RefChoices.csv
tacatdp,technology,20,"20)Aquaculture, aquaponics and sustainable fisheries systems,","20)Aquaculture, aquaponics and sustainable fisheries systems,",active,20,,,,,,,,,schemas/reference-data/TACATDP_RefChoices.csv
tacatdp,technology,21,"21)Climate-resilient blue economy systems, including seaweed farming, solar fishing lighting, safer boats and fish value addition,","21)Climate-resilient blue economy systems, including seaweed farming, solar fishing lighting, safer boats and fish value addition,",active,21,,,,,,,,,schemas/reference-data/TACATDP_RefChoices.csv
tacatdp,climate_risk,1,"1)Drought, erratic rainfall, shortened rainy seasons, heat stress, pest and disease outbreaks, crop failure,","1)Drought, erratic rainfall, shortened rainy seasons, heat stress, pest and disease outbreaks, crop failure,",active,1,,,,,,,,1,schemas/reference-data/TACATDP_RefChoices.csv
tacatdp,climate_risk,2,"2)Soil fertility decline, land degradation, drought stress, low soil moisture, poor crop performance under climate stress,","2)Soil fertility decline, land degradation, drought stress, low soil moisture, poor crop performance under climate stress,",active,2,,,,,,,,2,schemas/reference-data/TACATDP_RefChoices.csv
tacatdp,climate_risk,3,"3)Delayed planting due to unpredictable rains, waterlogging, poor water distribution, soil compaction, labour shortage during short planting windows,","3)Delayed planting due to unpredictable rains, waterlogging, poor water distribution, soil compaction, labour shortage during short planting windows,",active,3,,,,,,,,3,schemas/reference-data/TACATDP_RefChoices.csv
tacatdp,climate_risk,4,"4)Drought, rainfall variability, dry spells, water scarcity, heat stress, crop water stress,","4)Drought, rainfall variability, dry spells, water scarcity, heat stress, crop water stress,",active,4,,,,,,,,4,schemas/reference-data/TACATDP_RefChoices.csv
tacatdp,climate_risk,5,"5)Drought, seasonal water shortages, erratic rainfall, prolonged dry spells, unreliable surface water availability,","5)Drought, seasonal water shortages, erratic rainfall, prolonged dry spells, unreliable surface water availability,",active,5,,,,,,,,5,schemas/reference-data/TACATDP_RefChoices.csv
tacatdp,climate_risk,6,"6)Water loss, inefficient irrigation, drought stress, uneven water distribution, siltation, reduced water availability in paddy schemes,","6)Water loss, inefficient irrigation, drought stress, uneven water distribution, siltation, reduced water availability in paddy schemes,",active,6,,,,,,,,6,schemas/reference-data/TACATDP_RefChoices.csv
tacatdp,climate_risk,7,"7)Flooding, waterlogging, soil erosion, crop submergence, extreme rainfall, infrastructure damage,","7)Flooding, waterlogging, soil erosion, crop submergence, extreme rainfall, infrastructure damage,",active,7,,,,,,,,7,schemas/reference-data/TACATDP_RefChoices.csv
tacatdp,climate_risk,8,"8)Heat stress, heavy rainfall, wind damage, pest outbreaks, water stress, crop damage from climate variability,","8)Heat stress, heavy rainfall, wind damage, pest outbreaks, water stress, crop damage from climate variability,",active,8,,,,,,,,8,schemas/reference-data/TACATDP_RefChoices.csv
tacatdp,climate_risk,9,"9)Soil erosion, heat stress, drought, wind damage, land degradation, biodiversity loss, carbon loss,","9)Soil erosion, heat stress, drought, wind damage, land degradation, biodiversity loss, carbon loss,",active,9,,,,,,,,9,schemas/reference-data/TACATDP_RefChoices.csv
tacatdp,climate_risk,10,"10)Soil erosion, drought, low soil moisture, land degradation, runoff, reduced soil fertility,","10)Soil erosion, drought, low soil moisture, land degradation, runoff, reduced soil fertility,",active,10,,,,,,,,10,schemas/reference-data/TACATDP_RefChoices.csv
tacatdp,climate_risk,11,"11)Crop failure, pest and disease outbreaks, market shocks, drought, soil fertility decline, climate-induced income loss,","11)Crop failure, pest and disease outbreaks, market shocks, drought, soil fertility decline, climate-induced income loss,",active,11,,,,,,,,11,schemas/reference-data/TACATDP_RefChoices.csv
tacatdp,climate_risk,12,"12)Pest outbreaks, disease pressure, invasive pests, crop losses linked to temperature and rainfall changes,","12)Pest outbreaks, disease pressure, invasive pests, crop losses linked to temperature and rainfall changes,",active,12,,,,,,,,12,schemas/reference-data/TACATDP_RefChoices.csv
tacatdp,climate_risk,13,"13)Harvest losses, delayed harvesting due to rainfall, grain damage, quality deterioration, labour shortages,","13)Harvest losses, delayed harvesting due to rainfall, grain damage, quality deterioration, labour shortages,",active,13,,,,,,,,13,schemas/reference-data/TACATDP_RefChoices.csv
tacatdp,climate_risk,14,"14)Post-harvest losses, pest infestation, humidity damage, mould, aflatoxin risk, food insecurity during climate shocks,","14)Post-harvest losses, pest infestation, humidity damage, mould, aflatoxin risk, food insecurity during climate shocks,",active,14,,,,,,,,14,schemas/reference-data/TACATDP_RefChoices.csv
tacatdp,climate_risk,15,"15)Excess rainfall during harvest, high humidity, poor drying conditions, mould, aflatoxin and quality deterioration,","15)Excess rainfall during harvest, high humidity, poor drying conditions, mould, aflatoxin and quality deterioration,",active,15,,,,,,,,15,schemas/reference-data/TACATDP_RefChoices.csv
tacatdp,climate_risk,16,"16)Heat stress, spoilage, market supply disruption, post-harvest losses, perishability risks in horticulture, dairy and fish,","16)Heat stress, spoilage, market supply disruption, post-harvest losses, perishability risks in horticulture, dairy and fish,",active,16,,,,,,,,16,schemas/reference-data/TACATDP_RefChoices.csv
tacatdp,climate_risk,17,"17)Post-harvest losses, market price volatility, income instability, poor shelf life, climate-related quality deterioration,","17)Post-harvest losses, market price volatility, income instability, poor shelf life, climate-related quality deterioration,",active,17,,,,,,,,17,schemas/reference-data/TACATDP_RefChoices.csv
tacatdp,climate_risk,18,"18)Market disruption, transport delays, post-harvest losses, climate-related supply instability, farmer income shocks,","18)Market disruption, transport delays, post-harvest losses, climate-related supply instability, farmer income shocks,",active,18,,,,,,,,18,schemas/reference-data/TACATDP_RefChoices.csv
tacatdp,climate_risk,19,"19)Energy insecurity, high diesel costs, emission risks, power outages, unreliable processing and cooling during climate shocks,","19)Energy insecurity, high diesel costs, emission risks, power outages, unreliable processing and cooling during climate shocks,",active,19,,,,,,,,19,schemas/reference-data/TACATDP_RefChoices.csv
tacatdp,climate_risk,20,"20)Declining fish catch, water scarcity, temperature stress, food insecurity, livelihood vulnerability, climate pressure on aquatic ecosystems,","20)Declining fish catch, water scarcity, temperature stress, food insecurity, livelihood vulnerability, climate pressure on aquatic ecosystems,",active,20,,,,,,,,20,schemas/reference-data/TACATDP_RefChoices.csv
tacatdp,climate_risk,21,"21)Coastal erosion, storms, sea-level rise, declining marine productivity, unsafe fishing conditions, fish spoilage, livelihood shocks,","21)Coastal erosion, storms, sea-level rise, declining marine productivity, unsafe fishing conditions, fish spoilage, livelihood shocks,",active,21,,,,,,,,21,schemas/reference-data/TACATDP_RefChoices.csv
tacatdp,adaptation,1,"1)Improves crop survival, yield stability and production reliability under changing rainfall and temperature conditions,","1)Improves crop survival, yield stability and production reliability under changing rainfall and temperature conditions,",active,1,,,,,,,,1,schemas/reference-data/TACATDP_RefChoices.csv
tacatdp,adaptation,2,"2)Restores soil health, improves nutrient efficiency and increases soil moisture retention for resilient crop production,","2)Restores soil health, improves nutrient efficiency and increases soil moisture retention for resilient crop production,",active,2,,,,,,,,2,schemas/reference-data/TACATDP_RefChoices.csv
tacatdp,adaptation,3,"3)Enables timely planting, improves field preparation and enhances water distribution, especially in paddy and irrigated schemes,","3)Enables timely planting, improves field preparation and enhances water distribution, especially in paddy and irrigated schemes,",active,3,,,,,,,,3,schemas/reference-data/TACATDP_RefChoices.csv
tacatdp,adaptation,4,"4)Reduces dependence on rainfall and improves water-use efficiency for stable production during dry periods,","4)Reduces dependence on rainfall and improves water-use efficiency for stable production during dry periods,",active,4,,,,,,,,4,schemas/reference-data/TACATDP_RefChoices.csv
tacatdp,adaptation,5,"5)Captures and stores water for use during dry periods, improving farm water security and climate resilience,","5)Captures and stores water for use during dry periods, improving farm water security and climate resilience,",active,5,,,,,,,,5,schemas/reference-data/TACATDP_RefChoices.csv
tacatdp,adaptation,6,"6)Reduces water losses, improves flow efficiency and ensures reliable irrigation supply in paddy and crop schemes,","6)Reduces water losses, improves flow efficiency and ensures reliable irrigation supply in paddy and crop schemes,",active,6,,,,,,,,6,schemas/reference-data/TACATDP_RefChoices.csv
tacatdp,adaptation,7,"7)Protects crops, farms and irrigation infrastructure from excess water and extreme rainfall events,","7)Protects crops, farms and irrigation infrastructure from excess water and extreme rainfall events,",active,7,,,,,,,,7,schemas/reference-data/TACATDP_RefChoices.csv
tacatdp,adaptation,8,"8)Creates controlled production conditions, reducing exposure to climate shocks and improving productivity,","8)Creates controlled production conditions, reducing exposure to climate shocks and improving productivity,",active,8,,,,,,,,8,schemas/reference-data/TACATDP_RefChoices.csv
tacatdp,adaptation,9,"9)Provides shade, improves soil structure, reduces erosion, diversifies income and enhances long-term ecosystem resilience,","9)Provides shade, improves soil structure, reduces erosion, diversifies income and enhances long-term ecosystem resilience,",active,9,,,,,,,,9,schemas/reference-data/TACATDP_RefChoices.csv
tacatdp,adaptation,10,"10)Conserves soil moisture, reduces erosion and improves soil productivity under climate stress,","10)Conserves soil moisture, reduces erosion and improves soil productivity under climate stress,",active,10,,,,,,,,10,schemas/reference-data/TACATDP_RefChoices.csv
tacatdp,adaptation,11,"11)Spreads production risk, improves soil fertility and strengthens farm resilience to climate and market shocks,","11)Spreads production risk, improves soil fertility and strengthens farm resilience to climate and market shocks,",active,11,,,,,,,,11,schemas/reference-data/TACATDP_RefChoices.csv
tacatdp,adaptation,12,"12)Reduces crop losses and chemical dependency while improving ecological pest control under changing climate conditions,","12)Reduces crop losses and chemical dependency while improving ecological pest control under changing climate conditions,",active,12,,,,,,,,12,schemas/reference-data/TACATDP_RefChoices.csv
tacatdp,adaptation,13,"13)Reduces losses during harvesting and handling, improves product quality and protects farmer income,","13)Reduces losses during harvesting and handling, improves product quality and protects farmer income,",active,13,,,,,,,,13,schemas/reference-data/TACATDP_RefChoices.csv
tacatdp,adaptation,14,"14)Preserves produce quality, reduces storage losses and improves food availability during climate shocks,","14)Preserves produce quality, reduces storage losses and improves food availability during climate shocks,",active,14,,,,,,,,14,schemas/reference-data/TACATDP_RefChoices.csv
tacatdp,adaptation,15,"15)Enables safe and timely drying, reducing spoilage and protecting crop quality during wet or humid periods,","15)Enables safe and timely drying, reducing spoilage and protecting crop quality during wet or humid periods,",active,15,,,,,,,,15,schemas/reference-data/TACATDP_RefChoices.csv
tacatdp,adaptation,16,"16)Maintains product freshness and reduces losses for horticulture, dairy and fish value chains,","16)Maintains product freshness and reduces losses for horticulture, dairy and fish value chains,",active,16,,,,,,,,16,schemas/reference-data/TACATDP_RefChoices.csv
tacatdp,adaptation,17,"17)Extends shelf life, increases value addition and improves farmer and SME income stability,","17)Extends shelf life, increases value addition and improves farmer and SME income stability,",active,17,,,,,,,,17,schemas/reference-data/TACATDP_RefChoices.csv
tacatdp,adaptation,18,"18)Improves produce aggregation, storage and market linkage, reducing climate-related market and income risks,","18)Improves produce aggregation, storage and market linkage, reducing climate-related market and income risks,",active,18,,,,,,,,18,schemas/reference-data/TACATDP_RefChoices.csv
tacatdp,adaptation,19,"19)Provides reliable, low-cost and low-emission energy for irrigation, cooling, processing and productive use,","19)Provides reliable, low-cost and low-emission energy for irrigation, cooling, processing and productive use,",active,19,,,,,,,,19,schemas/reference-data/TACATDP_RefChoices.csv
tacatdp,adaptation,20,"20)Diversifies climate-resilient livelihoods and improves food security through controlled and efficient aquatic production,","20)Diversifies climate-resilient livelihoods and improves food security through controlled and efficient aquatic production,",active,20,,,,,,,,20,schemas/reference-data/TACATDP_RefChoices.csv
tacatdp,adaptation,21,"21)Strengthens coastal livelihoods, improves safety, reduces fish losses and supports resilience of blue economy value chains,","21)Strengthens coastal livelihoods, improves safety, reduces fish losses and supports resilience of blue economy value chains,",active,21,,,,,,,,21,schemas/reference-data/TACATDP_RefChoices.csv
tacatdp,additional,1,"1)Reduced crop failure and land expansion pressure; improved resource-use efficiency,","1)Reduced crop failure and land expansion pressure; improved resource-use efficiency,",active,1,,,,,,,,1,schemas/reference-data/TACATDP_RefChoices.csv
tacatdp,additional,2,"2)Soil carbon improvement; reduced synthetic fertilizer emissions,","2)Soil carbon improvement; reduced synthetic fertilizer emissions,",active,2,,,,,,,,2,schemas/reference-data/TACATDP_RefChoices.csv
tacatdp,additional,3,"3)Reduced fuel use per output; improved water and input efficiency,","3)Reduced fuel use per output; improved water and input efficiency,",active,3,,,,,,,,3,schemas/reference-data/TACATDP_RefChoices.csv
tacatdp,additional,4,"4)Solar irrigation reduces diesel emissions; efficient water pumping saves energy,","4)Solar irrigation reduces diesel emissions; efficient water pumping saves energy,",active,4,,,,,,,,4,schemas/reference-data/TACATDP_RefChoices.csv
tacatdp,additional,5,"5)Reduced reliance on diesel-powered emergency water pumping,","5)Reduced reliance on diesel-powered emergency water pumping,",active,5,,,,,,,,5,schemas/reference-data/TACATDP_RefChoices.csv
tacatdp,additional,6,"6)Lower pumping demand; improved water productivity per crop output,","6)Lower pumping demand; improved water productivity per crop output,",active,6,,,,,,,,6,schemas/reference-data/TACATDP_RefChoices.csv
tacatdp,additional,7,"7)Reduced crop loss and replanting emissions; protection of soil carbon,","7)Reduced crop loss and replanting emissions; protection of soil carbon,",active,7,,,,,,,,7,schemas/reference-data/TACATDP_RefChoices.csv
tacatdp,additional,8,"8)Efficient water and input use; reduced land pressure through higher yields,","8)Efficient water and input use; reduced land pressure through higher yields,",active,8,,,,,,,,8,schemas/reference-data/TACATDP_RefChoices.csv
tacatdp,additional,9,"9)Carbon sequestration through trees; improved biomass and soil carbon,","9)Carbon sequestration through trees; improved biomass and soil carbon,",active,9,,,,,,,,9,schemas/reference-data/TACATDP_RefChoices.csv
tacatdp,additional,10,"10)Increased soil organic carbon; reduced tillage-related emissions,","10)Increased soil organic carbon; reduced tillage-related emissions,",active,10,,,,,,,,10,schemas/reference-data/TACATDP_RefChoices.csv
tacatdp,additional,11,"11)Improved soil carbon; reduced chemical input intensity,","11)Improved soil carbon; reduced chemical input intensity,",active,11,,,,,,,,11,schemas/reference-data/TACATDP_RefChoices.csv
tacatdp,additional,12,"12)Reduced synthetic pesticide use and pollution; biodiversity protection,","12)Reduced synthetic pesticide use and pollution; biodiversity protection,",active,12,,,,,,,,12,schemas/reference-data/TACATDP_RefChoices.csv
tacatdp,additional,13,"13)Reduced food loss emissions; improved productivity per unit produced,","13)Reduced food loss emissions; improved productivity per unit produced,",active,13,,,,,,,,13,schemas/reference-data/TACATDP_RefChoices.csv
tacatdp,additional,14,"14)Reduced food loss and methane emissions from spoiled produce,","14)Reduced food loss and methane emissions from spoiled produce,",active,14,,,,,,,,14,schemas/reference-data/TACATDP_RefChoices.csv
tacatdp,additional,15,"15)Solar drying reduces fossil fuel use; reduced spoilage emissions,16)Solar and efficient cooling reduce energy emissions; reduced food loss,","15)Solar drying reduces fossil fuel use; reduced spoilage emissions,16)Solar and efficient cooling reduce energy emissions; reduced food loss,",active,15,,,,,,,,15,schemas/reference-data/TACATDP_RefChoices.csv
tacatdp,additional,16,"17)Efficient processing reduces losses and emissions per unit value,","17)Efficient processing reduces losses and emissions per unit value,",active,16,,,,,,,,16,schemas/reference-data/TACATDP_RefChoices.csv
tacatdp,additional,17,"18)Reduced transport inefficiency; reduced waste through organized logistics,","18)Reduced transport inefficiency; reduced waste through organized logistics,",active,17,,,,,,,,17,schemas/reference-data/TACATDP_RefChoices.csv
tacatdp,additional,18,"19)Direct GHG reduction from solar, biogas and efficient equipment,","19)Direct GHG reduction from solar, biogas and efficient equipment,",active,18,,,,,,,,18,schemas/reference-data/TACATDP_RefChoices.csv
tacatdp,additional,19,"20)Efficient water reuse; reduced pressure on wild fish stocks,","20)Efficient water reuse; reduced pressure on wild fish stocks,",active,19,,,,,,,,19,schemas/reference-data/TACATDP_RefChoices.csv
tacatdp,additional,20,"21)Seaweed carbon co-benefits; solar lighting reduces fuel use; reduced fish spoilage,","21)Seaweed carbon co-benefits; solar lighting reduces fuel use; reduced fish spoilage,",active,20,,,,,,,,20,schemas/reference-data/TACATDP_RefChoices.csv
tacatdp,additional,21,22)Other; Specify.,22)Other; Specify.,active,21,,,,,,,,21,schemas/reference-data/TACATDP_RefChoices.csv
tacatdp,sdgs,1,1)SDG 1 – No Poverty; SDG 2 – Zero Hunger; SDG 12 – Responsible Consumption and Production; SDG 13 – Climate Action,1)SDG 1 – No Poverty; SDG 2 – Zero Hunger; SDG 12 – Responsible Consumption and Production; SDG 13 – Climate Action,active,1,,,,,,,,1,schemas/reference-data/TACATDP_RefChoices.csv
tacatdp,sdgs,2,2)SDG 2 – Zero Hunger; SDG 12 – Responsible Consumption and Production; SDG 13 – Climate Action; SDG 15 – Life on Land,2)SDG 2 – Zero Hunger; SDG 12 – Responsible Consumption and Production; SDG 13 – Climate Action; SDG 15 – Life on Land,active,2,,,,,,,,2,schemas/reference-data/TACATDP_RefChoices.csv
tacatdp,sdgs,3,"3)SDG 2 – Zero Hunger; SDG 8 – Decent Work and Economic Growth; SDG 9 – Industry, Innovation and Infrastructure; SDG 12 – Responsible Consumption and Production; SDG 13 – Climate Action","3)SDG 2 – Zero Hunger; SDG 8 – Decent Work and Economic Growth; SDG 9 – Industry, Innovation and Infrastructure; SDG 12 – Responsible Consumption and Production; SDG 13 – Climate Action",active,3,,,,,,,,3,schemas/reference-data/TACATDP_RefChoices.csv
tacatdp,sdgs,4,4)SDG 2 – Zero Hunger; SDG 6 – Clean Water and Sanitation; SDG 7 – Affordable and Clean Energy; SDG 12 – Responsible Consumption and Production; SDG 13 – Climate Action,4)SDG 2 – Zero Hunger; SDG 6 – Clean Water and Sanitation; SDG 7 – Affordable and Clean Energy; SDG 12 – Responsible Consumption and Production; SDG 13 – Climate Action,active,4,,,,,,,,4,schemas/reference-data/TACATDP_RefChoices.csv
tacatdp,sdgs,5,"5)SDG 2 – Zero Hunger; SDG 6 – Clean Water and Sanitation; SDG 9 – Industry, Innovation and Infrastructure; SDG 13 – Climate Action","5)SDG 2 – Zero Hunger; SDG 6 – Clean Water and Sanitation; SDG 9 – Industry, Innovation and Infrastructure; SDG 13 – Climate Action",active,5,,,,,,,,5,schemas/reference-data/TACATDP_RefChoices.csv
tacatdp,sdgs,6,"6)SDG 2 – Zero Hunger; SDG 6 – Clean Water and Sanitation; SDG 9 – Industry, Innovation and Infrastructure; SDG 12 – Responsible Consumption and Production; SDG 13 – Climate Action","6)SDG 2 – Zero Hunger; SDG 6 – Clean Water and Sanitation; SDG 9 – Industry, Innovation and Infrastructure; SDG 12 – Responsible Consumption and Production; SDG 13 – Climate Action",active,6,,,,,,,,6,schemas/reference-data/TACATDP_RefChoices.csv
tacatdp,sdgs,7,"7)SDG 2 – Zero Hunger; SDG 6 – Clean Water and Sanitation; SDG 9 – Industry, Innovation and Infrastructure; SDG 11 – Sustainable Cities and Communities; SDG 13 – Climate Action","7)SDG 2 – Zero Hunger; SDG 6 – Clean Water and Sanitation; SDG 9 – Industry, Innovation and Infrastructure; SDG 11 – Sustainable Cities and Communities; SDG 13 – Climate Action",active,7,,,,,,,,7,schemas/reference-data/TACATDP_RefChoices.csv
tacatdp,sdgs,8,"8)SDG 2 – Zero Hunger; SDG 8 – Decent Work and Economic Growth; SDG 9 – Industry, Innovation and Infrastructure; SDG 12 – Responsible Consumption and Production; SDG 13 – Climate Action","8)SDG 2 – Zero Hunger; SDG 8 – Decent Work and Economic Growth; SDG 9 – Industry, Innovation and Infrastructure; SDG 12 – Responsible Consumption and Production; SDG 13 – Climate Action",active,8,,,,,,,,8,schemas/reference-data/TACATDP_RefChoices.csv
tacatdp,sdgs,9,9)SDG 1 – No Poverty; SDG 2 – Zero Hunger; SDG 13 – Climate Action; SDG 15 – Life on Land,9)SDG 1 – No Poverty; SDG 2 – Zero Hunger; SDG 13 – Climate Action; SDG 15 – Life on Land,active,9,,,,,,,,9,schemas/reference-data/TACATDP_RefChoices.csv
tacatdp,sdgs,10,10)SDG 2 – Zero Hunger; SDG 6 – Clean Water and Sanitation; SDG 12 – Responsible Consumption and Production; SDG 13 – Climate Action; SDG 15 – Life on Land,10)SDG 2 – Zero Hunger; SDG 6 – Clean Water and Sanitation; SDG 12 – Responsible Consumption and Production; SDG 13 – Climate Action; SDG 15 – Life on Land,active,10,,,,,,,,10,schemas/reference-data/TACATDP_RefChoices.csv
tacatdp,sdgs,11,11)SDG 1 – No Poverty; SDG 2 – Zero Hunger; SDG 8 – Decent Work and Economic Growth; SDG 12 – Responsible Consumption and Production; SDG 13 – Climate Action; SDG 15 – Life on Land,11)SDG 1 – No Poverty; SDG 2 – Zero Hunger; SDG 8 – Decent Work and Economic Growth; SDG 12 – Responsible Consumption and Production; SDG 13 – Climate Action; SDG 15 – Life on Land,active,11,,,,,,,,11,schemas/reference-data/TACATDP_RefChoices.csv
tacatdp,sdgs,12,12)SDG 2 – Zero Hunger; SDG 3 – Good Health and Well-being; SDG 12 – Responsible Consumption and Production; SDG 13 – Climate Action; SDG 15 – Life on Land,12)SDG 2 – Zero Hunger; SDG 3 – Good Health and Well-being; SDG 12 – Responsible Consumption and Production; SDG 13 – Climate Action; SDG 15 – Life on Land,active,12,,,,,,,,12,schemas/reference-data/TACATDP_RefChoices.csv
tacatdp,sdgs,13,"13)SDG 2 – Zero Hunger; SDG 8 – Decent Work and Economic Growth; SDG 9 – Industry, Innovation and Infrastructure; SDG 12 – Responsible Consumption and Production; SDG 13 – Climate Action","13)SDG 2 – Zero Hunger; SDG 8 – Decent Work and Economic Growth; SDG 9 – Industry, Innovation and Infrastructure; SDG 12 – Responsible Consumption and Production; SDG 13 – Climate Action",active,13,,,,,,,,13,schemas/reference-data/TACATDP_RefChoices.csv
tacatdp,sdgs,14,"14)SDG 2 – Zero Hunger; SDG 3 – Good Health and Well-being; SDG 9 – Industry, Innovation and Infrastructure; SDG 12 – Responsible Consumption and Production; SDG 13 – Climate Action","14)SDG 2 – Zero Hunger; SDG 3 – Good Health and Well-being; SDG 9 – Industry, Innovation and Infrastructure; SDG 12 – Responsible Consumption and Production; SDG 13 – Climate Action",active,14,,,,,,,,14,schemas/reference-data/TACATDP_RefChoices.csv
tacatdp,sdgs,15,"15)SDG 2 – Zero Hunger; SDG 7 – Affordable and Clean Energy; SDG 9 – Industry, Innovation and Infrastructure; SDG 12 – Responsible Consumption and Production; SDG 13 – Climate Action","15)SDG 2 – Zero Hunger; SDG 7 – Affordable and Clean Energy; SDG 9 – Industry, Innovation and Infrastructure; SDG 12 – Responsible Consumption and Production; SDG 13 – Climate Action",active,15,,,,,,,,15,schemas/reference-data/TACATDP_RefChoices.csv
tacatdp,sdgs,16,"16)SDG 2 – Zero Hunger; SDG 7 – Affordable and Clean Energy; SDG 8 – Decent Work and Economic Growth; SDG 9 – Industry, Innovation and Infrastructure; SDG 12 – Responsible Consumption and Production; SDG 13 – Climate Action","16)SDG 2 – Zero Hunger; SDG 7 – Affordable and Clean Energy; SDG 8 – Decent Work and Economic Growth; SDG 9 – Industry, Innovation and Infrastructure; SDG 12 – Responsible Consumption and Production; SDG 13 – Climate Action",active,16,,,,,,,,16,schemas/reference-data/TACATDP_RefChoices.csv
tacatdp,sdgs,17,"17)SDG 1 – No Poverty; SDG 2 – Zero Hunger; SDG 8 – Decent Work and Economic Growth; SDG 9 – Industry, Innovation and Infrastructure; SDG 12 – Responsible Consumption and Production; SDG 13 – Climate Action","17)SDG 1 – No Poverty; SDG 2 – Zero Hunger; SDG 8 – Decent Work and Economic Growth; SDG 9 – Industry, Innovation and Infrastructure; SDG 12 – Responsible Consumption and Production; SDG 13 – Climate Action",active,17,,,,,,,,17,schemas/reference-data/TACATDP_RefChoices.csv
tacatdp,sdgs,18,"18)SDG 1 – No Poverty; SDG 2 – Zero Hunger; SDG 8 – Decent Work and Economic Growth; SDG 9 – Industry, Innovation and Infrastructure; SDG 12 – Responsible Consumption and Production; SDG 13 – Climate Action","18)SDG 1 – No Poverty; SDG 2 – Zero Hunger; SDG 8 – Decent Work and Economic Growth; SDG 9 – Industry, Innovation and Infrastructure; SDG 12 – Responsible Consumption and Production; SDG 13 – Climate Action",active,18,,,,,,,,18,schemas/reference-data/TACATDP_RefChoices.csv
tacatdp,sdgs,19,"19)SDG 7 – Affordable and Clean Energy; SDG 8 – Decent Work and Economic Growth; SDG 9 – Industry, Innovation and Infrastructure; SDG 12 – Responsible Consumption and Production; SDG 13 – Climate Action","19)SDG 7 – Affordable and Clean Energy; SDG 8 – Decent Work and Economic Growth; SDG 9 – Industry, Innovation and Infrastructure; SDG 12 – Responsible Consumption and Production; SDG 13 – Climate Action",active,19,,,,,,,,19,schemas/reference-data/TACATDP_RefChoices.csv
tacatdp,sdgs,20,20)SDG 1 – No Poverty; SDG 2 – Zero Hunger; SDG 6 – Clean Water and Sanitation; SDG 8 – Decent Work and Economic Growth; SDG 12 – Responsible Consumption and Production; SDG 13 – Climate Action; SDG 14 – Life Below Water,20)SDG 1 – No Poverty; SDG 2 – Zero Hunger; SDG 6 – Clean Water and Sanitation; SDG 8 – Decent Work and Economic Growth; SDG 12 – Responsible Consumption and Production; SDG 13 – Climate Action; SDG 14 – Life Below Water,active,20,,,,,,,,20,schemas/reference-data/TACATDP_RefChoices.csv
tacatdp,sdgs,21,21)SDG 1 – No Poverty; SDG 2 – Zero Hunger; SDG 7 – Affordable and Clean Energy; SDG 8 – Decent Work and Economic Growth; SDG 12 – Responsible Consumption and Production; SDG 13 – Climate Action; SDG 14 – Life Below Water,21)SDG 1 – No Poverty; SDG 2 – Zero Hunger; SDG 7 – Affordable and Clean Energy; SDG 8 – Decent Work and Economic Growth; SDG 12 – Responsible Consumption and Production; SDG 13 – Climate Action; SDG 14 – Life Below Water,active,21,,,,,,,,21,schemas/reference-data/TACATDP_RefChoices.csv
tacatdp,irrigation_type,1,"1)Drip Irrigation,",Umwagiliaji wa Matone,active,1,,,,,,,,,schemas/reference-data/TACATDP_RefChoices.csv
tacatdp,irrigation_type,2,"2)Sprinkler Irrigation,",Umwagiliaji wa Vinyunyizio,active,2,,,,,,,,,schemas/reference-data/TACATDP_RefChoices.csv
tacatdp,irrigation_type,3,"3)Flood Irrigation,",Umwagiliaji wa Mafuriko,active,3,,,,,,,,,schemas/reference-data/TACATDP_RefChoices.csv
tacatdp,irrigation_type,4,"4)Furrow Irrigation,",Umwagiliaji wa Mifereji,active,4,,,,,,,,,schemas/reference-data/TACATDP_RefChoices.csv
tacatdp,irrigation_type,5,"5)Basin Irrigation,",Umwagiliaji wa Mabonde,active,5,,,,,,,,,schemas/reference-data/TACATDP_RefChoices.csv
tacatdp,irrigation_type,6,"6)Paddy Irrigation / Canal Irrigation,",Umwagiliaji wa Mashamba ya Mpunga / Mifereji ya Umwagiliaji,active,6,,,,,,,,,schemas/reference-data/TACATDP_RefChoices.csv
tacatdp,irrigation_type,7,"7)Solar-Powered Pump Irrigation,",Umwagiliaji kwa Pampu Zinazotumia Nishati ya Jua,active,7,,,,,,,,,schemas/reference-data/TACATDP_RefChoices.csv
tacatdp,irrigation_type,8,"8)Diesel-Powered Pump Irrigation,",Umwagiliaji kwa Pampu Zinazotumia Dizeli,active,8,,,,,,,,,schemas/reference-data/TACATDP_RefChoices.csv
tacatdp,irrigation_type,9,"9)Electric Pump Irrigation,",Umwagiliaji kwa Pampu Zinazotumia Umeme,active,9,,,,,,,,,schemas/reference-data/TACATDP_RefChoices.csv
tacatdp,irrigation_type,10,"10)Rain-Fed Farming,",Kilimo cha Kutegemea Mvua,active,10,,,,,,,,,schemas/reference-data/TACATDP_RefChoices.csv
tacatdp,irrigation_type,11,"11)Rainwater Harvesting Irrigation,",Umwagiliaji kwa Kuvuna na Kuhifadhi Maji ya Mvua,active,11,,,,,,,,,schemas/reference-data/TACATDP_RefChoices.csv
tacatdp,irrigation_type,12,"12)Gravity-Fed Irrigation,",Umwagiliaji wa Mteremko kwa Nguvu ya Mvuto,active,12,,,,,,,,,schemas/reference-data/TACATDP_RefChoices.csv
tacatdp,irrigation_type,13,"13)Treadle / Manual Pump Irrigation,",Umwagiliaji kwa Pampu za Kukanyaga au Kuendeshwa kwa Mikono,active,13,,,,,,,,,schemas/reference-data/TACATDP_RefChoices.csv
tacatdp,irrigation_type,14,"14)Charco Dam / Farm Pond Irrigation,",Umwagiliaji kwa Mabwawa ya Charco au Mabwawa ya Shambani,active,14,,,,,,,,,schemas/reference-data/TACATDP_RefChoices.csv
tacatdp,irrigation_type,96,15)Other Eligible; Specify,Nyingine Zinazostahiki; Bainisha,active,15,,,,,,,,,schemas/reference-data/TACATDP_RefChoices.csv
tacatdp,water_source,1,"1)Borehole water,",Maji ya Kisima Kirefu (Borehole),active,1,,,,,,,,,schemas/reference-data/TACATDP_RefChoices.csv
tacatdp,water_source,2,"2)Shallow and deep well water,",Maji ya Visima vya Kifupi na Virefu,active,2,,,,,,,,,schemas/reference-data/TACATDP_RefChoices.csv
tacatdp,water_source,3,"3)River and stream water,",Maji ya Mito na Vijito,active,3,,,,,,,,,schemas/reference-data/TACATDP_RefChoices.csv
tacatdp,water_source,4,"4)Lake water,",Maji ya Maziwa,active,4,,,,,,,,,schemas/reference-data/TACATDP_RefChoices.csv
tacatdp,water_source,5,"5)Pond and farm pond water,",Maji ya Mabwawa na Mabwawa ya Shambani,active,5,,,,,,,,,schemas/reference-data/TACATDP_RefChoices.csv
tacatdp,water_source,6,"6)Charco dam water,",Maji ya Bwawa la Charco,active,6,,,,,,,,,schemas/reference-data/TACATDP_RefChoices.csv
tacatdp,water_source,7,"7)Reservoir and dam water,",Maji ya Mabwawa Makubwa na Mabwawa ya Kuhifadhi Maji,active,7,,,,,,,,,schemas/reference-data/TACATDP_RefChoices.csv
tacatdp,water_source,8,"8)Rainwater harvesting,",Uvunaji na Uhifadhi wa Maji ya Mvua,active,8,,,,,,,,,schemas/reference-data/TACATDP_RefChoices.csv
tacatdp,water_source,9,"9)Roof catchment rainwater,",Maji ya Mvua Yanayokusanywa Kutoka Kwenye Mapaa,active,9,,,,,,,,,schemas/reference-data/TACATDP_RefChoices.csv
tacatdp,water_source,10,"10)Surface runoff harvesting,",Uvunaji wa Maji ya Mtiririko wa Juu ya Ardhi,active,10,,,,,,,,,schemas/reference-data/TACATDP_RefChoices.csv
tacatdp,water_source,11,"11)Canal water,",Maji ya Mifereji ya Umwagiliaji,active,11,,,,,,,,,schemas/reference-data/TACATDP_RefChoices.csv
tacatdp,water_source,12,"12)Irrigation scheme water,",Maji ya Skimu za Umwagiliaji,active,12,,,,,,,,,schemas/reference-data/TACATDP_RefChoices.csv
tacatdp,water_source,13,"13)Spring water,",Maji ya Chemchemi,active,13,,,,,,,,,schemas/reference-data/TACATDP_RefChoices.csv
tacatdp,water_source,14,"14)Wetland or valley-bottom water, where legally permitted,","Maji ya Maeneo Oevu au Mabonde ya Mito, Pale Inaporuhusiwa Kisheria",active,14,,,,,,,,,schemas/reference-data/TACATDP_RefChoices.csv
tacatdp,water_source,15,"15)Groundwater abstraction,",Uchukuaji wa Maji ya Chini ya Ardhi,active,15,,,,,,,,,schemas/reference-data/TACATDP_RefChoices.csv
tacatdp,water_source,16,"16)Recycled or treated wastewater for irrigation, where safely permitted,","Maji Taka Yaliyosafishwa au Kutibiwa kwa Ajili ya Umwagiliaji, Pale Inaporuhusiwa kwa Usalama",active,16,,,,,,,,,schemas/reference-data/TACATDP_RefChoices.csv
tacatdp,water_source,17,"17)Municipal, utility or community water supply,","Maji ya Huduma za Maji za Manispaa, Shirika la Maji au Jamii",active,17,,,,,,,,,schemas/reference-data/TACATDP_RefChoices.csv
tacatdp,water_source,96,18)Other Eligible; Specify.,Nyingine,active,18,,,,,,,,,schemas/reference-data/TACATDP_RefChoices.csv
tacatdp,energy_source,1,"1)National grid electricity,",Umeme wa Gridi ya Taifa,active,1,,,,,,,,,schemas/reference-data/TACATDP_RefChoices.csv
tacatdp,energy_source,2,"2)Diesel and petrol-powered systems, including generators and machinery,","Mifumo Inayotumia Dizeli na Petroli, Ikijumuisha Jenereta na Mitambo",active,2,,,,,,,,,schemas/reference-data/TACATDP_RefChoices.csv
tacatdp,energy_source,3,"3)Solar energy and solar hybrid systems,",Nishati ya Jua na Mifumo Mseto ya Nishati ya Jua,active,3,,,,,,,,,schemas/reference-data/TACATDP_RefChoices.csv
tacatdp,energy_source,4,"4)Battery and energy storage systems,",Betri na Mifumo ya Kuhifadhi Nishati,active,4,,,,,,,,,schemas/reference-data/TACATDP_RefChoices.csv
tacatdp,energy_source,5,"5)Firewood and charcoal,",Kuni na Mkaa,active,5,,,,,,,,,schemas/reference-data/TACATDP_RefChoices.csv
tacatdp,energy_source,6,"6)Biomass residues, including rice husks, bagasse and agro-waste,","Mabaki ya Biomasi, Ikiwemo Maganda ya Mpunga, Mabaki ya Miwa (Bagasse) na Taka za Kilimo",active,6,,,,,,,,,schemas/reference-data/TACATDP_RefChoices.csv
tacatdp,energy_source,7,"7)Biogas,",Nishati ya Biogesi,active,7,,,,,,,,,schemas/reference-data/TACATDP_RefChoices.csv
tacatdp,energy_source,8,"8)LPG and natural gas,",Gesi ya LPG na Gesi Asilia,active,8,,,,,,,,,schemas/reference-data/TACATDP_RefChoices.csv
tacatdp,energy_source,9,"9)Manual labour and animal power,",Nguvu Kazi ya Binadamu na Wanyama wa Kazi,active,9,,,,,,,,,schemas/reference-data/TACATDP_RefChoices.csv
tacatdp,energy_source,96,10)Other Eligible; Specify.,Nyingine Zinazostahiki; Bainisha,active,10,,,,,,,,,schemas/reference-data/TACATDP_RefChoices.csv
tacatdp,adopted_energy,1,"1)Solar energy systems, including solar PV,","Mifumo ya Nishati ya Jua, Ikiwemo Mifumo ya Solar PV",active,1,,,,,,,,,schemas/reference-data/TACATDP_RefChoices.csv
tacatdp,adopted_energy,2,"2)Solar-powered irrigation pumps,",Pampu za Umwagiliaji Zinazotumia Nishati ya Jua,active,2,,,,,,,,,schemas/reference-data/TACATDP_RefChoices.csv
tacatdp,adopted_energy,3,"3)Solar cold rooms, refrigeration and cooling systems,","Vyumba Baridi, Majokofu na Mifumo ya Upoezaji Inayotumia Nishati ya Jua",active,3,,,,,,,,,schemas/reference-data/TACATDP_RefChoices.csv
tacatdp,adopted_energy,4,"4)Solar-powered agro-processing and productive-use equipment,",Vifaa vya Uchakataji wa Mazao na Uzalishaji Vinavyotumia Nishati ya Jua,active,4,,,,,,,,,schemas/reference-data/TACATDP_RefChoices.csv
tacatdp,adopted_energy,5,"5)Solar dryers for crops, fish and spices,","Vikaushio vya Mazao, Samaki na Viungo Vinavyotumia Nishati ya Jua",active,5,,,,,,,,,schemas/reference-data/TACATDP_RefChoices.csv
tacatdp,adopted_energy,6,"6)Solar mini-grids, off-grid and hybrid systems,","Gridi Ndogo za Nishati ya Jua, Mifumo Isiyounganishwa na Gridi Kuu na Mifumo Mseto",active,6,,,,,,,,,schemas/reference-data/TACATDP_RefChoices.csv
tacatdp,adopted_energy,7,"7)Battery energy storage systems,",Mifumo ya Kuhifadhi Nishati kwa Betri,active,7,,,,,,,,,schemas/reference-data/TACATDP_RefChoices.csv
tacatdp,adopted_energy,8,"8)Biogas systems from manure and organic waste,",Mifumo ya Biogesi Inayotokana na Samadi na Taka za Kikaboni,active,8,,,,,,,,,schemas/reference-data/TACATDP_RefChoices.csv
tacatdp,adopted_energy,9,"9)Biomass energy from rice husks, bagasse and agro-waste,","Nishati ya Biomasi Kutokana na Maganda ya Mpunga, Mabaki ya Miwa (Bagasse) na Taka za Kilimo",active,9,,,,,,,,,schemas/reference-data/TACATDP_RefChoices.csv
tacatdp,adopted_energy,10,"10)Efficient grid-connected electric systems, motors, pumps and compressors,","Mifumo Bora ya Umeme Iliyounganishwa na Gridi Kuu, Ikiwemo Motori, Pampu na Kompresa Zenye Ufanisi wa Nishati",active,10,,,,,,,,,schemas/reference-data/TACATDP_RefChoices.csv
tacatdp,adopted_energy,11,"11)Clean cooking and efficient thermal systems, including LPG, biogas, electric cooking, boilers and heat recovery,","Mifumo Safi ya Kupikia na Mifumo Bora ya Nishati ya Joto, Ikiwemo LPG, Biogesi, Upishi wa Umeme, Boila na Mifumo ya Urejeshaji wa Joto",active,11,,,,,,,,,schemas/reference-data/TACATDP_RefChoices.csv
tacatdp,adopted_energy,96,12)Other Eligible; Specify.,Nyingine Zinazostahiki;,active,12,,,,,,,,,schemas/reference-data/TACATDP_RefChoices.csv
tacatdp,group_type,producer_group,Producer Group,Producer Group,active,1,,,,,,,,,schemas/reference-data/TACATDP_RefChoices.csv
tacatdp,group_type,cooperative,Cooperative,Cooperative,active,2,,,,,,,,,schemas/reference-data/TACATDP_RefChoices.csv
tacatdp,group_type,sacco,SACCO,SACCO,active,3,,,,,,,,,schemas/reference-data/TACATDP_RefChoices.csv
tacatdp,training_type,1,ARA Practices,Mbinu za ARA,active,1,,,,,,,,,schemas/reference-data/TACATDP_RefChoices.csv
tacatdp,training_type,2,Financial Inclusion,Ujumuishaji wa Kifedha,active,2,,,,,,,,,schemas/reference-data/TACATDP_RefChoices.csv
tacatdp,training_type,3,Gender & Social Inclusion,Ujumuishaji wa Kijinsia na Kijamii,active,3,,,,,,,,,schemas/reference-data/TACATDP_RefChoices.csv
tacatdp,training_type,4,Climate-Smart Agriculture,Kilimo Himilivu kwa Mabadiliko ya Tabianchi,active,4,,,,,,,,,schemas/reference-data/TACATDP_RefChoices.csv
tacatdp,training_type,5,Post-Harvest Management,Usimamizi wa Baada ya Mavuno,active,5,,,,,,,,,schemas/reference-data/TACATDP_RefChoices.csv
tacatdp,target_group,1,Women,Wanawake,active,1,,,,,,,,,schemas/reference-data/TACATDP_RefChoices.csv
tacatdp,target_group,2,Youth (18–35),Vijana (Miaka 18–35),active,2,,,,,,,,,schemas/reference-data/TACATDP_RefChoices.csv
tacatdp,target_group,3,Vulnerable Groups,Makundi Yaliyo Katika Mazingira Hatarishi,active,3,,,,,,,,,schemas/reference-data/TACATDP_RefChoices.csv
tacatdp,target_group,4,Persons with Disabilities,Watu Wenye Ulemavu,active,4,,,,,,,,,schemas/reference-data/TACATDP_RefChoices.csv
tacatdp,target_group,5,Mixed Group,Kundi Mchanganyiko,active,5,,,,,,,,,schemas/reference-data/TACATDP_RefChoices.csv
tacatdp,gender_focus,1,Joint decision-making,Uamuzi wa Pamoja,active,1,,,,,,,,,schemas/reference-data/TACATDP_RefChoices.csv
tacatdp,gender_focus,2,Women leadership,Uongozi wa Wanawake,active,2,,,,,,,,,schemas/reference-data/TACATDP_RefChoices.csv
tacatdp,gender_focus,3,Access to finance,Upatikanaji wa Huduma za Kifedha,active,3,,,,,,,,,schemas/reference-data/TACATDP_RefChoices.csv
tacatdp,gender_focus,4,Labor burden reduction,Kupunguza Mzigo wa Kazi,active,4,,,,,,,,,schemas/reference-data/TACATDP_RefChoices.csv
tacatdp,gender_focus,5,Equal benefit sharing,Mgawanyo Sawa wa Manufaa,active,5,,,,,,,,,schemas/reference-data/TACATDP_RefChoices.csv
tacatdp,vc_stages,1,FARM PREPARATION STAGE BENEFICIARIES,Mnufaika wa Hatua ya Maandalizi ya Shamba,active,1,,,,,,,,,schemas/reference-data/TACATDP_RefChoices.csv
tacatdp,vc_stages,2,FARM OPERATIONS STAGE BENEFICIARIES,Mnufaika wa Hatua ya Uendeshaji wa Shamba,active,2,,,,,,,,,schemas/reference-data/TACATDP_RefChoices.csv
tacatdp,vc_stages,3,INPUT SUPPLY STAGE BENEFICIARIES,Mnufaika wa Hatua ya Ugavi wa Pembejeo,active,3,,,,,,,,,schemas/reference-data/TACATDP_RefChoices.csv
tacatdp,vc_stages,4,WEEDING / FIELD MANAGEMENT STAGE BENEFICIARIES,Mnufaika wa Hatua ya Palizi na Usimamizi wa Shamba,active,4,,,,,,,,,schemas/reference-data/TACATDP_RefChoices.csv
tacatdp,vc_stages,5,PRE-HARVEST / PEST CONTROL STAGE BENEFICIARIES,Mnufaika wa Hatua ya Kabla ya Mavuno na Udhibiti wa Wadudu na Magonjwa,active,5,,,,,,,,,schemas/reference-data/TACATDP_RefChoices.csv
tacatdp,vc_stages,6,HARVESTING STAGE BENEFICIARIES,Mnufaika wa Hatua ya Uvunaji,active,6,,,,,,,,,schemas/reference-data/TACATDP_RefChoices.csv
tacatdp,vc_stages,7,POST-HARVEST HANDLING STAGE BENEFICIARIES,Mnufaika wa Hatua ya Ushughulikiaji wa Mazao Baada ya Mavuno,active,7,,,,,,,,,schemas/reference-data/TACATDP_RefChoices.csv
tacatdp,vc_stages,8,STORAGE / WAREHOUSING STAGE BENEFICIARIES,Mnufaika wa Hatua ya Uhifadhi na Ughala,active,8,,,,,,,,,schemas/reference-data/TACATDP_RefChoices.csv
tacatdp,vc_stages,9,CCROP TRANSPORT STAGE BENEFICIARIES,Mnufaika wa Hatua ya Usafirishaji wa Mazao,active,9,,,,,,,,,schemas/reference-data/TACATDP_RefChoices.csv
tacatdp,vc_stages,10,VALUE ADDITION/PROCESSING  STAGE BENEFICIARIES,Mnufaika wa Hatua ya Uongezaji Thamani na Uchakataji,active,10,,,,,,,,,schemas/reference-data/TACATDP_RefChoices.csv
tacatdp,vc_stages,11,AQUACULTURE PRODUCTION STAGE BENEFICIARIES,Mnufaika wa Hatua ya Uzalishaji wa Samaki kwa Njia ya Ufugaji wa Majini (Aquaculture),active,11,,,,,,,,,schemas/reference-data/TACATDP_RefChoices.csv
tacatdp,vc_stages,12,FISHERIES LANDING STAGE BENEFICIARIES,Mnufaika wa Hatua ya Utiaji wa Samaki Nchini (Fisheries Landing),active,12,,,,,,,,,schemas/reference-data/TACATDP_RefChoices.csv
tacatdp,vc_stages,13,AQUAPONICS SYSTEMS STAGE BENEFICIARIES,Mnufaika wa Hatua ya Mifumo ya Aquaponics,active,13,,,,,,,,,schemas/reference-data/TACATDP_RefChoices.csv
tacatdp,vc_stages,14,MARKETING / TRADING STAGE BENEFICIARIES,Mnufaika wa Hatua ya Masoko na Biashara,active,14,,,,,,,,,schemas/reference-data/TACATDP_RefChoices.csv
tacatdp,vc_stages,15,CONSUMPTION / USER STAGE BENEFICIARIES,Mnufaika wa Hatua ya Matumizi ya Bidhaa na Watumiaji,active,15,,,,,,,,,schemas/reference-data/TACATDP_RefChoices.csv
tacatdp,vc_stages,16,TRAINERS & TRAINEES STAGE BENEFICIARIES,Mnufaika wa Hatua ya Wakufunzi na Wanafunzwa,active,16,,,,,,,,,schemas/reference-data/TACATDP_RefChoices.csv
tacatdp,vc_stages,17,Farmer Group Collective Engagement in ARA/CSA Capacity Building and Adoption STAGE BENEFICIARIES,Mnufaika wa Hatua ya Ushiriki wa Vikundi vya Wakulima katika Ujenzi wa Uwezo na Utekelezaji wa ARA/CSA,active,17,,,,,,,,,schemas/reference-data/TACATDP_RefChoices.csv
tacatdp,vc_stages,18,OTHER VALUE CHAIN ACTIVITY STAGE BENEFICIARIES,Mnufaika wa Shughuli Nyingine za Mnyororo wa Thamani,active,18,,,,,,,,,schemas/reference-data/TACATDP_RefChoices.csv
tacatdp,risk_category,A,Category A,Kundi A,active,1,,,,,,,,,schemas/reference-data/TACATDP_RefChoices.csv
tacatdp,risk_category,B,Category B,Kundi B,active,2,,,,,,,,,schemas/reference-data/TACATDP_RefChoices.csv
tacatdp,risk_category,C,Category C,Kundi C,active,3,,,,,,,,,schemas/reference-data/TACATDP_RefChoices.csv
tacatdp,grievance_stage,1,"1)Drought / prolonged dry spells,",Ukame / vipindi virefu vya ukosefu wa mvua,active,1,,,,,,,,,schemas/reference-data/TACATDP_RefChoices.csv
tacatdp,grievance_stage,2,"2)Flooding / waterlogging,",Mafuriko / kujaa kwa maji mashambani,active,2,,,,,,,,,schemas/reference-data/TACATDP_RefChoices.csv
tacatdp,grievance_stage,3,"3)Erratic rainfall,",Mvua zisizotabirika,active,3,,,,,,,,,schemas/reference-data/TACATDP_RefChoices.csv
tacatdp,grievance_stage,4,"4)Heat stress / extreme temperatures,",Msongo wa joto / viwango vya juu vya joto,active,4,,,,,,,,,schemas/reference-data/TACATDP_RefChoices.csv
tacatdp,grievance_stage,5,"5)Strong winds / storms,",Upepo mkali / dhoruba,active,5,,,,,,,,,schemas/reference-data/TACATDP_RefChoices.csv
tacatdp,grievance_stage,6,"6)Soil erosion / land degradation,",Mmomonyoko wa udongo / uharibifu wa ardhi,active,6,,,,,,,,,schemas/reference-data/TACATDP_RefChoices.csv
tacatdp,grievance_stage,7,"7)Pest infestation,",Mashambulizi ya wadudu waharibifu,active,7,,,,,,,,,schemas/reference-data/TACATDP_RefChoices.csv
tacatdp,grievance_stage,8,"8)Crop diseases,",Magonjwa ya mazao,active,8,,,,,,,,,schemas/reference-data/TACATDP_RefChoices.csv
tacatdp,grievance_stage,9,"9)Livestock diseases,",Magonjwa ya mifugo,active,9,,,,,,,,,schemas/reference-data/TACATDP_RefChoices.csv
tacatdp,grievance_stage,10,"10)Unseasonal rains at harvest,",Mvua zisizo za msimu wakati wa mavuno,active,10,,,,,,,,,schemas/reference-data/TACATDP_RefChoices.csv
tacatdp,grievance_stage,11,"11)High humidity / aflatoxin contamination,",Unyevu mkubwa / uchafuzi wa aflatoksini,active,11,,,,,,,,,schemas/reference-data/TACATDP_RefChoices.csv
tacatdp,grievance_stage,12,"12)Post-harvest pest infestation,",Mashambulizi ya wadudu baada ya mavuno,active,12,,,,,,,,,schemas/reference-data/TACATDP_RefChoices.csv
tacatdp,grievance_stage,13,"13)Spoilage due to temperature changes,",Kuharibika kwa mazao kutokana na mabadiliko ya joto,active,13,,,,,,,,,schemas/reference-data/TACATDP_RefChoices.csv
tacatdp,grievance_stage,14,"14)Flood damage to storage and processing facilities,",Uharibifu wa maghala na vituo vya uchakataji kutokana na mafuriko,active,14,,,,,,,,,schemas/reference-data/TACATDP_RefChoices.csv
tacatdp,grievance_stage,15,"15)Power outages due to weather,",Kukatika kwa umeme kutokana na hali ya hewa,active,15,,,,,,,,,schemas/reference-data/TACATDP_RefChoices.csv
tacatdp,grievance_stage,16,"16)Water scarcity,",Uhaba wa maji,active,16,,,,,,,,,schemas/reference-data/TACATDP_RefChoices.csv
tacatdp,grievance_stage,17,"17)Transport disruption, including roads and bridges,","Kukatizwa kwa usafiri, ikijumuisha barabara na madaraja",active,17,,,,,,,,,schemas/reference-data/TACATDP_RefChoices.csv
tacatdp,grievance_stage,18,"18)Market access disruption,",Kukatizwa kwa upatikanaji wa masoko,active,18,,,,,,,,,schemas/reference-data/TACATDP_RefChoices.csv
tacatdp,grievance_stage,96,19)Other; Specify,Nyingine; Taja,active,19,,,,,,,,,schemas/reference-data/TACATDP_RefChoices.csv
tacatdp,climate_hazards,1,"1)Drought / prolonged dry spells,",Ukame au vipindi virefu vya ukosefu wa mvua,active,1,,,,,,,,,schemas/reference-data/TACATDP_RefChoices.csv
tacatdp,climate_hazards,2,"2)Flooding / waterlogging,",Mafuriko au kujaa kwa maji,active,2,,,,,,,,,schemas/reference-data/TACATDP_RefChoices.csv
tacatdp,climate_hazards,3,"3)Erratic rainfall,",Mvua zisizotabirika,active,3,,,,,,,,,schemas/reference-data/TACATDP_RefChoices.csv
tacatdp,climate_hazards,4,"4)Heat stress / extreme temperatures,",Joto kali au viwango vya juu vya joto,active,4,,,,,,,,,schemas/reference-data/TACATDP_RefChoices.csv
tacatdp,climate_hazards,5,"5)Strong winds / storms,",Upepo mkali au dhoruba,active,5,,,,,,,,,schemas/reference-data/TACATDP_RefChoices.csv
tacatdp,climate_hazards,6,"6)Soil erosion / land degradation,",Mmomonyoko wa udongo au uharibifu wa ardhi,active,6,,,,,,,,,schemas/reference-data/TACATDP_RefChoices.csv
tacatdp,climate_hazards,7,"7)Pest infestation,",Mashambulizi ya wadudu waharibifu,active,7,,,,,,,,,schemas/reference-data/TACATDP_RefChoices.csv
tacatdp,climate_hazards,8,"8)Crop diseases,",Magonjwa ya mazao,active,8,,,,,,,,,schemas/reference-data/TACATDP_RefChoices.csv
tacatdp,climate_hazards,9,"9)Livestock diseases,",Magonjwa ya mifugo,active,9,,,,,,,,,schemas/reference-data/TACATDP_RefChoices.csv
tacatdp,climate_hazards,10,"10)Unseasonal rains at harvest,",Mvua zisizo za msimu wakati wa mavuno,active,10,,,,,,,,,schemas/reference-data/TACATDP_RefChoices.csv
tacatdp,climate_hazards,11,"11)High humidity / aflatoxin contamination,",Unyevu mkubwa au uchafuzi wa aflatoksini,active,11,,,,,,,,,schemas/reference-data/TACATDP_RefChoices.csv
tacatdp,climate_hazards,12,"12)Post-harvest pest infestation,",Mashambulizi ya wadudu baada ya mavuno,active,12,,,,,,,,,schemas/reference-data/TACATDP_RefChoices.csv
tacatdp,climate_hazards,13,"13)Spoilage due to temperature changes,",Kuharibika kwa mazao au bidhaa kutokana na mabadiliko ya joto,active,13,,,,,,,,,schemas/reference-data/TACATDP_RefChoices.csv
tacatdp,climate_hazards,14,"14)Flood damage to storage and processing facilities,",Uharibifu wa maghala na vituo vya uchakataji kutokana na mafuriko,active,14,,,,,,,,,schemas/reference-data/TACATDP_RefChoices.csv
tacatdp,climate_hazards,15,"15)Power outages due to weather,",Kukatika kwa umeme kutokana na hali ya hewa,active,15,,,,,,,,,schemas/reference-data/TACATDP_RefChoices.csv
tacatdp,climate_hazards,16,"16)Water scarcity,",Uhaba wa maji,active,16,,,,,,,,,schemas/reference-data/TACATDP_RefChoices.csv
tacatdp,climate_hazards,17,"17)Transport disruption, including roads and bridges,","Kukatizwa kwa usafiri, ikiwemo barabara na madaraja",active,17,,,,,,,,,schemas/reference-data/TACATDP_RefChoices.csv
tacatdp,climate_hazards,18,"18)Market access disruption,",Kukatizwa kwa upatikanaji wa masoko,active,18,,,,,,,,,schemas/reference-data/TACATDP_RefChoices.csv
tacatdp,climate_hazards,96,19)Other; Specify,Nyingine; Tafadhali taja,active,19,,,,,,,,,schemas/reference-data/TACATDP_RefChoices.csv
tacatdp,frequently,1,"1)Every season,",Kila msimu,active,1,,,,,,,,,schemas/reference-data/TACATDP_RefChoices.csv
tacatdp,frequently,2,"2)Once a year,",Mara moja kwa mwaka,active,2,,,,,,,,,schemas/reference-data/TACATDP_RefChoices.csv
tacatdp,frequently,3,"3)Every 2–3 years,",Kila baada ya miaka 2–3,active,3,,,,,,,,,schemas/reference-data/TACATDP_RefChoices.csv
tacatdp,frequently,4,4)Rare,Mara chache,active,4,,,,,,,,,schemas/reference-data/TACATDP_RefChoices.csv
tacatdp,frequently,5,5)Not experienced,Haijawahi kutokea,active,5,,,,,,,,,schemas/reference-data/TACATDP_RefChoices.csv
tacatdp,collateral,1,Agricultural Land (titled/untitled),Ardhi ya Kilimo (yenye hati au isiyo na hati),active,1,,,,,,,,,schemas/reference-data/TACATDP_RefChoices.csv
tacatdp,collateral,2,Standing crops & tree crops / plantations,Mazao yaliyopo shambani na mazao ya miti / mashamba ya kudumu,active,2,,,,,,,,,schemas/reference-data/TACATDP_RefChoices.csv
tacatdp,collateral,3,Livestock,Mifugo,active,3,,,,,,,,,schemas/reference-data/TACATDP_RefChoices.csv
tacatdp,collateral,4,Farm equipment & irrigation systems,Vifaa vya kilimo na mifumo ya umwagiliaji,active,4,,,,,,,,,schemas/reference-data/TACATDP_RefChoices.csv
tacatdp,collateral,5,Greenhouse,Greenhouse (Nyumba ya Kitalu cha Kisasa),active,5,,,,,,,,,schemas/reference-data/TACATDP_RefChoices.csv
tacatdp,collateral,6,"Input inventory (seeds, fertilizer, agro‑chemicals)","Hifadhi ya pembejeo (mbegu, mbolea, viuatilifu na pembejeo nyingine za kilimo)",active,6,,,,,,,,,schemas/reference-data/TACATDP_RefChoices.csv
tacatdp,collateral,7,Agro‑dealer shop / market stall / shop,Duka la pembejeo za kilimo / kibanda cha soko / duka,active,7,,,,,,,,,schemas/reference-data/TACATDP_RefChoices.csv
tacatdp,collateral,8,Stored produce & finished goods,Mazao yaliyohifadhiwa na bidhaa zilizokamilika,active,8,,,,,,,,,schemas/reference-data/TACATDP_RefChoices.csv
tacatdp,collateral,9,Warehouse receipt,Stakabadhi ya ghala,active,9,,,,,,,,,schemas/reference-data/TACATDP_RefChoices.csv
tacatdp,collateral,10,Storage facility & cold storage,Ghala la kuhifadhia na hifadhi ya baridi,active,10,,,,,,,,,schemas/reference-data/TACATDP_RefChoices.csv
tacatdp,collateral,11,Processing machinery & processing plant,Mashine za uchakataji na kiwanda cha uchakataji,active,11,,,,,,,,,schemas/reference-data/TACATDP_RefChoices.csv
tacatdp,collateral,12,Transport vehicle,Chombo cha usafiri,active,12,,,,,,,,,schemas/reference-data/TACATDP_RefChoices.csv
tacatdp,collateral,13,Off‑take contract,Mkataba wa mauzo ya mazao au bidhaa (Off-take Contract),active,13,,,,,,,,,schemas/reference-data/TACATDP_RefChoices.csv
tacatdp,collateral,14,Cash deposits / savings & mobile money flows,Amana za fedha / akiba / miamala ya fedha kwa njia ya simu,active,14,,,,,,,,,schemas/reference-data/TACATDP_RefChoices.csv
tacatdp,collateral,15,Group guarantee (VSLA / SACCOS),Dhamana ya kikundi (VSLA / SACCOS),active,15,,,,,,,,,schemas/reference-data/TACATDP_RefChoices.csv
tacatdp,collateral,16,Insurance policy,Bima,active,16,,,,,,,,,schemas/reference-data/TACATDP_RefChoices.csv
tacatdp,collateral,17,Receivables (accounts receivable),Madeni yanayodaiwa kulipwa (Accounts Receivable),active,17,,,,,,,,,schemas/reference-data/TACATDP_RefChoices.csv
tacatdp,collateral,18,Carbon credits,Mikopo ya Kaboni (Carbon Credits),active,18,,,,,,,,,schemas/reference-data/TACATDP_RefChoices.csv
tacatdp,collateral,19,"Renewable energy asset (e.g. solar pump, biogas digester)",Rasilimali za nishati jadidifu (mfano pampu ya sola au mtambo wa biogas),active,19,,,,,,,,,schemas/reference-data/TACATDP_RefChoices.csv
tacatdp,collateral,96,Other (specify)Other (specify),Nyingine (Tafadhali taja),active,20,,,,,,,,,schemas/reference-data/TACATDP_RefChoices.csv
tacatdp,exposure_level,1,"Highly exposed,",Imeathiriwa sana,active,1,,,,,,,,,schemas/reference-data/TACATDP_RefChoices.csv
tacatdp,exposure_level,2,"Moderately exposed,",Imeathiriwa kwa kiwango cha kati,active,2,,,,,,,,,schemas/reference-data/TACATDP_RefChoices.csv
tacatdp,exposure_level,3,"Low exposure,",Imeathiriwa kwa kiwango kidogo,active,3,,,,,,,,,schemas/reference-data/TACATDP_RefChoices.csv
tacatdp,exposure_level,4,Not exposed.,Haijaathiriwa,active,4,,,,,,,,,schemas/reference-data/TACATDP_RefChoices.csv
tacatdp,insurance_year,year1,Year 1,Mwaka wa 1,active,1,,,,,,,,,schemas/reference-data/TACATDP_RefChoices.csv
tacatdp,insurance_year,year2,Year 2,Mwaka wa 2,active,2,,,,,,,,,schemas/reference-data/TACATDP_RefChoices.csv
tacatdp,insurance_year,year3,Year 3,Mwaka wa 3,active,3,,,,,,,,,schemas/reference-data/TACATDP_RefChoices.csv
tacatdp,insurance_year,year4,Year 4,Mwaka wa 4,active,4,,,,,,,,,schemas/reference-data/TACATDP_RefChoices.csv
tacatdp,insurance_year,year5,Year 5,Mwaka wa 5,active,5,,,,,,,,,schemas/reference-data/TACATDP_RefChoices.csv
tacatdp,insurance_type,wii,WII,WII,active,1,,,,,,,,,schemas/reference-data/TACATDP_RefChoices.csv
tacatdp,insurance_type,ayii,AYII,AYII,active,2,,,,,,,,,schemas/reference-data/TACATDP_RefChoices.csv
tacatdp,insurance_type,hybrid,Hybrid,Mseto,active,3,,,,,,,,,schemas/reference-data/TACATDP_RefChoices.csv
tacatdp,guarantee_coverage,50,0.5,0.5,active,1,,,,,,,,,schemas/reference-data/TACATDP_RefChoices.csv
tacatdp,guarantee_coverage,52_5,0.525,0.525,active,2,,,,,,,,,schemas/reference-data/TACATDP_RefChoices.csv
tacatdp,baseline_tech_list,1,"1)Diesel or petrol pumps, generators and farm machinery,","Pampu za dizeli au petroli, jenereta na mashine za kilimo zinazotumia mafuta.",active,1,,,,,,,,,schemas/reference-data/TACATDP_RefChoices.csv
tacatdp,baseline_tech_list,2,"2)Firewood, charcoal or coal-based cooking and processing systems,","Mifumo ya kupikia na kuchakata inayotumia kuni, mkaa au makaa ya mawe.",active,2,,,,,,,,,schemas/reference-data/TACATDP_RefChoices.csv
tacatdp,baseline_tech_list,3,"3)Traditional biomass stoves using firewood, charcoal or crop residues,","Majiko ya jadi ya biomasi yanayotumia kuni, mkaa au mabaki ya mazao.",active,3,,,,,,,,,schemas/reference-data/TACATDP_RefChoices.csv
tacatdp,baseline_tech_list,4,"4)Manual crop drying under open sun,",Ukaushaji wa mazao kwa njia ya kawaida chini ya jua wazi.,active,4,,,,,,,,,schemas/reference-data/TACATDP_RefChoices.csv
tacatdp,baseline_tech_list,5,"5)Traditional fish drying under open sun,",Ukaushaji wa samaki kwa njia ya kawaida chini ya jua wazi.,active,5,,,,,,,,,schemas/reference-data/TACATDP_RefChoices.csv
tacatdp,baseline_tech_list,6,"6)Firewood, charcoal or coal-based crop drying,","Ukaushaji wa mazao unaotumia kuni, mkaa au makaa ya mawe.",active,6,,,,,,,,,schemas/reference-data/TACATDP_RefChoices.csv
tacatdp,baseline_tech_list,7,"7)Firewood, charcoal or coal-based fish drying or smoking,","Ukaushaji au uvushaji wa samaki unaotumia kuni, mkaa au makaa ya mawe.",active,7,,,,,,,,,schemas/reference-data/TACATDP_RefChoices.csv
tacatdp,baseline_tech_list,8,"8)Grid electricity with inefficient appliances or equipment,",Umeme wa gridi unaotumia vifaa au mashine zisizo na ufanisi wa matumizi ya nishati.,active,8,,,,,,,,,schemas/reference-data/TACATDP_RefChoices.csv
tacatdp,baseline_tech_list,9,"9)Traditional flood irrigation,",Umwagiliaji wa jadi wa kufurika mashamba (flood irrigation).,active,9,,,,,,,,,schemas/reference-data/TACATDP_RefChoices.csv
tacatdp,baseline_tech_list,10,"10)Manual irrigation using buckets, watering cans or manual pumps,","Umwagiliaji wa mikono kwa kutumia ndoo, mikebe ya kumwagilia au pampu za mkono.",active,10,,,,,,,,,schemas/reference-data/TACATDP_RefChoices.csv
tacatdp,baseline_tech_list,11,"11)Old inefficient farm machinery,",Mashine za zamani za kilimo zisizo na ufanisi.,active,11,,,,,,,,,schemas/reference-data/TACATDP_RefChoices.csv
tacatdp,baseline_tech_list,12,"12)Old inefficient agro-processing machines, including mills, dryers and oil presses,","Mashine za zamani za usindikaji wa mazao zisizo na ufanisi, ikijumuisha mashine za kusaga, kukausha na kukamua mafuta.",active,12,,,,,,,,,schemas/reference-data/TACATDP_RefChoices.csv
tacatdp,baseline_tech_list,96,13)Other; Specify.,Nyingine; Tafadhali eleza.,active,13,,,,,,,,,schemas/reference-data/TACATDP_RefChoices.csv
tacatdp,new_tech_list,1,"1)Solar water pumping systems for irrigation and aquaculture,",Mifumo ya kusukuma maji kwa nishati ya jua kwa ajili ya umwagiliaji na ufugaji wa samaki.,active,1,,,,,,,,,schemas/reference-data/TACATDP_RefChoices.csv
tacatdp,new_tech_list,2,"2)Solar-powered irrigation systems, including drip and sprinkler,","Mifumo ya umwagiliaji inayotumia nishati ya jua, ikijumuisha umwagiliaji wa matone (drip irrigation) na wa kunyunyizia maji (sprinkler irrigation).",active,2,,,,,,,,,schemas/reference-data/TACATDP_RefChoices.csv
tacatdp,new_tech_list,3,"3)Solar-powered agro-processing machines, including milling and oil extraction,","Mashine za usindikaji wa mazao zinazotumia nishati ya jua, ikijumuisha kusaga na kukamua mafuta.",active,3,,,,,,,,,schemas/reference-data/TACATDP_RefChoices.csv
tacatdp,new_tech_list,4,"4)Solar dryers for crops, fruits, spices and fish,","Vikaushio vya mazao, matunda, viungo na samaki vinavyotumia nishati ya jua.",active,4,,,,,,,,,schemas/reference-data/TACATDP_RefChoices.csv
tacatdp,new_tech_list,5,"5)Solar cold rooms, refrigeration and ice-making systems,","Maghala baridi, mifumo ya jokofu na utengenezaji wa barafu inayotumia nishati ya jua.",active,5,,,,,,,,,schemas/reference-data/TACATDP_RefChoices.csv
tacatdp,new_tech_list,6,"6)Solar-powered aquaculture systems, including aeration, pumping and hatchery support,","Mifumo ya ufugaji wa samaki inayotumia nishati ya jua, ikijumuisha uingizaji hewa majini (aeration), usukumiaji wa maji na usaidizi wa mazalia ya samaki (hatcheries).",active,6,,,,,,,,,schemas/reference-data/TACATDP_RefChoices.csv
tacatdp,new_tech_list,7,"7)Solar-powered fish landing and productive-use facilities,",Vituo vya kushushia samaki na miundombinu mingine ya uzalishaji inayotumia nishati ya jua.,active,7,,,,,,,,,schemas/reference-data/TACATDP_RefChoices.csv
tacatdp,new_tech_list,8,"8)Biogas digesters and biogas-powered cooking or processing systems,",Mitambo ya kuzalisha biogesi na mifumo ya kupikia au kuchakata inayotumia biogesi.,active,8,,,,,,,,,schemas/reference-data/TACATDP_RefChoices.csv
tacatdp,new_tech_list,9,"9)Biomass energy systems using rice husks, bagasse and agro-waste,","Mifumo ya nishati ya biomasi inayotumia maganda ya mpunga, mabaki ya miwa (bagasse) na taka za mazao ya kilimo.",active,9,,,,,,,,,schemas/reference-data/TACATDP_RefChoices.csv
tacatdp,new_tech_list,10,"10)Energy-efficient electric motors, pumps and compressors,","Mota za umeme, pampu na vikandamizi hewa (compressors) vyenye ufanisi mkubwa wa matumizi ya nishati.",active,10,,,,,,,,,schemas/reference-data/TACATDP_RefChoices.csv
tacatdp,new_tech_list,11,"11)Energy-efficient agro-processing equipment, including milling, oil press, dairy and fish processing,","Vifaa vya usindikaji wa mazao vyenye ufanisi mkubwa wa matumizi ya nishati, ikijumuisha mashine za kusaga, kukamua mafuta, kusindika maziwa na kusindika samaki.",active,11,,,,,,,,,schemas/reference-data/TACATDP_RefChoices.csv
tacatdp,new_tech_list,12,"12)Energy-efficient refrigeration, cooling and preservation equipment,","Vifaa vya jokofu, kupoza na kuhifadhi mazao vyenye ufanisi mkubwa wa matumizi ya nishati.",active,12,,,,,,,,,schemas/reference-data/TACATDP_RefChoices.csv
tacatdp,new_tech_list,13,"13)Battery storage and hybrid systems, including solar-battery and solar-grid systems,","Mifumo ya kuhifadhi nishati kwa betri na mifumo mseto, ikijumuisha mifumo ya jua na betri (solar-battery) na mifumo ya jua na gridi ya umeme (solar-grid).",active,13,,,,,,,,,schemas/reference-data/TACATDP_RefChoices.csv
tacatdp,new_tech_list,96,14)Other Eligible; Specify,Teknolojia nyingine zinazostahili; Tafadhali eleza.,active,14,,,,,,,,,schemas/reference-data/TACATDP_RefChoices.csv
tacatdp,energy_base_list,1,"1)Diesel,","1)Diesel,",active,1,,,,,,,,,schemas/reference-data/TACATDP_RefChoices.csv
tacatdp,energy_base_list,2,"2)Petrol,","2)Petrol,",active,2,,,,,,,,,schemas/reference-data/TACATDP_RefChoices.csv
tacatdp,energy_base_list,3,"3)Kerosene,","3)Kerosene,",active,3,,,,,,,,,schemas/reference-data/TACATDP_RefChoices.csv
tacatdp,energy_base_list,4,"4)Firewood,","4)Firewood,",active,4,,,,,,,,,schemas/reference-data/TACATDP_RefChoices.csv
tacatdp,energy_base_list,5,"5)Charcoal,","5)Charcoal,",active,5,,,,,,,,,schemas/reference-data/TACATDP_RefChoices.csv
tacatdp,energy_base_list,6,"6)Coal,","6)Coal,",active,6,,,,,,,,,schemas/reference-data/TACATDP_RefChoices.csv
tacatdp,energy_base_list,7,"7)Heavy fuel oil,","7)Heavy fuel oil,",active,7,,,,,,,,,schemas/reference-data/TACATDP_RefChoices.csv
tacatdp,energy_base_list,8,"8)Furnace oil,","8)Furnace oil,",active,8,,,,,,,,,schemas/reference-data/TACATDP_RefChoices.csv
tacatdp,energy_base_list,9,"9)Non-renewable grid electricity,","9)Non-renewable grid electricity,",active,9,,,,,,,,,schemas/reference-data/TACATDP_RefChoices.csv
tacatdp,energy_base_list,96,10)Other conventional / non-clean energy source; Specify,10)Other conventional / non-clean energy source; Specify,active,10,,,,,,,,,schemas/reference-data/TACATDP_RefChoices.csv
tacatdp,energy_after_list,1,"1)Solar-powered irrigation,",Umwagiliaji unaotumia nishati ya jua.,active,1,,,,,,,,,schemas/reference-data/TACATDP_RefChoices.csv
tacatdp,energy_after_list,2,"2)Solar water pumping,",Mifumo ya kusukuma maji kwa nishati ya jua.,active,2,,,,,,,,,schemas/reference-data/TACATDP_RefChoices.csv
tacatdp,energy_after_list,3,"3)Solar cold storage and refrigeration,",Maghala baridi na mifumo ya majokofu inayotumia nishati ya jua.,active,3,,,,,,,,,schemas/reference-data/TACATDP_RefChoices.csv
tacatdp,energy_after_list,4,"4)Solar dryers for crops, spices and fish,","Vikaushio vya mazao, viungo na samaki vinavyotumia nishati ya jua.",active,4,,,,,,,,,schemas/reference-data/TACATDP_RefChoices.csv
tacatdp,energy_after_list,5,"5)Solar agro-processing equipment,",Vifaa vya usindikaji wa mazao vinavyotumia nishati ya jua.,active,5,,,,,,,,,schemas/reference-data/TACATDP_RefChoices.csv
tacatdp,energy_after_list,6,"6)Solar aquaculture aeration systems,",Mifumo ya uingizaji hewa kwenye mabwawa ya samaki (aeration) inayotumia nishati ya jua.,active,6,,,,,,,,,schemas/reference-data/TACATDP_RefChoices.csv
tacatdp,energy_after_list,7,"7)Solar-powered hatchery systems,",Mifumo ya mazalia ya samaki (hatcheries) inayotumia nishati ya jua.,active,7,,,,,,,,,schemas/reference-data/TACATDP_RefChoices.csv
tacatdp,energy_after_list,8,"8)Solar-powered fish landing facilities,",Vituo vya kushushia samaki vinavyotumia nishati ya jua.,active,8,,,,,,,,,schemas/reference-data/TACATDP_RefChoices.csv
tacatdp,energy_after_list,9,"9)Biogas from manure and organic waste,",Biogesi inayotokana na samadi na taka za kikaboni.,active,9,,,,,,,,,schemas/reference-data/TACATDP_RefChoices.csv
tacatdp,energy_after_list,10,"10)Biomass energy from crop residues,",Nishati ya biomasi inayotokana na mabaki ya mazao.,active,10,,,,,,,,,schemas/reference-data/TACATDP_RefChoices.csv
tacatdp,energy_after_list,11,"11)Efficient electric motors and pumps,",Mota za umeme na pampu zenye ufanisi mkubwa wa matumizi ya nishati.,active,11,,,,,,,,,schemas/reference-data/TACATDP_RefChoices.csv
tacatdp,energy_after_list,12,"12)Energy-efficient refrigeration and cooling,",Mifumo ya majokofu na kupoza yenye ufanisi mkubwa wa matumizi ya nishati.,active,12,,,,,,,,,schemas/reference-data/TACATDP_RefChoices.csv
tacatdp,energy_after_list,13,"13)Electric or induction cooking systems,",Mifumo ya kupikia kwa umeme au majiko ya induction.,active,13,,,,,,,,,schemas/reference-data/TACATDP_RefChoices.csv
tacatdp,energy_after_list,14,"14)Low-emission or hybrid tractors and farm machinery,",Matrekta na mashine za kilimo zenye uzalishaji mdogo wa hewa ukaa au zinazotumia teknolojia mseto (hybrid).,active,14,,,,,,,,,schemas/reference-data/TACATDP_RefChoices.csv
tacatdp,energy_after_list,15,"15)Non-diesel agro-processing units and hybrid productive-use equipment,",Vituo vya usindikaji wa mazao visivyotumia dizeli na vifaa vya uzalishaji vinavyotumia teknolojia mseto (hybrid).,active,15,,,,,,,,,schemas/reference-data/TACATDP_RefChoices.csv
tacatdp,energy_after_list,16,"16)Battery storage and hybrid clean energy systems,",Mifumo ya kuhifadhi nishati kwa betri na mifumo mseto ya nishati safi.,active,16,,,,,,,,,schemas/reference-data/TACATDP_RefChoices.csv
tacatdp,energy_after_list,96,17)Other Eligible; Specify,Teknolojia nyingine zinazostahili; Tafadhali eleza,active,17,,,,,,,,,schemas/reference-data/TACATDP_RefChoices.csv
tacatdp,water_tech_list,1,"1)Drip irrigation systems,",Mfumo wa umwagiliaji wa matone (Drip Irrigation),active,1,,,,,,,,,schemas/reference-data/TACATDP_RefChoices.csv
tacatdp,water_tech_list,2,"2)Solar-powered drip irrigation systems,",Mfumo wa umwagiliaji wa matone unaotumia nishati ya jua,active,2,,,,,,,,,schemas/reference-data/TACATDP_RefChoices.csv
tacatdp,water_tech_list,3,"3)Sprinkler irrigation systems,",Mfumo wa umwagiliaji wa kunyunyizia maji (Sprinkler Irrigation),active,3,,,,,,,,,schemas/reference-data/TACATDP_RefChoices.csv
tacatdp,water_tech_list,4,"4)Solar-powered sprinkler irrigation systems,",Mfumo wa umwagiliaji wa kunyunyizia maji unaotumia nishati ya jua,active,4,,,,,,,,,schemas/reference-data/TACATDP_RefChoices.csv
tacatdp,water_tech_list,5,"5)Borehole irrigation with solar pumping,",Umwagiliaji kwa kutumia kisima kirefu na pampu ya nishati ya jua,active,5,,,,,,,,,schemas/reference-data/TACATDP_RefChoices.csv
tacatdp,water_tech_list,6,"6)River/lake abstraction with solar pumping, where legally permitted,",Umwagiliaji kwa kutumia maji kutoka mto au ziwa na pampu ya nishati ya jua pale ambapo unaruhusiwa kisheria,active,6,,,,,,,,,schemas/reference-data/TACATDP_RefChoices.csv
tacatdp,water_tech_list,7,"7)Rainwater harvesting irrigation systems,",Mfumo wa umwagiliaji kwa kuvuna na kuhifadhi maji ya mvua,active,7,,,,,,,,,schemas/reference-data/TACATDP_RefChoices.csv
tacatdp,water_tech_list,8,"8)Farm pond and charco dam irrigation systems,",Mfumo wa umwagiliaji kwa kutumia bwawa la shambani au bwawa la Charco,active,8,,,,,,,,,schemas/reference-data/TACATDP_RefChoices.csv
tacatdp,water_tech_list,9,"9)Water storage tanks and reservoir-based irrigation,",Mfumo wa umwagiliaji unaotumia matenki ya kuhifadhi maji au mabwawa ya hifadhi,active,9,,,,,,,,,schemas/reference-data/TACATDP_RefChoices.csv
tacatdp,water_tech_list,10,"10)Gravity-fed irrigation systems,",Mfumo wa umwagiliaji unaotumia mtiririko wa maji kwa nguvu ya mwinuko (Gravity-fed Irrigation),active,10,,,,,,,,,schemas/reference-data/TACATDP_RefChoices.csv
tacatdp,water_tech_list,11,"11)Canal irrigation improvement, including lining, desilting and flow regulation,","Uboreshaji wa mifereji ya umwagiliaji ikijumuisha kuweka tabaka la kuzuia uvujaji wa maji, kuondoa tope na kudhibiti mtiririko wa maji",active,11,,,,,,,,,schemas/reference-data/TACATDP_RefChoices.csv
tacatdp,water_tech_list,12,"12)Paddy water management systems, including controlled flooding and drainage,",Mfumo wa usimamizi wa maji kwenye mashamba ya mpunga ikijumuisha kufurika kwa kudhibitiwa na uondoshaji wa maji,active,12,,,,,,,,,schemas/reference-data/TACATDP_RefChoices.csv
tacatdp,water_tech_list,13,"13)Land levelling for paddy or similar irrigated fields to improve water-use efficiency,",Kusawazisha ardhi kwa mashamba ya mpunga au mashamba mengine ya umwagiliaji ili kuongeza ufanisi wa matumizi ya maji,active,13,,,,,,,,,schemas/reference-data/TACATDP_RefChoices.csv
tacatdp,water_tech_list,14,"14)Micro-irrigation systems for horticulture and high-value crops,",Mfumo wa umwagiliaji wa kiwango kidogo (Micro-irrigation) kwa mazao ya bustani na mazao yenye thamani kubwa,active,14,,,,,,,,,schemas/reference-data/TACATDP_RefChoices.csv
tacatdp,water_tech_list,15,"15)Precision irrigation systems using sensors, timers or moisture monitoring,","Mfumo wa umwagiliaji wa kisasa unaotumia vihisi (sensors), vipima muda (timers) au vifaa vya kufuatilia unyevunyevu wa udongo",active,15,,,,,,,,,schemas/reference-data/TACATDP_RefChoices.csv
tacatdp,water_tech_list,16,"16)Efficient electric pump irrigation systems,",Mfumo wa umwagiliaji unaotumia pampu za umeme zenye ufanisi mkubwa,active,16,,,,,,,,,schemas/reference-data/TACATDP_RefChoices.csv
tacatdp,water_tech_list,17,"17)Hybrid solar-grid irrigation systems,",Mfumo wa umwagiliaji unaotumia mchanganyiko wa nishati ya jua na umeme wa gridi ya taifa,active,17,,,,,,,,,schemas/reference-data/TACATDP_RefChoices.csv
tacatdp,water_tech_list,18,"18)Low-pressure irrigation systems for smallholder farmers,",Mfumo wa umwagiliaji wa shinikizo la chini kwa wakulima wadogo,active,18,,,,,,,,,schemas/reference-data/TACATDP_RefChoices.csv
tacatdp,water_tech_list,96,19)Other Eligible; Specify.,"Nyingine zinazostahili, taja:",active,19,,,,,,,,,schemas/reference-data/TACATDP_RefChoices.csv
tacatdp,irr_base_list,1,"1)Rainfed farming with no water management system,",Kilimo cha kutegemea mvua bila mfumo wa usimamizi wa maji,active,1,,,,,,,,,schemas/reference-data/TACATDP_RefChoices.csv
tacatdp,irr_base_list,2,"2)Traditional flood irrigation,",Umwagiliaji wa jadi kwa kufurikisha maji shambani,active,2,,,,,,,,,schemas/reference-data/TACATDP_RefChoices.csv
tacatdp,irr_base_list,3,"3)Uncontrolled paddy flooding,",Kufurika kwa mashamba ya mpunga bila udhibiti wa kiwango cha maji,active,3,,,,,,,,,schemas/reference-data/TACATDP_RefChoices.csv
tacatdp,irr_base_list,4,"4)Diesel-powered pump irrigation,",Umwagiliaji unaotumia pampu za dizeli,active,4,,,,,,,,,schemas/reference-data/TACATDP_RefChoices.csv
tacatdp,irr_base_list,5,"5)Petrol-powered pump irrigation,",Umwagiliaji unaotumia pampu za petroli,active,5,,,,,,,,,schemas/reference-data/TACATDP_RefChoices.csv
tacatdp,irr_base_list,6,"6)Manual irrigation using buckets or watering cans,",Umwagiliaji wa mikono kwa kutumia ndoo au mikebe ya kumwagilia maji,active,6,,,,,,,,,schemas/reference-data/TACATDP_RefChoices.csv
tacatdp,irr_base_list,7,"7)Open canal irrigation with high seepage losses,",Umwagiliaji kupitia mifereji ya wazi yenye upotevu mkubwa wa maji kutokana na kuvuja ardhini,active,7,,,,,,,,,schemas/reference-data/TACATDP_RefChoices.csv
tacatdp,irr_base_list,8,"8)Unlined canal irrigation,",Umwagiliaji kupitia mifereji isiyo na tabaka la kuzuia uvujaji wa maji,active,8,,,,,,,,,schemas/reference-data/TACATDP_RefChoices.csv
tacatdp,irr_base_list,9,"9)Poorly maintained irrigation canals with siltation,",Umwagiliaji kupitia mifereji isiyotunzwa vizuri yenye mkusanyiko wa tope,active,9,,,,,,,,,schemas/reference-data/TACATDP_RefChoices.csv
tacatdp,irr_base_list,10,"10)Over-irrigation without scheduling or water measurement,",Umwagiliaji wa maji kupita kiasi bila ratiba au kipimo cha matumizi ya maji,active,10,,,,,,,,,schemas/reference-data/TACATDP_RefChoices.csv
tacatdp,irr_base_list,11,"11)Gravity irrigation with poor flow control,",Umwagiliaji wa mtiririko wa maji kwa nguvu ya mwinuko wenye udhibiti hafifu wa mtiririko wa maji,active,11,,,,,,,,,schemas/reference-data/TACATDP_RefChoices.csv
tacatdp,irr_base_list,12,"12)Traditional furrow irrigation with high water loss,",Umwagiliaji wa mifereji ya matuta (furrow irrigation) wa jadi wenye upotevu mkubwa wa maji,active,12,,,,,,,,,schemas/reference-data/TACATDP_RefChoices.csv
tacatdp,irr_base_list,13,"13)Inefficient basin irrigation without drainage control,",Umwagiliaji wa mabonde (basin irrigation) usio na ufanisi na usio na udhibiti wa mifumo ya kutoa maji,active,13,,,,,,,,,schemas/reference-data/TACATDP_RefChoices.csv
tacatdp,irr_base_list,14,"14)Irrigation without water storage or harvesting system,",Umwagiliaji usio na mfumo wa kuhifadhi au kuvuna maji,active,14,,,,,,,,,schemas/reference-data/TACATDP_RefChoices.csv
tacatdp,irr_base_list,96,15)Other Non-Sustainable / Inefficient Practice; Specify,"Mbinu nyingine zisizo endelevu au zisizo na ufanisi, taja: __",active,15,,,,,,,,,schemas/reference-data/TACATDP_RefChoices.csv
tacatdp,reporting_period,year1,Year 1,Mwaka wa 1,active,1,,,,,,,,,schemas/reference-data/TACATDP_RefChoices.csv
tacatdp,reporting_period,year2,Year 2,Mwaka wa 2,active,2,,,,,,,,,schemas/reference-data/TACATDP_RefChoices.csv
tacatdp,reporting_period,year3,Year 3,Mwaka wa 3,active,3,,,,,,,,,schemas/reference-data/TACATDP_RefChoices.csv
tacatdp,reporting_period,endline,Endline,Tathmini ya mwisho,active,4,,,,,,,,,schemas/reference-data/TACATDP_RefChoices.csv
tacatdp,cost_item,1,Land clearing,Usafishaji wa shamba,active,1,,,,,,,,,schemas/reference-data/TACATDP_RefChoices.csv
tacatdp,cost_item,2,Ploughing,Kulima,active,2,,,,,,,,,schemas/reference-data/TACATDP_RefChoices.csv
tacatdp,cost_item,3,Tractor hire,Kukodi trekta,active,3,,,,,,,,,schemas/reference-data/TACATDP_RefChoices.csv
tacatdp,cost_item,4,Seeds,Mbegu,active,4,,,,,,,,,schemas/reference-data/TACATDP_RefChoices.csv
tacatdp,cost_item,5,Fertilizer,Mbolea,active,5,,,,,,,,,schemas/reference-data/TACATDP_RefChoices.csv
tacatdp,cost_item,6,Herbicides,Dawa za kuua magugu,active,6,,,,,,,,,schemas/reference-data/TACATDP_RefChoices.csv
tacatdp,cost_item,7,Manure,Mbolea ya samadi,active,7,,,,,,,,,schemas/reference-data/TACATDP_RefChoices.csv
tacatdp,cost_item,8,Irrigation water,Maji ya umwagiliaji,active,8,,,,,,,,,schemas/reference-data/TACATDP_RefChoices.csv
tacatdp,cost_item,9,Irrigation fuel,Mafuta ya umwagiliaji,active,9,,,,,,,,,schemas/reference-data/TACATDP_RefChoices.csv
tacatdp,cost_item,10,Scouting,Ukaguzi wa shamba,active,10,,,,,,,,,schemas/reference-data/TACATDP_RefChoices.csv
tacatdp,cost_item,11,Harvest labour,Gharama za wafanyakazi wa kuvuna,active,11,,,,,,,,,schemas/reference-data/TACATDP_RefChoices.csv
tacatdp,cost_item,12,Drying materials,Vifaa vya kukaushia mazao,active,12,,,,,,,,,schemas/reference-data/TACATDP_RefChoices.csv
tacatdp,cost_item,13,Storage bags,Magunia ya kuhifadhia,active,13,,,,,,,,,schemas/reference-data/TACATDP_RefChoices.csv
tacatdp,cost_item,14,Cold room,Ghala la baridi,active,14,,,,,,,,,schemas/reference-data/TACATDP_RefChoices.csv
tacatdp,cost_item,15,Transport,Usafirishaji,active,15,,,,,,,,,schemas/reference-data/TACATDP_RefChoices.csv
tacatdp,cost_item,16,Milling,Kusaga,active,16,,,,,,,,,schemas/reference-data/TACATDP_RefChoices.csv
tacatdp,cost_item,17,Packaging,Ufungashaji,active,17,,,,,,,,,schemas/reference-data/TACATDP_RefChoices.csv
tacatdp,cost_item,18,Market fees,Ada za soko,active,18,,,,,,,,,schemas/reference-data/TACATDP_RefChoices.csv
tacatdp,cost_item,19,Insurance,Bima,active,19,,,,,,,,,schemas/reference-data/TACATDP_RefChoices.csv
tacatdp,cost_item,20,Interest,Riba,active,20,,,,,,,,,schemas/reference-data/TACATDP_RefChoices.csv
tacatdp,cost_item,21,Monitoring,Ufuatiliaji,active,21,,,,,,,,,schemas/reference-data/TACATDP_RefChoices.csv
tacatdp,unit_measure,man_day,Man-day,Siku ya kazi,active,1,,,,,,,,,schemas/reference-data/TACATDP_RefChoices.csv
tacatdp,unit_measure,person,Person,Mtu,active,2,,,,,,,,,schemas/reference-data/TACATDP_RefChoices.csv
tacatdp,unit_measure,hour,Hour,Saa,active,3,,,,,,,,,schemas/reference-data/TACATDP_RefChoices.csv
tacatdp,unit_measure,day,Day,Siku,active,4,,,,,,,,,schemas/reference-data/TACATDP_RefChoices.csv
tacatdp,unit_measure,acre,Acre,Ekari,active,5,,,,,,,,,schemas/reference-data/TACATDP_RefChoices.csv
tacatdp,unit_measure,hectare,Hectare,Hekta,active,6,,,,,,,,,schemas/reference-data/TACATDP_RefChoices.csv
tacatdp,unit_measure,plot,Plot,Kiwanja,active,7,,,,,,,,,schemas/reference-data/TACATDP_RefChoices.csv
tacatdp,unit_measure,kg,Kilogram (kg),Kilogramu (kg),active,8,,,,,,,,,schemas/reference-data/TACATDP_RefChoices.csv
tacatdp,unit_measure,gram,Gram (g),Gramu (g),active,9,,,,,,,,,schemas/reference-data/TACATDP_RefChoices.csv
tacatdp,unit_measure,tonne,Tonne,Tani,active,10,,,,,,,,,schemas/reference-data/TACATDP_RefChoices.csv
tacatdp,unit_measure,bag,Bag,Gunia,active,11,,,,,,,,,schemas/reference-data/TACATDP_RefChoices.csv
tacatdp,unit_measure,sack,Sack,Mfuko,active,12,,,,,,,,,schemas/reference-data/TACATDP_RefChoices.csv
tacatdp,unit_measure,bucket,Bucket,Ndoo,active,13,,,,,,,,,schemas/reference-data/TACATDP_RefChoices.csv
tacatdp,unit_measure,crate,Crate,Kreti,active,14,,,,,,,,,schemas/reference-data/TACATDP_RefChoices.csv
tacatdp,unit_measure,tray,Tray,Trei,active,15,,,,,,,,,schemas/reference-data/TACATDP_RefChoices.csv
tacatdp,unit_measure,bunch,Bunch,Fungu,active,16,,,,,,,,,schemas/reference-data/TACATDP_RefChoices.csv
tacatdp,unit_measure,piece,Piece,Kipande,active,17,,,,,,,,,schemas/reference-data/TACATDP_RefChoices.csv
tacatdp,unit_measure,seedling,Seedling,Mche,active,18,,,,,,,,,schemas/reference-data/TACATDP_RefChoices.csv
tacatdp,unit_measure,tree,Tree,Mti,active,19,,,,,,,,,schemas/reference-data/TACATDP_RefChoices.csv
tacatdp,unit_measure,litre,Litre (L),Lita (L),active,20,,,,,,,,,schemas/reference-data/TACATDP_RefChoices.csv
tacatdp,unit_measure,ml,Millilitre (ml),Mililita (ml),active,21,,,,,,,,,schemas/reference-data/TACATDP_RefChoices.csv
tacatdp,unit_measure,cubic_metre,Cubic metre (m³),Meta za ujazo (m³),active,22,,,,,,,,,schemas/reference-data/TACATDP_RefChoices.csv
tacatdp,unit_measure,km,Kilometre (km),Kilomita (km),active,23,,,,,,,,,schemas/reference-data/TACATDP_RefChoices.csv
tacatdp,unit_measure,trip,Trip,Safari,active,24,,,,,,,,,schemas/reference-data/TACATDP_RefChoices.csv
tacatdp,unit_measure,month,Month,Mwezi,active,25,,,,,,,,,schemas/reference-data/TACATDP_RefChoices.csv
tacatdp,unit_measure,season,Season,Msimu,active,26,,,,,,,,,schemas/reference-data/TACATDP_RefChoices.csv
tacatdp,unit_measure,unit,Unit,Kipimo,active,27,,,,,,,,,schemas/reference-data/TACATDP_RefChoices.csv
tacatdp,unit_measure,kwh,Kilowatt-hour (kWh),Kilowati saa (kWh),active,28,,,,,,,,,schemas/reference-data/TACATDP_RefChoices.csv
tacatdp,unit_measure,litre_fuel,Litre of fuel,Lita ya mafuta,active,29,,,,,,,,,schemas/reference-data/TACATDP_RefChoices.csv
tacatdp,unit_measure,percent,Percent (%),Asilimia (%),active,30,,,,,,,,,schemas/reference-data/TACATDP_RefChoices.csv
tacatdp,unit_measure,lump_sum,Lump sum,Jumla ya malipo,active,31,,,,,,,,,schemas/reference-data/TACATDP_RefChoices.csv
tacatdp,intervention,1,Improved seeds,Mbegu bora,active,1,,,,,,,,,schemas/reference-data/TACATDP_RefChoices.csv
tacatdp,intervention,2,Improved seedlings,Miche bora,active,2,,,,,,,,,schemas/reference-data/TACATDP_RefChoices.csv
tacatdp,intervention,3,Fertilizer support,Msaada wa mbolea,active,3,,,,,,,,,schemas/reference-data/TACATDP_RefChoices.csv
tacatdp,intervention,4,Organic manure,Mbolea ya samadi,active,4,,,,,,,,,schemas/reference-data/TACATDP_RefChoices.csv
tacatdp,intervention,5,Agricultural lime,Chokaa ya kilimo,active,5,,,,,,,,,schemas/reference-data/TACATDP_RefChoices.csv
tacatdp,intervention,6,Irrigation system,Mfumo wa umwagiliaji,active,6,,,,,,,,,schemas/reference-data/TACATDP_RefChoices.csv
tacatdp,intervention,7,Solar irrigation pump,Pampu ya umwagiliaji ya nishati ya jua,active,7,,,,,,,,,schemas/reference-data/TACATDP_RefChoices.csv
tacatdp,intervention,8,Rainwater harvesting,Uvunaji wa maji ya mvua,active,8,,,,,,,,,schemas/reference-data/TACATDP_RefChoices.csv
tacatdp,intervention,9,Farm mechanisation,Matumizi ya mashine za kilimo,active,9,,,,,,,,,schemas/reference-data/TACATDP_RefChoices.csv
tacatdp,intervention,10,Tractor services,Huduma za trekta,active,10,,,,,,,,,schemas/reference-data/TACATDP_RefChoices.csv
tacatdp,intervention,11,Herbicides,Dawa za kuua magugu,active,11,,,,,,,,,schemas/reference-data/TACATDP_RefChoices.csv
tacatdp,intervention,12,Pesticides,Dawa za kuua wadudu,active,12,,,,,,,,,schemas/reference-data/TACATDP_RefChoices.csv
tacatdp,intervention,13,Integrated pest management,Usimamizi shirikishi wa wadudu,active,13,,,,,,,,,schemas/reference-data/TACATDP_RefChoices.csv
tacatdp,intervention,14,Agricultural extension services,Huduma za ugani,active,14,,,,,,,,,schemas/reference-data/TACATDP_RefChoices.csv
tacatdp,intervention,15,Farmer training,Mafunzo kwa wakulima,active,15,,,,,,,,,schemas/reference-data/TACATDP_RefChoices.csv
tacatdp,intervention,16,Climate and weather information,Taarifa za hali ya hewa na tabianchi,active,16,,,,,,,,,schemas/reference-data/TACATDP_RefChoices.csv
tacatdp,intervention,17,Agroforestry,Kilimo mseto na miti,active,17,,,,,,,,,schemas/reference-data/TACATDP_RefChoices.csv
tacatdp,intervention,18,Soil conservation,Uhifadhi wa udongo,active,18,,,,,,,,,schemas/reference-data/TACATDP_RefChoices.csv
tacatdp,intervention,19,Water conservation,Uhifadhi wa maji,active,19,,,,,,,,,schemas/reference-data/TACATDP_RefChoices.csv
tacatdp,intervention,20,Post-harvest handling,Ushughulikiaji baada ya mavuno,active,20,,,,,,,,,schemas/reference-data/TACATDP_RefChoices.csv
tacatdp,intervention,21,Improved storage facilities,Vifaa bora vya kuhifadhi,active,21,,,,,,,,,schemas/reference-data/TACATDP_RefChoices.csv
tacatdp,intervention,22,Cold storage,Hifadhi ya baridi,active,22,,,,,,,,,schemas/reference-data/TACATDP_RefChoices.csv
tacatdp,intervention,23,Processing equipment,Vifaa vya uchakataji,active,23,,,,,,,,,schemas/reference-data/TACATDP_RefChoices.csv
tacatdp,intervention,24,Value addition,Uongezaji thamani,active,24,,,,,,,,,schemas/reference-data/TACATDP_RefChoices.csv
tacatdp,intervention,25,Improved packaging,Ufungashaji bora,active,25,,,,,,,,,schemas/reference-data/TACATDP_RefChoices.csv
tacatdp,intervention,26,Market linkages,Uunganishaji na masoko,active,26,,,,,,,,,schemas/reference-data/TACATDP_RefChoices.csv
tacatdp,intervention,27,Collective marketing,Uuzaji wa pamoja,active,27,,,,,,,,,schemas/reference-data/TACATDP_RefChoices.csv
tacatdp,intervention,28,Digital marketing,Uuzaji wa kidijitali,active,28,,,,,,,,,schemas/reference-data/TACATDP_RefChoices.csv
tacatdp,intervention,29,Financial services,Huduma za kifedha,active,29,,,,,,,,,schemas/reference-data/TACATDP_RefChoices.csv
tacatdp,intervention,30,Agricultural insurance,Bima ya kilimo,active,30,,,,,,,,,schemas/reference-data/TACATDP_RefChoices.csv
tacatdp,intervention,31,Agricultural credit,Mikopo ya kilimo,active,31,,,,,,,,,schemas/reference-data/TACATDP_RefChoices.csv
tacatdp,intervention,32,Farmer groups/cooperatives,Vikundi au vyama vya wakulima,active,32,,,,,,,,,schemas/reference-data/TACATDP_RefChoices.csv
tacatdp,intervention,33,Quality certification,Uthibitishaji wa ubora,active,33,,,,,,,,,schemas/reference-data/TACATDP_RefChoices.csv
tacatdp,intervention,34,Renewable energy technologies,Teknolojia za nishati jadidifu,active,34,,,,,,,,,schemas/reference-data/TACATDP_RefChoices.csv
tacatdp,intervention,35,Technical monitoring and follow-up,Ufuatiliaji wa kitaalamu,active,35,,,,,,,,,schemas/reference-data/TACATDP_RefChoices.csv
tacatdp,intervention,96,Other (specify),Nyingine (taja),active,36,,,,,,,,,schemas/reference-data/TACATDP_RefChoices.csv
tacatdp,adaptation_result,1,Increased crop yield,Kuongezeka kwa mavuno,active,1,,,,,,,,,schemas/reference-data/TACATDP_RefChoices.csv
tacatdp,adaptation_result,2,Stable crop production,Kuimarika kwa uthabiti wa uzalishaji,active,2,,,,,,,,,schemas/reference-data/TACATDP_RefChoices.csv
tacatdp,adaptation_result,3,Reduced production costs,Kupungua kwa gharama za uzalishaji,active,3,,,,,,,,,schemas/reference-data/TACATDP_RefChoices.csv
tacatdp,adaptation_result,4,Increased farm income,Kuongezeka kwa mapato ya kilimo,active,4,,,,,,,,,schemas/reference-data/TACATDP_RefChoices.csv
tacatdp,adaptation_result,5,Increased profitability,Kuongezeka kwa faida,active,5,,,,,,,,,schemas/reference-data/TACATDP_RefChoices.csv
tacatdp,adaptation_result,6,Improved product quality,Kuimarika kwa ubora wa mazao,active,6,,,,,,,,,schemas/reference-data/TACATDP_RefChoices.csv
tacatdp,adaptation_result,7,Reduced post-harvest losses,Kupungua kwa upotevu baada ya mavuno,active,7,,,,,,,,,schemas/reference-data/TACATDP_RefChoices.csv
tacatdp,adaptation_result,8,Improved storage capacity,Kuboreshwa kwa uwezo wa kuhifadhi,active,8,,,,,,,,,schemas/reference-data/TACATDP_RefChoices.csv
tacatdp,adaptation_result,9,Improved processing capacity,Kuboreshwa kwa uwezo wa uchakataji,active,9,,,,,,,,,schemas/reference-data/TACATDP_RefChoices.csv
tacatdp,adaptation_result,10,Improved market access,Kuongezeka kwa upatikanaji wa masoko,active,10,,,,,,,,,schemas/reference-data/TACATDP_RefChoices.csv
tacatdp,adaptation_result,11,Better selling prices,Bei bora za mauzo,active,11,,,,,,,,,schemas/reference-data/TACATDP_RefChoices.csv
tacatdp,adaptation_result,12,Increased sales volume,Kuongezeka kwa mauzo,active,12,,,,,,,,,schemas/reference-data/TACATDP_RefChoices.csv
tacatdp,adaptation_result,13,Improved water use efficiency,Matumizi bora ya maji,active,13,,,,,,,,,schemas/reference-data/TACATDP_RefChoices.csv
tacatdp,adaptation_result,14,Improved energy efficiency,Matumizi bora ya nishati,active,14,,,,,,,,,schemas/reference-data/TACATDP_RefChoices.csv
tacatdp,adaptation_result,15,Improved soil fertility and health,Kuimarika kwa rutuba na afya ya udongo,active,15,,,,,,,,,schemas/reference-data/TACATDP_RefChoices.csv
tacatdp,adaptation_result,16,Increased climate resilience,Kuongezeka kwa uwezo wa kukabiliana na mabadiliko ya tabianchi,active,16,,,,,,,,,schemas/reference-data/TACATDP_RefChoices.csv
tacatdp,adaptation_result,17,Improved drought resilience,Kuongezeka kwa uwezo wa kukabiliana na ukame,active,17,,,,,,,,,schemas/reference-data/TACATDP_RefChoices.csv
tacatdp,adaptation_result,18,Better pest and disease management,Kuboreshwa kwa udhibiti wa wadudu na magonjwa,active,18,,,,,,,,,schemas/reference-data/TACATDP_RefChoices.csv
tacatdp,adaptation_result,19,Improved household food security,Kuimarika kwa usalama wa chakula wa kaya,active,19,,,,,,,,,schemas/reference-data/TACATDP_RefChoices.csv
tacatdp,adaptation_result,20,Improved household nutrition,Kuboreshwa kwa lishe ya kaya,active,20,,,,,,,,,schemas/reference-data/TACATDP_RefChoices.csv
tacatdp,adaptation_result,21,Increased employment opportunities,Kuongezeka kwa fursa za ajira,active,21,,,,,,,,,schemas/reference-data/TACATDP_RefChoices.csv
tacatdp,adaptation_result,22,Increased participation of women and youth,Kuongezeka kwa ushiriki wa wanawake na vijana,active,22,,,,,,,,,schemas/reference-data/TACATDP_RefChoices.csv
tacatdp,adaptation_result,23,Improved access to financial services,Kuongezeka kwa upatikanaji wa huduma za kifedha,active,23,,,,,,,,,schemas/reference-data/TACATDP_RefChoices.csv
tacatdp,adaptation_result,24,Improved farming knowledge and skills,Kuongezeka kwa maarifa na ujuzi wa kilimo,active,24,,,,,,,,,schemas/reference-data/TACATDP_RefChoices.csv
tacatdp,adaptation_result,25,Improved environmental conservation,Kuimarika kwa uhifadhi wa mazingira,active,25,,,,,,,,,schemas/reference-data/TACATDP_RefChoices.csv
tacatdp,adaptation_result,26,Reduced greenhouse gas emissions,Kupungua kwa uzalishaji wa gesi chafu,active,26,,,,,,,,,schemas/reference-data/TACATDP_RefChoices.csv
tacatdp,adaptation_result,27,Improved household livelihoods,Kuboreshwa kwa maisha ya kaya,active,27,,,,,,,,,schemas/reference-data/TACATDP_RefChoices.csv
tacatdp,adaptation_result,96,Other (specify),Nyingine (taja),active,28,,,,,,,,,schemas/reference-data/TACATDP_RefChoices.csv
tacatdp,verification,1,Farmer interview,Mahojiano na mkulima,active,1,,,,,,,,,schemas/reference-data/TACATDP_RefChoices.csv
tacatdp,verification,2,Field observation,Uchunguzi wa shambani,active,2,,,,,,,,,schemas/reference-data/TACATDP_RefChoices.csv
tacatdp,verification,3,Field measurement,Vipimo vya shambani,active,3,,,,,,,,,schemas/reference-data/TACATDP_RefChoices.csv
tacatdp,verification,4,Farm production records,Rekodi za uzalishaji wa shambani,active,4,,,,,,,,,schemas/reference-data/TACATDP_RefChoices.csv
tacatdp,verification,5,Sales records,Rekodi za mauzo,active,5,,,,,,,,,schemas/reference-data/TACATDP_RefChoices.csv
tacatdp,verification,6,Purchase receipts,Risiti za ununuzi,active,6,,,,,,,,,schemas/reference-data/TACATDP_RefChoices.csv
tacatdp,verification,7,Input purchase receipts,Risiti za ununuzi wa pembejeo,active,7,,,,,,,,,schemas/reference-data/TACATDP_RefChoices.csv
tacatdp,verification,8,Loan records,Rekodi za mkopo,active,8,,,,,,,,,schemas/reference-data/TACATDP_RefChoices.csv
tacatdp,verification,9,Farmer group or cooperative records,Rekodi za kikundi au chama cha ushirika,active,9,,,,,,,,,schemas/reference-data/TACATDP_RefChoices.csv
tacatdp,verification,10,Warehouse or storage records,Rekodi za ghala au hifadhi,active,10,,,,,,,,,schemas/reference-data/TACATDP_RefChoices.csv
tacatdp,verification,11,Extension officer verification,Uthibitisho wa afisa ugani,active,11,,,,,,,,,schemas/reference-data/TACATDP_RefChoices.csv
tacatdp,verification,12,Relationship Manager verification,Uthibitisho wa Meneja wa Mahusiano,active,12,,,,,,,,,schemas/reference-data/TACATDP_RefChoices.csv
tacatdp,verification,13,TACATDP project records,Rekodi za mradi wa TACATDP,active,13,,,,,,,,,schemas/reference-data/TACATDP_RefChoices.csv
tacatdp,verification,14,Digital platform records,Rekodi za mfumo wa kidijitali,active,14,,,,,,,,,schemas/reference-data/TACATDP_RefChoices.csv
tacatdp,verification,15,GPS coordinates and photographs,Koordinati za GPS na picha,active,15,,,,,,,,,schemas/reference-data/TACATDP_RefChoices.csv
tacatdp,verification,16,Community validation,Uthibitisho wa jamii,active,16,,,,,,,,,schemas/reference-data/TACATDP_RefChoices.csv
tacatdp,verification,96,Other (specify),Nyingine (taja),active,17,,,,,,,,,schemas/reference-data/TACATDP_RefChoices.csv
